100,20.49502673401608,34.60652421381218,49.35981675948795,32.06218640508494,38,43.91
200,-66.07998674393879,23.98511922764383,28.729327605185762,11.757811017251582,30,42.644
300,-12.800520880443004,33.31185639364513,49.43189282822663,39.28689505191473,38,43.699
400,-8.781058986351933,23.91084216241986,41.22733401509388,24.153917731898506,34,43.073
500,-125.35982543725693,10.999693594912674,3.78357288145854,-9.75012643426269,27,70.326
600,-314.3245283107062,-26.92447649943373,2.5310898412113882,-36.608190288306446,19,64.701
700,-73.28128063323558,-7.986813200760473,13.407516963836041,-1.4921718941487052,28,64.538
800,-100.01555511142513,-27.153547292931925,3.92317146297611,-21.60197781308528,20,65.482
900,-130.0147161243196,-50.957449168199474,-2.6234466940224275,-13.883496099052918,18,65.862
1000,-25.837733134937874,3.6374191057257472,13.471411148023575,8.919368732714247,30,66.247
1100,-77.08627281319428,-11.153022642776559,-6.824544455041605,-7.744066676774969,23,68.274
1200,-78.81090759179817,-17.69825110754188,-1.8008078295038745,-0.43765353744053215,22,66.579
1300,-60.62495686613273,-9.07005171396063,1.9629738929876492,1.2329424300612288,24,66.169
1400,0.8544696863558329,1.3697936273402656,15.094783888681166,14.623974890176111,29,65.282
1500,-0.98739157335333,13.504504405506786,14.733711547791843,16.046271909846908,31,66.359
1600,-27.991092048050792,7.571392008479868,-2.168029920814204,8.62661881595231,27,64.356
1700,-154.16654066423453,-45.5553925265012,-16.322435105005944,-31.76978922871122,16,69.04
1800,-44.77100522336643,-0.17019686711561063,11.200252801849143,1.0594692425419419,29,64.448
1900,-23.28081954530262,14.65212380944746,21.539833992522595,13.020086079468198,32,66.152
2000,-140.84083939064564,-35.72340235264385,-16.854569877993388,-34.127583353090984,15,66.261
2100,-78.6791910471229,-11.835746858068424,-1.4473991254681626,-6.730930199522832,26,69.09
2200,-81.22788591936454,-17.125497217247695,-7.060841535760073,-21.22066758438059,20,68.759
2300,-183.63024531745106,-28.293813973005296,-11.21375904081859,-11.432537380061328,18,65.323
2400,-8.200978552388106,18.013319624345037,21.427061197729927,7.711247883691607,30,63.532
2500,2.856193273196178,15.512175155953841,18.77380139061033,6.538513577845142,31,64.324
2600,22.058827791138327,12.052936770837096,34.731919565204045,11.926550731026687,34,65.365
2700,63.268177902222426,40.474319615407396,47.74091138814019,34.39173745428126,41,60.591
2800,-14.313084876518792,10.7419733638098,13.422652773391576,0.31909218835876824,30,66.028
2900,9.23354015155721,20.329341342658168,23.37110320676462,18.65102222350315,33,64.264
3000,-26.64595869308775,8.708936627710624,3.610696098719643,0.8126641678332628,29,66.7
3100,-10.541874064820327,26.81494450598156,14.648408498031262,19.038685187934544,36,64.724
3200,-82.10021570780043,-22.138269031644096,1.7031191150522647,0.45713798936478733,26,65.677
3300,-56.05798948515695,6.169235497812249,4.1920037478473775,-4.835217160767724,27,66.909
3400,23.51581518835179,34.71683786819515,19.57924509190366,17.434436740097937,33,62.89
3500,23.887963134982666,18.9254682938744,23.734675123055577,11.386658797046582,33,66.225
3600,78.01447000359283,34.645941804776015,48.31193502648424,41.03074633337881,39,60.847
3700,-28.708995178005615,4.375071157799684,1.4441295435257533,8.644179543133268,28,65.07
3800,33.03810297795517,22.6092861779633,26.561079625731786,23.657959981005405,35,63.847
3900,1.4229340552222771,13.68577341399158,14.861442312108107,14.267242943524275,29,65.172
4000,20.447196270852157,32.93273031387984,24.93302817554825,15.854396456423851,34,63.782
4100,27.826065808672023,26.40833650967418,26.94142648294107,22.450418016884154,33,65.16
4200,51.316308701470916,23.364600095037254,43.822807715576936,29.20079514686089,38,65.969
4300,98.17901308683629,44.57487840776294,52.62362101829869,41.95932236673459,42,63.826
4400,6.243554610515528,31.291456130239762,17.760626981520385,29.574471437584652,35,65.177
4500,99.29984435045787,52.814887705128804,30.01741061141506,51.2773231807711,42,64.255
4600,64.74819174421998,48.29541667501829,29.696273002938806,42.94545264727978,39,63.226
4700,181.26332095110195,70.50387735502278,64.52862182105879,72.08725483536222,53,60.843
4800,228.5363619885393,95.59905073158252,77.8519560452914,97.34400414888914,60,59.464
4900,113.67476428221872,51.73529807847112,37.967976046418514,44.99208777598534,43,64.301
5000,161.84607643092716,75.23919794446357,74.02760343090318,70.74947006990122,52,60.086
5100,120.27383598091221,59.11676510797034,57.336513607036586,51.877714103979066,43,61.357
5200,115.7277890429094,59.80271176102687,63.937290970981614,50.595955963557316,46,62.908
5300,104.98205169017113,58.23442098265254,68.58037056641457,55.46318522394065,46,61.991
5400,266.2736888099213,95.6855271866275,94.97699998089611,93.71832448286575,58,58.658
5500,209.89362241083438,76.81694696480558,85.06850498385985,83.39617411972077,54,60.314
5600,276.34876711421697,98.8484232319693,105.64852224497704,99.03977466763394,61,56.768
5700,225.99043992431805,83.3645062011219,91.31156894310197,86.76370710130175,58,59.603
5800,188.86800647907555,72.42962789430507,79.70654865487917,73.29480171533501,52,60.066
5900,203.91710485221236,81.72333110321176,84.51069822741921,81.1704675622236,54,56.563
6000,102.92082533693252,51.621522440874706,59.63875302185932,37.31366886145615,42,58.552
6100,199.69793951619508,88.45225575769939,80.69129791030194,73.26223914363658,55,60.895
6200,223.6437272101389,86.16580152079312,88.22285399247174,79.83223416705165,56,56.926
6300,270.0361306709564,103.20361152446813,105.2125351900011,99.05787680811014,60,56.595
6400,257.0329555411506,102.36662201793199,94.87443281816611,95.3012554714731,60,59.325
6500,271.9343326852919,102.78460778567477,97.63606474087115,98.38518114042262,62,58.211
6600,265.199756291271,100.04332278497881,102.89768928393711,98.01293361348276,60,56.333
6700,308.1151438987907,115.40140518570888,115.29165869330413,109.18951336306235,66,58.13
6800,309.65942583824193,116.28747004508153,115.0460217676307,119.91629710751546,65,58.283
6900,284.6077284861138,102.80323942746045,102.21379259047536,109.98160768352619,65,57.242
7000,257.15675095285906,103.73777023890412,105.90961669701537,107.32902251131203,62,56.775
7100,336.6092074574881,126.52918077330844,125.60506544754044,121.11962473647526,70,54.047
7200,270.26902256270364,96.74022849764864,97.78855545819363,99.62615036080513,60,58.435
7300,336.5626780755302,122.03261706294069,129.12896834954415,125.64268449121838,71,54.61
7400,309.28580960744074,118.52107526915137,117.17241930350708,111.8135083243076,67,57.672
7500,272.3266479855379,99.62364003896435,101.3414714152273,100.31339690382895,59,54.335
7600,284.6694350312381,110.47451186917684,108.3890379048218,115.99084582053538,67,55.476
7700,306.5168026490913,121.43387967603545,118.5210008994328,116.19458806252392,66,53.041
7800,319.0572162678174,116.85505937456603,121.32428198389816,115.67894735919603,68,57.028
7900,346.05664457853004,124.23448382099792,127.63253165267506,121.53292727276585,70,55.438
8000,199.74107500722388,85.19842354901961,82.10822079302295,85.30353231549147,53,59.909
8100,292.5351220284713,105.418639220472,103.66280579350413,106.46310488440808,63,53.639
8200,178.57432770543008,77.84058851711629,74.24007182198571,79.91520002210785,52,58.464
8300,264.7594912916451,98.80275548698494,106.98036055573499,110.15866138958603,62,55.605
8400,328.9414075057573,125.11984289112428,124.047286056404,126.63601303001651,69,53.303
8500,401.39821752661214,144.41102075618682,140.72052507540312,143.90178504165823,77,54.421
8600,321.7783066836975,118.1860049181991,123.14997041163014,125.09474876345703,70,53.123
8700,227.32017198191198,94.85772159531963,99.09271231652605,104.30271769587198,59,58.446
8800,218.9696076703155,83.61060196848233,94.48855690168136,92.79383071914468,57,57.453
8900,345.01850822373706,123.3267714964061,123.75459990876871,120.43042419116881,70,50.276
9000,352.6960860726211,121.55265124317935,131.99829972199518,123.79780425829136,72,53.125
9100,279.04835058718834,112.13071581872576,115.0480960822048,112.86765646123658,65,55.3
9200,277.4989758879575,104.31716075541843,109.90801418851406,110.21916519213815,63,54.402
9300,323.03379707607826,117.53700983650339,122.71628709950144,121.66522598620692,68,52.57
9400,371.89440429003696,131.28841037113804,138.51696006526373,139.91843682986072,75,48.816
9500,356.0600702486218,124.16898157283828,131.47198763640054,129.63101328041813,71,50.618
9600,352.542988416426,133.50013274988433,131.81108413024162,132.02751096177602,74,50.643
9700,257.44967705348535,94.01059617518835,99.51059745138308,98.5768137552483,59,53.587
9800,303.27412528531096,121.45650284818939,119.79497909500937,120.19807639187019,68,51.736
9900,398.9018651722538,142.87501290677307,144.74262156690241,139.924523839264,77,47.572
10000,244.31433558987308,97.79267463162816,99.90673942273186,106.39549852139986,61,52.593
10100,342.6260770378158,126.31675271338818,125.91149833256641,129.97387290657878,72,51.709
10200,349.86609532930305,129.80509748754375,123.22164651208266,131.76066527451385,73,50.886
10300,374.6435157922926,134.89235410654118,134.86593958833768,136.6877218871226,74,48.767
10400,429.2143145693966,156.7885154475722,148.33228249724843,156.16647294677,81,47.732
10500,340.6466194736019,126.82035463161824,127.88815239258021,133.03441840263687,73,51.154
10600,329.8530940306598,130.44070250496588,117.03692335081952,130.56096069229315,71,50.038
10700,345.8519900097321,125.96344707080632,115.46775703984754,126.75551586667216,70,50.575
10800,421.73923596203343,150.41758830235256,144.75292713612325,149.91465142538235,81,50.12
10900,350.4473224300494,129.07744601543007,122.2152161464806,132.09529900295192,71,47.656
11000,350.94019598767716,134.04511272150538,124.45585973589448,129.6525447225189,73,49.443
11100,305.50637508100647,119.67173538229812,107.96348058351519,114.4308445916914,67,50.242
11200,423.25311023330426,150.3727905211285,150.48723510430509,150.09362615116095,82,46.781
11300,353.20411598531535,136.65111789627463,129.11316579765568,133.83986056045697,74,49.389
11400,383.7089329406801,139.68328783667363,143.785456831911,142.65047983879566,76,49.953
11500,365.76869173086,128.69396984197417,128.2119809419736,135.60152315989046,73,48.255
11600,382.4740281901133,143.19953387869077,136.91834894665672,149.24636696600044,77,48.774
11700,406.78899828684587,140.86496413316516,140.43819064633774,149.61458322901794,77,46.827
11800,396.1276268560598,149.22784828293734,140.87953272642528,144.11920033999004,79,49.324
11900,422.55357320708686,146.1627429048716,152.4608163636122,153.2681667501059,81,48.133
12000,391.6781271702475,139.6629520936427,137.92023222741608,141.99339095502364,77,50.847
12100,403.0336570719856,141.46725495980442,140.12848299108214,147.1874680721274,77,52.168
12200,390.5131033745248,140.08025222747585,142.71092146326103,142.43948914742407,78,50.522
12300,446.67479292819354,158.3840498615126,154.81459754970783,157.91268172535948,83,50.27
12400,326.23162422089626,129.66067153035254,133.9004428707374,133.24677842086115,73,49.749
12500,305.1179795669183,120.77401710917384,124.5519418812276,136.347189076102,70,50.994
12600,323.69907514865554,115.51429402280408,111.9982559953929,124.95053237423534,70,52.973
12700,285.53290915655265,107.16694362937538,106.79983853050231,114.8582111446893,67,54.634
12800,332.5530428055078,112.17613722670168,127.07851925213771,130.87044420298068,71,53.703
12900,332.4570187493497,125.02187963660194,119.24076749474123,138.12431433928043,72,51.051
13000,244.2521405735348,111.94036298027777,105.2693567855777,120.07237131916261,67,52.108
13100,338.7806789331475,122.04834040754116,124.16214159083079,130.84233707685894,72,54.504
13200,347.3282355947761,132.11772244485724,124.02930100535723,132.97422522841796,73,48.54
13300,390.1953534822336,134.2012497802534,147.1192435311297,150.63634863060682,77,49.885
13400,294.8842491154276,111.18580213134345,114.19694740956713,121.63710473829855,67,51.675
13500,285.88785033582604,109.1964652866879,112.0453864609691,120.2285660394982,64,51.722
13600,339.8340841055182,132.68444320593906,130.20470360798842,137.49236863499263,72,49.432
13700,352.0661523565479,125.78676692969027,134.5664815001754,139.09901971809694,75,51.354
13800,379.92183003771794,135.53767522867452,134.42480846766807,144.4272048039319,74,49.754
13900,338.51804901897935,127.92091036969695,129.11111947443803,132.4592170963739,71,50.524
14000,247.68833694603356,99.05400925119727,110.11761868975553,111.50817698229348,63,53.503
14100,422.57031164261406,153.37613707357218,153.47859294865657,162.0079040165925,81,47.369
14200,353.86225378122504,127.87113291147197,131.14747759517698,135.69443607179147,73,50.562
14300,359.57926162966805,129.07603991088993,133.92668254707246,127.16037268451907,72,48.196
14400,401.96302341976394,145.0780043683891,145.02464482093876,149.91818578628335,78,48.85
14500,363.66191153607195,135.05959634663327,131.26540686859346,138.6742873024818,74,49.723
14600,362.29489715661987,129.6171220243724,134.63862524575762,136.80398656733905,73,49.352
14700,470.3157571902511,161.8310319942966,169.16369392410152,171.2605141197866,87,47.242
14800,354.73839419638347,128.1598784715817,134.880074132276,136.32686650950427,73,49.3
14900,388.1093407267562,131.7286908473414,141.0651584118339,142.82940989034572,76,50.707
15000,464.33987197331743,162.1363292418995,163.34788101632407,165.47624449857344,85,47.974
15100,374.4230725383475,124.01661084892281,138.2261968774114,139.54417310010783,75,50.815
15200,325.1898908600562,119.49402442267468,126.13887816313243,131.38808121922787,72,52.529
15300,397.0968966989516,145.5682898175253,141.8248826123851,147.7682977801555,78,50.841
15400,416.60284215173965,136.49218899089206,144.38945540766778,148.7420223092438,76,51.282
15500,354.7255955033916,112.04354804948365,132.33148367793422,134.14771188663138,71,49.969
15600,422.91633651968635,146.4000782795756,148.65356318727083,154.3625938311492,80,50.456
15700,397.57335397798096,131.98534394476272,140.10910794419138,147.7560810027875,76,45.533
15800,338.2239849876354,120.52367636138744,131.50418373864142,129.06060421140475,70,49.193
15900,316.6806543492753,105.23860598857507,120.1941079106838,121.91751756468743,67,50.426
16000,336.318354677083,128.34665633836164,134.33658222878265,134.43864624731313,72,50.485
16100,309.4841258817121,111.35653550940592,124.68701216988133,128.50452576975948,69,50.402
16200,381.2223541573117,141.9401748042014,146.77569124373807,141.27442056969394,77,52.014
16300,336.9804840050249,106.50496941816681,126.96432585424063,132.98102144082844,71,47.842
16400,374.048868911657,130.76581470755525,134.64953326525378,142.1562836501777,75,49.974
16500,398.2333631221563,142.42366221740266,147.5793307842473,149.9945002572164,80,50.357
16600,441.10674872846675,159.53284729687704,157.5097766611377,157.21118636887107,83,47.374
16700,385.4557314012907,135.94710709464306,149.36144414969812,149.5460234649894,79,49.264
16800,402.0754691530364,142.59044299857277,150.89959414104197,157.10387757120176,80,49.792
16900,419.3461375785891,149.12635492741435,146.66526892690587,154.78547762785766,82,48.926
17000,394.58655409532054,139.39201141322422,148.26832669092497,150.64212254541582,77,48.773
17100,372.7128408898056,129.98713426326034,137.67774938019286,136.2375555894183,74,49.905
17200,358.5795615231838,134.58982140137093,135.4236252710202,139.11480545859047,74,50.653
17300,311.23768612936556,117.49646601278306,127.65782965436159,133.16200970192696,71,51.457
17400,381.5303236244788,139.55939628453464,136.49858784872993,141.36253716176623,75,50.761
17500,393.10648261761935,141.3669874125498,141.66890166576363,148.16139268484764,78,51.231
17600,410.1754794095925,148.81492913342856,150.49774048055156,151.69973467392393,79,49.87
17700,435.99096486607385,151.89055461371981,153.50694662025552,152.09011912222954,81,47.736
17800,389.02633096806,149.48761453926937,154.31875342057893,153.49812244192185,80,48.74
17900,405.77041033531975,136.2126133966111,148.81809721477836,145.61054643795416,79,49.837
18000,393.5822794122373,137.94263657843894,140.9450495700597,144.6762977094316,75,49.685
18100,353.7464973070382,119.05638265937473,127.02710934577954,137.88451916774818,72,50.526
18200,402.2489327906576,148.33236260693974,145.24801413457678,145.49509776942904,77,49.382
18300,346.73560979638336,122.79968145101455,137.13244791477877,141.48306442799208,74,50.205
18400,396.78950539468946,143.3920594020917,145.72907117302492,149.58266456666195,78,49.475
18500,359.5938582892166,130.4324270957478,134.49073123133115,135.80875987805447,74,52.403
18600,418.47168214279395,136.56634326378602,158.6853554241718,158.46636781771645,81,49.945
18700,437.10602973451734,144.02350840187933,156.92624222104286,157.80740132087197,82,48.792
18800,399.9516837008654,138.81275781682146,146.83002820606876,149.2495259032479,78,49.072
18900,378.00579024711607,136.4851131317239,130.61446379686564,135.91138670701918,73,51.4
19000,467.8105981433479,165.05456475816197,167.64832977218768,170.0813015524922,87,47.699
19100,408.5670065053525,142.62565835286304,146.2984729176588,147.75265170544998,78,48.37
19200,446.82128956480693,157.59755271393922,158.96263296717035,163.75120547728503,84,47.953
19300,334.03687112177585,124.04099528708726,134.9262737855272,138.05694905271713,75,50.66
19400,413.57280992436347,148.80427795116532,150.30547553697093,152.66098104285263,80,48.494
19500,359.40892199117974,133.54705502839056,137.35567161114955,142.53374277096194,75,48.584
19600,375.13668204790787,137.35134292988653,134.92691358532946,139.9107210286407,76,52.221
19700,428.87853234627886,152.0955971928447,151.71216726308893,149.5058543518986,80,47.611
19800,391.71483755478533,145.2545059202064,145.83900335287817,146.0896183036729,77,48.499
19900,468.07091839333816,163.21639309976388,167.31755355604645,168.30494226398355,85,46.227
20000,417.5374022621017,143.56424754736682,152.48208863512383,147.64858112112745,77,48.639
20100,397.9247168080438,142.85914702152473,151.3408723751114,138.7025986652902,79,50.651
20200,370.1186690717916,129.43182834359632,133.70650966920994,133.95503254383866,73,49.304
20300,423.8203047847221,152.9301087988388,155.28762272041078,152.10153941618108,79,46.355
20400,349.4952860822656,130.71785838720746,137.1216734835744,141.16097876341186,74,52.614
20500,371.6885647526856,136.74561523459332,137.56028033122658,140.16099078685863,75,47.61
20600,401.3814194002256,142.04815658540662,146.743247061836,139.47076150844975,77,49.22
20700,407.81712635936003,149.80565932263062,145.43128635133112,147.17896886684363,79,49.542
20800,398.35210284018206,150.7558759750679,148.83777746459046,151.57664033169382,80,48.606
20900,467.7724421209388,160.64563044189399,159.46107800021548,160.22658545273453,85,49.972
21000,446.15272283065576,161.49867725961013,162.52687525252853,158.02269482174688,83,47.09
21100,376.3177215681377,136.09638842395856,139.9090893509779,143.03861087765765,76,49.304
21200,408.04114387268135,156.13398487237555,150.88156627749783,152.42242239280492,81,50.519
21300,453.93433820107157,160.58836491588065,163.6968058134724,165.60506360347873,83,47.328
21400,408.60055292689685,146.23180389671197,150.40185939761,154.97626070698482,79,46.707
21500,390.93244677267086,145.38787725673646,143.71774468097837,145.86197783016962,79,50.632
21600,404.1037342001055,148.11070021292318,143.76845457912137,155.2548287053994,79,50.031
21700,419.6127979987437,154.0827062153768,147.97742582240187,153.7424158608977,81,49.498
21800,369.54236905803737,142.76897804831984,136.2138491330438,143.77408040050992,76,48.94
21900,437.3466198589967,155.06492786860963,152.52860230430227,150.6325960886981,81,47.936
22000,365.1464044360284,139.44282144075464,136.71839999375635,141.1313845731458,75,50.312
22100,335.03920812100586,123.82063494350002,127.75124646104352,128.59867936609854,69,50.92
22200,472.7849415703406,163.41865307993797,168.38856256068192,167.99292679447902,85,47.228
22300,399.9619582293471,148.22034379009162,143.3566008708338,144.22779804822824,79,48.499
22400,398.9616868568277,141.4819581923945,144.6948253543764,143.7779709758751,76,47.539
22500,440.18017973361975,156.2573843324244,162.55631614787714,163.15619789464614,82,49.596
22600,415.99646020061437,150.94642608112733,147.899001623827,148.28673139922424,78,47.018
22700,437.4978903276427,160.2102606947134,160.33196622692813,159.39433103640525,82,48.982
22800,329.33348487717177,132.81854308975232,128.43398554960058,125.32905644069633,72,50.134
22900,493.08397879249674,173.18180052695334,169.70888637901825,171.78042874200386,88,47.359
23000,356.6683999950639,131.40965682950318,133.49361118516367,139.71746282892067,74,53.585
23100,395.06693626841894,148.09680553912128,138.05344981005473,148.07573092439316,78,50.468
23200,363.68702216089594,126.5318031123496,126.96692936805674,133.47631144999056,70,49.076
23300,390.01003855051886,144.22177884832857,140.85520816546534,145.30493939228913,78,49.539
23400,366.21986866395014,136.09438614784193,140.92373788140435,132.9356095737665,74,48.919
23500,364.7185881910557,135.17060194990935,130.1760762654987,131.4619710015753,73,50.432
23600,382.6879825047144,143.77614309321086,144.9726062112433,140.76262239571855,75,49.498
23700,390.71155651154436,143.3394397529513,139.47588848667758,147.20288416469376,78,50.057
23800,378.6584465478738,137.14480306372025,133.02492960858638,147.11028722671688,76,49.628
23900,403.8616528160502,144.13670257041852,141.74724566057571,142.39407839152767,78,51.015
24000,378.8083247699565,131.28869940667153,136.35195768344684,138.5439454708375,71,49.296
24100,348.8879383270277,121.92865597056523,125.81921437089042,132.81029403002265,71,52.424
24200,361.8702894172825,128.44049922200668,130.96397325714864,136.82154144721324,74,50.473
24300,406.78274356568824,152.4899825476118,146.49980412495742,152.35863996411967,80,48.852
24400,375.41643456729327,142.33712391053362,138.38368795108724,143.35273820002428,76,48.2
24500,424.1547021331829,146.92931139042054,153.28871396240052,154.2582252993455,80,49.608
24600,366.87956210068774,137.43162929279862,132.1179038783132,137.295616691734,74,51.274
24700,438.74168010622304,156.4580065845589,160.5608768734833,166.18872428459392,84,48.364
24800,378.6320718655602,129.64687379238777,134.96917709355586,135.61720626476057,74,49.278
24900,367.26895652200005,131.4339308040327,133.3040543040666,139.24968864863854,74,46.341
25000,433.5534375861033,152.20008476222057,145.29702622124572,157.82765567723717,81,50.391
25100,412.1219193441117,149.72798203664917,147.70528749862123,151.26397977303333,79,46.869
25200,423.55832226932546,153.8180647143868,150.5461256688924,152.66260688014552,81,49.51
25300,394.08103861917493,141.7154820741669,137.91629672778106,144.63917630182513,75,49.595
25400,422.6198632884934,146.79576806196425,146.4939799191882,155.25042684113498,79,48.147
25500,388.12293214446856,134.17070881715082,138.99497008159392,139.69158470597927,74,51.183
25600,372.7113305490454,136.99108979071724,137.21419073525124,134.33998318511064,74,46.808
25700,442.6561675156835,158.87307429021214,155.91812766572605,159.99160374458606,81,48.42
25800,422.40983516129893,150.6939471162981,150.02153287305896,154.50169712683018,80,49.054
25900,383.022604839847,134.31315355118335,134.96166129920172,145.02394606607092,75,50.019
26000,397.90413248289656,145.56768381239257,138.8957247488729,146.62508841770983,78,46.095
26100,368.3110353043535,129.28188616793048,128.42245744312706,133.7881272352775,72,49.639
26200,379.9079219423256,125.93407150892135,144.39166361042277,140.5706206627734,76,49.97
26300,412.1031379278248,152.35017507689955,148.7285702129267,155.19929659811763,79,46.435
26400,454.7544075585439,156.93351141531787,163.11716235516758,160.567807589499,83,49.133
26500,445.86953142211854,160.6505836876577,154.0185992624518,154.3869726835777,81,49.993
26600,437.36987802298876,159.6907207910967,162.59872844454807,162.51955609902723,84,47.874
26700,474.4869097975893,167.0628095515622,164.90767817920204,167.49362938688606,87,50.131
26800,424.3902358753223,152.12975469709488,154.06279955361342,154.84862738498902,81,50.246
26900,438.7741120341463,159.46759997444244,161.11463444458445,154.01566133030525,83,48.334
27000,424.3395147249566,148.57180380815325,148.0303734432954,149.04913851644102,77,45.607
27100,447.58292823888246,155.72699775948306,156.6692761190222,158.6599209397482,82,49.025
27200,467.29843768413014,166.6548507464375,166.87830493149227,163.64738070614519,85,48.683
27300,440.679521715682,163.5477993096715,162.55697235784194,167.49443398564523,84,45.475
27400,415.22694115593697,145.59659406730168,147.21848565816626,150.6341150879698,78,48.156
27500,420.49516736653095,144.80226075466425,153.22649462587933,149.02755737697152,79,46.061
27600,363.34643245937104,133.1121400686553,132.48736813574172,138.52872039018033,73,49.775
27700,419.14646569086756,148.003267877646,144.7903683069161,149.19165174668296,79,49.456
27800,446.7960273751281,158.94936979083934,162.81178011237324,169.71211284375968,86,48.779
27900,352.09647719237387,132.4896341789631,130.2080180303885,134.24993232698347,73,49.813
28000,397.300789377084,142.83072893854384,146.8949550921027,145.12279209915445,79,51.563
28100,311.7399507926163,118.87986884060847,122.97158295657792,123.71955619755045,68,51.223
28200,396.5528115067986,138.7423069373517,144.73562503586354,144.06279158475547,76,48.194
28300,302.7287547358807,103.72909302974834,120.11684268960012,119.56485062601455,67,51.651
28400,413.2277300749871,152.00997016389104,149.15119824240196,157.29023600762676,81,48.925
28500,430.30246421292213,153.16921082476006,152.77810084578982,162.9500230240818,82,47.724
28600,403.80277800390866,143.3678312955871,143.85737336938035,151.49953343599634,78,50.308
28700,410.2730548985794,145.81255021325632,143.56983169104123,146.27418191515702,78,50.616
28800,386.8047507682882,136.57076250601244,136.63093011370705,138.64260368012086,74,48.615
28900,353.823311428187,128.13736173283272,132.3354924231493,130.82645991735103,73,53.647
29000,347.7135015163032,131.69314740285117,135.3054340329459,133.3382691421269,74,51.49
29100,451.0938836099191,161.0556814077146,164.90949859602705,164.17148180368415,84,47.2
29200,392.86041365136026,148.17634929787405,147.39806681026374,148.10556389470895,77,48.819
29300,415.89101425755536,141.3355473112919,150.03665672983422,151.00635288543867,77,48.498
29400,383.84784417017016,139.57082521114768,143.04737183429302,150.14696736725114,78,47.362
29500,428.8410671070762,150.35633883545714,155.20391307657442,162.85262790405454,83,49.731
29600,382.2615521829377,134.92397611570075,148.6033654887285,145.31546957685978,77,47.619
29700,463.3148009813282,160.42544815963345,162.29342821191713,158.8245130976082,84,48.554
29800,454.2947972604774,155.43873814873112,164.55971992100788,166.96882454166567,85,46.385
29900,431.58387609634855,161.499787153208,158.51041187988054,168.4929670722907,85,47.751
30000,404.42811166438185,141.863048026809,149.3433799048346,145.44541457060473,79,49.062
30100,354.9833892072258,122.64632188231175,126.4187098160478,133.6472641659902,71,49.577
30200,360.3317890787909,129.03371094719066,137.9142251347017,133.9196841478947,74,50.512
30300,462.42756078615145,161.96269146673237,162.13616558237402,162.9109751979642,84,44.829
30400,395.7119135223977,146.56303315596074,139.87934366418088,140.0970990724485,77,47.272
30500,370.80127055328717,144.1103290199818,143.6055037881148,140.592450043804,75,46.535
30600,378.95870151499895,139.95945987515532,142.40161847638558,135.18077525421307,76,50.65
30700,412.85762271088066,154.7405992302044,153.02893180732602,153.4664997888535,79,48.345
30800,413.92999885027797,150.56161429797407,155.42838679004902,150.11505714787265,80,49.065
30900,391.25027031571204,144.6858155074523,147.84299633799196,153.03608762335102,78,46.126
31000,384.1134341430085,137.14413412487534,145.1227419217085,142.86109301281377,77,49.722
31100,376.78886136926457,133.47796453238644,136.4408658535248,140.89374163359574,76,50.877
31200,403.47142946096807,140.46383141413716,147.44108411614644,145.74988145862832,77,46.822
31300,415.9728668521922,147.06371898372853,150.11381436289804,155.47830521230387,79,47.666
31400,475.02942868733226,160.9744534939746,165.47954731913237,171.34346079952917,86,48.84
31500,421.2519276994832,147.4904692750012,149.99447544725916,157.2949617325617,82,49.931
31600,460.0183605607024,160.48090651490327,153.546231952782,159.4888384553361,83,49.406
31700,424.8506138437877,156.57505243190027,149.32537309657337,158.2329335042193,83,50.794
31800,409.99587808555503,140.60144784802037,151.094217336547,146.67135311273051,78,48.375
31900,379.84037672866134,135.53213091267463,140.4501027941068,147.112580099105,76,50.609
32000,413.30900944088165,153.0639885685348,154.64957006790456,151.2084244180004,81,49.031
32100,456.15750246824723,157.1550199843278,156.54791926743735,158.51890798173343,84,49.945
32200,495.942748396226,165.534975250781,170.82317712046776,170.87234984472715,87,48.225
32300,388.3757726427357,142.58031892259538,145.54940501774018,146.9464267686067,78,53.17
32400,404.54585824873857,144.03590796258214,148.0638009001547,147.10367815682872,79,48.802
32500,384.8352766481672,140.64514886466804,149.06450436169445,151.1750752231448,77,46.484
32600,426.37414601351685,149.37692415004474,153.78114544781843,157.92522893747062,82,48.525
32700,441.92431704939327,150.6215610854614,157.09111940308384,153.96810160341911,82,49.671
32800,434.0076817923829,151.10315860900383,149.01293517909227,156.35810449737434,80,50.381
32900,481.30185786174667,163.1210747925981,167.55783072605237,171.92526411998816,87,50.913
33000,462.00514376367687,158.07194046819234,162.063296445377,163.27534236082312,83,48.613
33100,433.3731422536408,158.60092272986526,158.27614882831574,157.69345177281468,81,48.614
33200,412.61569886894574,149.70775647216004,149.17105633635663,153.48061454221386,78,49.71
33300,367.78351269824736,124.73952577032438,131.95899124277216,130.79086889076004,71,49.788
33400,430.71161042624857,142.5498619382789,147.8175536023944,146.35781279773025,78,51.237
33500,455.7391285191898,158.8478693323232,162.86913894374527,166.2289372225828,86,47.457
33600,369.9662028351059,129.106422807329,139.28680537793403,138.5329837702991,74,52.296
33700,351.4402358517071,131.87623004758782,133.30855280938988,134.7984541246861,73,50.734
33800,423.5857489719831,144.63786359316273,157.02932535036894,157.38828933572864,81,48.983
33900,432.44490641439734,151.9599332357786,157.49915970336858,155.55089969517218,82,49.586
34000,424.5361354245857,145.9110410025994,152.13722814190083,157.34556193403196,79,46.997
34100,409.31976921362343,143.35202073405904,148.80225303665827,151.4733065403346,78,50.138
34200,365.5583986818813,137.10045642876426,137.86705353250625,143.69072764592704,75,48.613
34300,362.4174152701872,132.75832308278146,133.53011877345568,137.90195551808105,72,48.487
34400,409.93365504034705,149.58208219507512,150.1896602125726,152.46605946538463,79,47.71
34500,349.48103756723305,140.74867713823633,134.35538214381629,144.24615527602194,76,49.385
34600,458.0675203054677,165.5080972518216,166.57103475059753,159.42486152245425,85,46.713
34700,454.4985219297371,156.2314643877168,165.3633365682759,160.96998503539336,85,48.496
34800,378.523542493465,147.55740913866035,149.67558288936692,141.49970297411986,77,49.422
34900,352.0926835655601,135.18453095761635,134.76572345033986,138.835281170164,74,49.115
35000,455.0628860489071,163.39871796644093,164.36655725254408,171.878832382476,86,48.438
35100,476.563818605439,167.179921280683,167.95965016477922,170.58986794133048,86,45.151
35200,404.3227563691105,137.9242025679122,151.25997593364954,150.18083497034542,79,48.537
35300,419.2502925119661,156.8392598520844,157.72948043015688,160.95739978044324,82,47.814
35400,445.75574997187965,156.40036035637306,162.74146673402623,163.62861072141,82,47.564
35500,449.87932498757704,149.87166689610294,164.59880951782426,166.53097657043622,84,47.154
35600,432.1405036131325,147.657581490049,152.44433250048084,148.81012353600082,79,49.861
35700,498.59586617038406,173.60109930667312,177.78443498507883,182.13112070329473,91,45.837
35800,436.00406817059115,145.87428816673565,151.9556240621441,161.63525908445467,81,48.546
35900,377.1274693522575,132.8020306706326,144.28915627715753,144.286891143449,74,48.586
36000,388.65077345719425,145.54248455147206,152.57955533634012,153.23876428188112,78,46.605
36100,459.32203401712815,156.9335321988135,160.5027192509617,165.66996679902914,85,48.354
36200,439.79812875515495,148.23788834496975,157.5177770212842,157.05296372881816,81,46.48
36300,438.2457965617099,149.02309948186075,163.15750632083257,167.07113593465456,84,48.667
36400,365.61367249437467,125.45978574963016,139.1981402256107,139.6523119267061,75,52.772
36500,413.28989593898865,153.3833714692367,152.65938716634773,158.2076787238109,80,49.548
36600,413.8239869728625,141.50692101228725,146.63481511874636,146.84672977345542,78,47.853
36700,457.8571055555228,156.12117023937594,165.2391869767649,167.10648139264129,85,50.678
36800,412.09734607464566,144.23259603414093,142.4640101775193,150.0221103724841,79,47.321
36900,450.98467977116627,157.32993743463817,160.10219533535562,161.0433262664189,83,48.285
37000,373.65324218570794,129.9784115625967,136.85921936296145,140.49830783847887,73,48.697
37100,382.5188779141553,129.03973459272387,136.71241272022053,143.39764455689135,75,52.117
37200,401.6676828635662,140.648453505543,150.67867521276546,153.0043535509603,79,50.8
37300,401.5440787607084,145.26217044126182,142.75615358144324,149.52203204655657,77,47.87
37400,438.49460286424784,155.35326920589478,150.58234809628055,159.903453184747,82,49.336
37500,403.4704750608357,151.26909721509975,149.16191906573857,155.34667071258153,78,47.484
37600,354.499583314852,139.60839100259145,135.28913373396213,146.1826034981675,75,49.799
37700,428.9015902126028,156.83205939058723,153.61746682258527,161.34158715403385,82,47.899
37800,435.4262480394729,148.86315520205838,159.2022740112644,152.30710836264043,81,46.152
37900,404.8462061936843,139.53031604912093,150.34548171220055,149.91262948503172,77,47.702
38000,421.96605872405075,146.6929715534228,149.85793338943867,151.2120728346212,79,49.231
38100,456.7095328527786,161.86330844419015,158.03011046999185,162.13247158772273,83,47.47
38200,361.3187051021595,135.94182053368638,138.25435059658145,143.71632196126023,75,49.039
38300,445.9399852921259,158.76986428162786,161.89777055869206,155.8180984893421,82,47.904
38400,424.0947369756775,146.5412309145625,152.22005033376615,155.3229517057466,80,47.912
38500,438.5914135774972,163.97344092700186,161.4572240814405,158.47686957094106,86,49.804
38600,403.64911076749746,139.13232018203524,153.675335842717,146.7200864820896,80,49.289
38700,406.1292999339688,149.43352393494592,145.93681443631033,148.89245607914444,78,49.954
38800,433.35538342153563,152.58916397449198,163.87965765057885,159.74529006858336,83,47.806
38900,438.71664538989467,149.989599239233,155.6167128692573,157.42382175686654,81,48.512
39000,366.04696275663656,143.48017599954005,134.3159337132828,148.02652502155553,76,50.339
39100,400.48753148127844,142.02301992235564,142.5212228425376,147.47451623034377,77,51.106
39200,431.3847909763499,155.16905888613593,153.8917837078493,158.24550814069752,80,46.379
39300,453.0601861445805,161.0904146071079,165.6597753663119,161.8391447530338,84,46.771
39400,430.3898485923271,152.7755991340373,154.1697471374351,155.5078670544036,82,49.486
39500,412.90164261751545,149.12786247463947,152.49228717517764,154.24404067631306,79,49.452
39600,448.87452206348405,156.39763789600482,157.173779450478,158.32078831637455,83,50.04
39700,470.76865067548346,169.17615941169362,162.45982187268967,171.54334535013396,87,47.857
39800,425.08180557028186,156.1484111636709,151.65473264187588,160.52139057065045,83,48.574
39900,450.5990740249446,156.59645560176733,158.5032153206284,161.55378378810695,82,47.979
40000,443.3537222643886,152.42005921236984,158.56189529236843,161.90633384742753,83,49.848
40100,447.6617930806237,153.22795041400582,160.41771749810422,160.0681687424881,83,49.41
40200,467.7652529637942,159.7136094135937,163.76472733990403,163.4510680095123,84,49.277
40300,467.1461741235279,159.8325854012004,163.52752016851292,158.9352459803817,83,46.719
40400,409.40465046047376,149.43305622720084,151.01454537424758,151.2380892445312,79,45.328
40500,420.5093770490692,148.89243261262243,147.58497059854952,151.6977547647912,78,46.261
40600,443.0098314767323,158.61786145128718,160.06706309245266,146.86788250958685,82,47.328
40700,417.6239882580441,149.49348104600057,152.5093743602947,157.1678155540568,80,48.303
40800,417.7875971175641,150.82421962201263,149.0200402099683,152.2353147376675,80,50.203
40900,448.28787134958407,145.32060425988183,163.63443145015853,162.05946729799106,84,49.119
41000,437.00418896229615,151.8825428929587,153.1487951725391,156.30800445424518,80,48.05
41100,414.018975190409,147.23742427884915,151.6728083302571,153.15252078588335,80,49.867
41200,431.2412303715735,153.54197700333106,159.01301317658132,163.02441562295064,83,50.549
41300,404.1171759501229,142.6313650902321,154.3086575215723,151.23407489575513,80,48.167
41400,483.089517099219,162.60740212736908,171.3808601925457,169.01115426299776,87,47.659
41500,456.01540473771956,153.78852267412037,158.83532188608658,160.35049340621688,81,47.566
41600,373.14762153787814,129.30117089905917,140.49638321654015,139.77830698519253,74,49.016
41700,369.6596002572718,136.07717539152318,146.1777061684538,149.25531218594068,77,49.61
41800,393.4387477675133,130.21365666189016,142.89608105099975,145.76002513626003,76,50.592
41900,456.8271980817298,152.57552453453837,160.51756417493397,160.1944512225219,83,47.159
42000,345.10903659656736,123.22231397943811,129.38841496776283,134.92823961741576,70,49.083
42100,396.1344946116603,139.78910923285858,140.15031238475265,141.3355360091124,76,51.161
42200,434.89132549635065,148.6941590602864,159.10166549216797,160.3297054709626,83,47.992
42300,463.6228322072846,167.59113636723367,168.33353733290812,172.1611057947911,86,45.651
42400,405.27423086518917,149.7360026646982,150.94593426523687,148.38941420834996,80,48.58
42500,501.3742509236504,171.689288912941,172.35740423624785,175.0733508881329,87,48.025
42600,349.37417014358414,132.79867041956314,132.81489095198805,126.44071533739206,72,49.278
42700,443.4001845257772,157.8157256066011,158.57528859010972,156.28293865354016,83,49.611
42800,465.3380485566789,156.82586297654987,164.70637022122952,169.4096233109985,85,49.213
42900,418.02008586010817,142.20898281541818,151.1821250397432,155.08956644390082,80,50.262
43000,398.56160298669863,143.74673623695708,143.4709425748446,148.20188304759782,78,46.214
43100,433.9063581633704,153.6748134872904,158.29241848289215,161.85096277260254,83,49.009
43200,394.3190419497352,141.4980209289654,146.9190313862143,152.96736913800484,80,51.123
43300,416.6077714280328,146.5890213251654,152.54502531926153,151.8607689720894,80,50.341
43400,438.48462945276697,153.55778548374263,167.78286763473042,167.79493011067544,85,48.878
43500,466.9571528048284,162.8773739022223,163.37114580172903,170.23025702261893,85,49.447
43600,428.7691868267373,145.86126256897012,152.26851565324557,153.7892428922124,79,46.94
43700,346.0508993774676,124.06723427708728,134.25539773861374,131.74053502111016,73,52.503
43800,380.74110548106523,131.53811395379356,136.6667390042662,137.8334667560953,74,51.603
43900,499.9417550252937,174.4277825590798,169.04331451297102,179.07326922764088,90,46.627
44000,489.8292888575491,165.82999983247325,173.50168961887928,172.22242334392672,86,48.075
44100,402.6095703265885,149.63950547593066,148.32247857028435,155.55329710493996,79,47.448
44200,453.23531057734806,160.59374990697856,162.2450183853058,164.72032583910618,84,46.541
44300,469.6535653772208,162.4091297192058,164.63865952265587,162.8712456281792,85,48.595
44400,410.0289748813729,146.4433418183392,151.36454892893943,149.00427085139626,77,49.907
44500,448.1973782104607,152.44814894799958,158.70452661643165,163.71569426024303,83,49.558
44600,434.4805011801182,144.97449457314042,148.29936344579593,157.5479584043442,81,49.12
44700,455.9276386130002,152.56416699881157,158.2611850275208,159.5005856458531,83,49.516
44800,465.8949903236654,158.45910882808388,165.672962042116,167.97584906228315,85,48.362
44900,485.76753836258086,167.83283636390246,171.80709562636284,174.37863409381018,88,48.082
45000,405.7563963192166,145.7630898060592,151.39719622316764,154.44782104953646,79,49.15
45100,343.13631526867874,126.3106002446612,133.0350452778783,139.28925704339778,72,48.767
45200,384.9884334089243,140.82296045546207,144.93233812340554,147.27438272811412,79,49.589
45300,441.3311219050948,154.63412007289438,161.71225674278824,160.89371968466213,83,49.399
45400,372.1424887116663,124.76099231680416,135.8354223111476,136.66432816468054,74,49.204
45500,447.0578009527178,159.95872895698352,162.6385064930037,163.52403282676252,84,48.55
45600,370.59184100612106,130.15695240024775,134.2150229842007,136.01886787195403,74,50.856
45700,401.9503121627991,148.6023963597164,144.2291864687288,151.16631048550508,79,49.425
45800,383.0821205055487,136.4330997316991,144.1402253172924,147.55847157668276,76,49.447
45900,456.047017645572,155.41658866517903,163.06883691048745,165.38916463769604,83,49.755
46000,440.1108090848942,159.28689173894543,160.06152028327458,165.54052598520536,84,48.517
46100,401.11658556265365,142.36170536402963,140.63528296006615,145.69015286500226,77,49.573
46200,437.1774264228715,154.05264876672288,151.9774476763011,155.11649293653457,81,49.691
46300,509.1393291774259,172.89429642566466,177.4003338517796,175.8879757695599,90,47.47
46400,376.0137030538052,135.64503817250863,135.53899672519373,140.3836883918556,74,48.622
46500,418.9463444668261,149.70274457768056,153.3409718677647,154.0106558055642,82,47.995
46600,416.91183094437673,151.92115221188476,151.4081039098583,156.30369928762323,79,48.191
46700,424.94880456822926,149.85212635838715,153.2160393286191,152.10745090605602,79,47.813
46800,434.6282405851262,155.60320798082813,154.46800736150897,157.70674296229913,82,47.899
46900,466.05238115952693,165.3385760969171,165.34105948603394,170.5227693283458,86,49.616
47000,331.61630272151336,128.6112919008748,122.8013919614725,128.79578623202536,71,52.002
47100,401.4295998174328,150.7298415224406,150.16080406719485,151.53027211466636,80,52.194
47200,435.32819406499567,152.80683465373662,153.71115542249032,155.77063622239885,82,50.341
47300,380.7910624273802,133.52200618675158,138.9526082672974,140.28396966296157,75,52.081
47400,403.07065538020356,150.4498652270923,145.77457535615196,149.75880554636583,79,47.237
47500,425.4670887966365,149.45311063123268,143.27960004077266,153.26512684581553,79,49.972
47600,447.5958423837915,151.50684626525629,159.4476843448234,166.25169370431377,85,49.66
47700,388.8121562409714,135.76984373241478,144.77551380191318,147.2058580378967,75,50.094
47800,481.26476620046844,161.87532053149323,166.89991348771974,167.28740048234167,84,48.389
47900,431.16404786946265,155.4349267483065,156.43766120410137,164.58301664310406,83,49.135
48000,486.149666454319,166.1919276893001,170.09970430547855,172.99749471926143,87,47.174
48100,440.0198875419018,159.01628685722778,159.0989615049133,166.5259979966716,85,50.082
48200,363.66500259558364,138.73247195804402,137.54944634053527,142.3286934151735,75,50.201
48300,447.43783802131986,155.9109859805449,154.82082652670664,159.79962110101093,82,49.233
48400,400.2227020824303,148.0877707836046,150.4228037900249,158.02466200680183,81,50.576
48500,469.72452321642464,171.40756116863122,166.23973894649183,173.4603109442256,87,45.219
48600,382.9275152670949,138.73465504370412,139.8162089258363,140.2291069543925,74,51.539
48700,459.9201884723023,163.30705707691746,162.14431792264594,166.75643653472665,84,46.808
48800,427.08455491878914,151.05721847064734,148.93771260892984,147.45593538406118,79,51.443
48900,465.50652704409254,165.04054226350908,164.71415034442217,161.99763864392574,85,48.275
49000,422.75654789706016,155.45070269859087,154.77289047020014,158.05800837348536,81,48.632
49100,443.0542365333958,158.70146467185444,159.57070135803423,161.1272005004084,83,50.245
49200,386.62243766633384,137.1369220405622,136.59396022245053,133.77405282917564,74,50.407
49300,492.40907636225876,174.82060750390193,171.51055380352943,170.84783833586755,89,47.486
49400,441.9563766847782,158.366030920328,162.89653872213202,162.59744155301217,84,48.819
49500,387.6433694767153,150.38690995471708,145.25212417275424,147.18064662091714,79,49.64
49600,448.8717548140362,155.16647994372977,157.14806170370946,160.94343877028257,83,49.254
49700,470.1835350852909,166.87524541196797,164.58037480906728,172.57899007670872,87,47.719
49800,493.34345581418484,167.7105879618673,167.2660116849645,168.358397195031,86,50.505
49900,416.14637640684776,143.51305877417167,151.4339767501747,150.4231431077174,78,46.736
50000,462.0620592285379,160.68104896451817,157.19321897104203,164.05977275059806,84,47.602
50100,429.8473878712235,149.47232532780785,151.11603733985802,159.46147486666138,81,50.413
50200,373.4448920127032,130.20537933107943,141.3835130106885,143.94955602057868,76,49.173
50300,412.2930943987414,144.10471360484618,148.22352839328568,150.25625706189533,79,47.365
50400,428.0045580600828,142.85429422408902,150.68322559177054,156.55294574938287,81,50.818
50500,475.5846283728479,162.75544160856504,171.24829121127382,175.37365319534854,88,49.106
50600,442.83466678505937,156.26674193066384,161.9800831725585,158.70849337613393,83,47.562
50700,485.9221887085138,165.9056181949905,168.2053050381207,174.00365198637394,87,47.3
50800,462.2365475897807,164.1436900312653,165.11590984985247,167.63665750192732,85,50.486
50900,418.35719092373773,152.97833207162776,144.09858377225794,153.28756684324088,80,51.751
51000,470.0705699146918,163.92168851553186,164.55403596551795,171.77089332007935,86,50.012
51100,392.594596795489,142.3933946333184,144.82942032627986,146.833336023517,75,48.24
51200,498.1961806194927,172.1434611242794,178.78113007052517,176.9708112184635,89,47.092
51300,428.95483482222056,148.8820776841644,154.1112800839478,151.76139744378162,80,50.396
51400,405.51993798702875,138.0712632238896,146.9878119970764,146.61082829525566,77,49.188
51500,434.18940717133506,150.63366281656653,151.4059167216352,155.48600792862183,79,48.928
51600,380.3148311963056,148.89207869140054,150.1869443534133,151.5868745322892,77,48.561
51700,435.9663965063674,160.06564926857317,159.90228260273057,161.17946209109894,83,47.698
51800,397.4896101452182,135.0164561081192,145.64249876185715,147.12384030163656,75,47.981
51900,408.6438130546987,140.97695241633554,150.8474763944445,153.40213001236117,79,49.69
52000,395.52346386335535,142.08969554810596,147.0564571742868,149.95865129183645,78,49.22
52100,421.5864559395728,153.06953903476847,157.51209660682287,158.81451472723748,80,48.219
52200,404.3485728363584,147.20172782963263,144.04473284285132,150.71445037526763,78,49.764
52300,406.69901832018627,140.05758725685462,139.38173803446446,149.80343276213526,77,48.098
52400,445.70869712419045,157.0681086350251,159.12353191770077,162.5486475615127,82,49.516
52500,391.7683807253187,143.55440282978896,147.77457429339754,151.59483916170714,78,48.536
52600,448.4666691476672,158.78589513630106,162.62513063575628,160.79921500760528,83,48.46
52700,412.1379838890371,150.2541416851875,151.85825028156458,154.98398699892277,80,49.301
52800,431.62536752214896,151.57803237619467,155.3635946002925,153.7808207631909,79,48.794
52900,425.9541561363999,152.10720185702868,156.71437896182258,154.5294146304532,81,49.123
53000,431.6125726060631,156.66226294269893,156.08231626648373,161.39562692019203,83,49.151
53100,400.445161615528,145.5044336717404,138.82658824863645,146.82389902339568,77,50.272
53200,424.5206434141793,143.44586161014567,153.2430537359699,153.19385395822252,80,50.81
53300,420.34647548497117,149.3456782610395,152.75154652880772,153.2435383250343,79,46.545
53400,418.0504515824606,141.4898299015739,152.76559626125476,154.80634671836285,79,49.338
53500,311.27193476813136,111.1426742952487,125.36602622507509,132.69976569444188,70,51.255
53600,403.75887629489006,142.00079293392048,146.89405213991265,150.0081752506688,78,50.641
53700,476.4122371483759,165.48820632871582,164.49330277044606,167.2969152706767,84,48.689
53800,354.3535899479912,121.39578382479027,124.57378843731186,132.66925242312837,72,52.26
53900,448.4279084318782,158.39581685629568,155.05992295029822,165.84205931000906,84,49.642
54000,405.246397364869,146.77471390141142,151.1137504275386,151.48435870875684,79,49.02
54100,416.39663255682086,152.46776732775598,147.18033378796153,153.05667006961738,81,51.657
54200,408.50112233484833,146.4252421891833,154.85852924136307,153.6516748802619,81,46.563
54300,396.89125486369926,132.1985343926342,146.3900657630054,145.3753427562328,77,49.643
54400,456.8760505829185,159.16675937271722,161.65388864443193,163.93925042770078,84,47.095
54500,440.6753820170409,146.01341150563786,156.55044455779836,159.76780493235086,82,50.762
54600,445.9240465015513,153.77567428653282,156.09928523812746,162.21903373344568,82,47.506
54700,430.7036075281557,150.25838317664497,162.76136976711652,164.41736916863027,83,48.39
54800,453.64483643264543,160.69763554820108,164.29595435383845,162.31051410183332,85,47.07
54900,402.405144145013,147.41311657753835,146.50768630994628,148.94775224049044,77,48.794
55000,416.55485465460043,153.50457142220705,159.3992560401809,158.0097097654886,81,51.023
55100,477.84133552672904,165.1409048654801,169.98662432216094,169.3557087571691,85,48.046
55200,376.6867161063955,132.07487331041574,138.02461217686644,139.73654035435658,74,47.484
55300,460.4803028738856,160.4003379380586,165.1572001304205,168.56158632672927,85,48.089
55400,485.1190855729071,169.41740082768524,172.91097849127567,168.20799776659726,87,46.474
55500,467.716932906734,168.45120221206588,170.00302912805043,167.23744837871553,86,47.862
55600,455.49378099147964,158.64721553077672,167.43576226247805,168.00271928675505,85,46.431
55700,459.0519833907407,158.76470903828428,159.10064143789373,162.32492616759387,84,49.689
55800,416.4495359920668,145.81942981036738,150.39409201663022,153.132800661955,80,51.14
55900,450.1855401407418,149.46559122320886,157.95408501891689,157.6766444860062,82,48.728
56000,445.99430369390427,159.21413004974295,164.91305366894517,166.98707575561176,84,48.947
56100,450.0849861274439,153.97075258377993,160.66727519058065,160.5937499510506,83,49.157
56200,450.7406517597959,160.12795092447422,163.95611967509348,166.53941993121043,83,46.441
56300,392.47682743861003,136.34687053945532,143.64588796718397,143.3465102269053,75,48.329
56400,491.87218728153294,171.40636799145366,174.61172494251718,179.4442523018687,89,46.506
56500,416.4029716429982,142.36837468355878,147.09042100221671,152.07246657369916,78,50.399
56600,442.9110775166067,152.51852642133713,161.37195336881499,163.51381565909435,83,50.83
56700,457.000438447693,158.05174687610034,163.63816108723654,164.36907858645816,84,47.828
56800,372.1877119892235,138.54689895245036,139.971038532231,142.626153690863,76,53.314
56900,442.8974820980977,152.43656766923593,159.17488367540597,162.14249153832168,82,50.817
57000,418.9300220063658,144.61185301612736,151.1892390570296,152.6208092311458,79,48.618
57100,415.8351861670139,150.67840809087366,154.78891294874012,154.39896478399717,80,48.493
57200,388.23891929538627,135.94418459267072,144.04486657955044,146.15729141811227,77,49.487
57300,496.306919125552,171.6244930549758,172.72139059486318,177.0166111508612,88,43.433
57400,424.84862743132646,141.03568566522813,153.84468210732643,150.04533939640794,80,51.773
57500,425.84142808184146,151.402028125446,156.9850538204526,160.62154609150718,83,49.062
57600,407.6662399013637,138.86571942353572,150.25233505994413,149.57240909582802,77,48.531
57700,414.3113192438416,146.76858745267313,153.2115701937235,158.39451291986353,81,46.678
57800,497.2813057820242,166.87315310398003,173.62321428222623,175.0482244526267,88,46.185
57900,467.2390220727517,162.60742749921985,167.0047690852715,165.56742090545035,85,46.679
58000,490.6370446160905,173.07624660837254,176.46102139259227,175.5510523674405,87,46.256
58100,388.6824089632491,144.15061338198626,148.57999120429952,146.01724047902624,78,48.969
58200,440.49562825600776,150.16867749580535,158.21847370314242,159.39064250544325,82,50.922
58300,382.7527295849122,138.70808094938218,146.29490602514227,146.94735372659378,76,47.961
58400,473.21181643911586,165.34281860936477,172.94771860499762,176.49657829945997,87,46.924
58500,434.82222948911453,159.31131965740948,160.79241978651086,166.25043069339011,83,48.0
58600,467.32069495760226,163.28935471247593,164.18904925037702,162.82555072750603,85,47.647
58700,476.3387996000493,158.41189194056912,168.19854486384256,171.59587893116722,88,46.844
58800,408.9302357440995,147.5357376767423,157.37975192796029,159.93329430849602,82,47.345
58900,412.0348521174845,148.75528153760294,149.16643244095565,152.61587334414054,80,48.308
59000,454.7454870984544,161.34567487038333,160.07217553179856,164.19583736081074,83,46.397
59100,403.6536506953143,142.06019566663642,145.79214895798484,144.0723971719002,76,48.102
59200,378.5741975639927,129.52515630600428,138.56677452523957,143.98018263106292,76,51.287
59300,482.4569926866028,169.2120863170871,167.42407053650456,172.54120341699573,88,47.794
59400,453.94082491959614,155.5901014300284,163.99586986625346,162.46486578317578,83,47.266
59500,473.8368406170787,162.93979460276313,172.82301852190756,174.25965393950364,88,46.779
59600,448.83409506711956,159.1017115926436,153.56459422033828,161.54443466366837,82,47.85
59700,388.57661284501273,135.83802812290412,143.23023571393614,141.25333818217888,75,48.319
59800,413.1799618563234,147.796386479089,148.1902817280749,148.67807398754746,78,49.736
59900,449.54205217671216,160.47133717477078,160.04087507684085,166.43132221155173,83,44.896
60000,399.2026510226687,141.18134485577662,152.99056917655264,151.10588072254004,79,47.562
60100,484.23904400815246,167.3906759685766,172.30158878711111,175.0339151925702,87,50.171
60200,401.13319265812913,147.89525601440693,153.71925714603253,153.96370703090614,80,48.1
60300,426.5674604860602,141.77948997879554,160.37024465251895,162.18495249987487,82,48.583
60400,440.0329489162587,149.92436028981962,157.3440137412717,159.5837984156522,82,51.234
60500,403.9511305287987,142.9619930513324,150.88247178458812,157.34570885181995,81,47.408
60600,433.7344272814409,149.61056529567892,158.50207596600671,161.40126732457247,83,51.241
60700,457.543713530674,159.77639300303179,160.96480150191348,158.84017443855794,83,46.683
60800,386.72858886966895,133.81463863484348,144.46850996328305,142.17393262102033,75,50.453
60900,459.828274314382,163.08507330699373,159.49566601897254,167.58854751901472,84,45.868
61000,477.62332668008673,166.4630865535963,169.54238431292393,172.87373235458628,87,47.099
61100,492.8230981875129,168.84202859357163,172.08183424982715,175.67965272839265,88,47.577
61200,412.51948692302153,153.96110228790593,144.12193921544826,154.99210272513997,80,49.277
61300,437.9371095975257,155.79349803289855,157.72074674692985,159.4775507116876,82,47.385
61400,432.5880996183067,150.2903041984717,156.05603021095732,158.0269132924911,80,46.727
61500,382.9681350053673,144.1128572316568,141.68600488339288,148.41857259236798,76,50.783
61600,481.0372745655882,168.3839019502313,169.92081719600174,174.03645394622484,87,46.866
61700,475.1492577988403,163.32197343906574,165.03330661974047,169.52204878031418,86,47.882
61800,428.13877866988724,143.98484987911695,149.08802334493356,148.76567963673682,79,48.293
61900,428.913450302912,143.59084156676144,150.75193028589928,153.750993914811,79,46.819
62000,454.36612354891514,158.89713949344042,156.9891772242002,164.62949775741998,83,46.691
62100,496.21054216304765,168.2742452521812,172.52564829324888,175.1018983711504,88,44.579
62200,417.71470052785133,147.96797862252694,151.08086621281254,149.20403026666304,78,46.748
62300,450.1231388868815,158.2940353419135,158.8478471884922,161.68036605410518,83,48.628
62400,441.44438854636724,152.12234946118994,152.8047514678307,154.32742021359718,79,48.721
62500,406.4952988784811,143.91991513558617,146.57600596498952,153.05859528864198,79,49.043
62600,456.52113192658123,153.80006260913405,167.6547376704194,165.6603739260071,84,46.02
62700,429.4912506816508,151.27265547341352,155.30312248067443,154.854784808554,81,49.155
62800,493.4147053179222,172.2681069330436,166.41551809754176,173.19541312252775,87,47.473
62900,513.3719664637555,172.2319513371236,176.65820370184312,177.67667671121063,88,47.633
63000,454.84390064490236,150.5568972179054,158.62027678366536,163.16278764171665,83,45.206
63100,432.58565468152455,151.51663054088715,149.90508258057827,157.88947370617004,81,44.777
63200,369.7835497109614,135.2772252925655,139.5473629875508,142.96195774100022,75,47.873
63300,490.0710032050154,169.39936781213783,169.62298185371156,174.4880080071132,87,43.732
63400,413.6589548165333,144.9750407296459,153.1415509451774,154.51082537562613,80,46.484
63500,440.34632973161433,152.7284448924936,156.40710026536408,157.73036031220724,82,48.338
63600,454.9936056254447,155.90749213342434,158.70723157446525,161.58841271209377,83,50.106
63700,481.7713780719584,164.03713126403437,174.88207233338352,175.08324421780088,87,49.935
63800,446.89418183119625,155.61640391841357,164.18285802427738,164.2719627163694,81,48.082
63900,475.35803527219815,159.50865596546305,169.3430892936315,172.19333447620397,86,49.873
64000,432.2872479355599,145.5860379699292,158.59919891696157,159.15468840308773,82,50.828
64100,404.235867591357,144.3470609479412,152.39892484607435,149.9522171107148,78,48.929
64200,444.3400799593076,157.03215674584834,165.01755277238848,168.47452469678007,84,48.566
64300,420.21734039044446,142.58791503054536,156.37983022812662,154.4437485008534,80,51.328
64400,377.0021483959281,135.7343871557358,142.83687226627234,141.7751161333317,75,49.616
64500,414.8674246415747,139.2331349583308,143.91381160326077,149.7338794175998,78,47.889
64600,478.24842489964146,165.6350769705254,168.49760290292394,171.90333665051978,87,48.95
64700,430.1299897765189,147.52887714751253,157.31633631445146,157.32304771825812,80,51.625
64800,452.4064883864536,163.09606364454928,159.4648599319921,162.74831974653162,83,49.294
64900,434.63721273501454,153.59397602856853,152.70756558649052,163.98200894817398,83,46.298
65000,384.009364700609,132.05543463380482,145.37031146966598,143.41161814465838,77,52.235
65100,406.0951507264897,133.17954603576732,153.26798114780223,153.0108094719114,79,50.905
65200,342.21496260848994,131.16198688853282,132.99347471736564,138.74990928718373,72,49.483
65300,244.5526735324212,103.46004865478749,110.64074065070307,116.62412787228273,61,50.372
65400,102.84710102002471,86.36586898747957,80.52052424833329,98.88334191230098,53,51.848
65500,267.94436946339664,118.46058746562235,115.67099580063962,128.09928228097309,64,47.99
65600,331.3662036128768,117.24614684260281,123.30316907710657,126.14486341284999,68,50.889
65700,432.83070070674194,141.47240773553898,159.88435577343952,158.31898402184459,82,49.294
65800,428.26054462859867,146.12472387561832,142.7816669762451,150.9283010810884,77,49.101
65900,433.16162021797567,148.23204750517766,152.81341917847334,152.2770582990035,79,48.841
66000,421.6894000102317,146.4180781515948,154.59832943216014,151.09542891542154,80,48.786
66100,421.15063087605085,137.62707005754004,155.55994037491047,156.47348207493988,80,47.656
66200,439.10114119539315,142.78259045832704,153.46997195357108,155.9744143449402,80,46.562
66300,409.8216366938698,132.4559450840339,150.29988335728544,148.419110006466,78,49.073
66400,449.92309104413624,147.94098184410254,156.39626245453718,159.10664952840582,81,48.04
66500,408.24048531884745,139.39546832838613,143.8018491351516,146.13584658321733,75,49.561
66600,491.5958435976543,163.5672487744979,167.65650786213868,169.43219615395586,85,48.416
66700,443.8137895622741,147.1074114894293,159.95120263783895,160.85865514866856,81,50.648
66800,382.6068784719901,127.24148588429325,142.96152526022144,144.89839886464503,75,52.171
66900,470.75922778357204,153.19604710336444,170.3019718864614,170.14641831034803,86,47.815
67000,506.56291390608055,170.63862011386001,179.4624811435715,177.14476950092433,90,48.781
67100,465.0130418309888,156.06129599862822,162.8063343947388,164.54753322929727,83,48.456
67200,413.5005080923433,147.33996358855123,149.37225341499277,149.59143706973205,78,46.255
67300,419.6753208404981,145.60107810948554,152.78628693849316,151.1584736502514,80,48.394
67400,392.6132691785626,135.30437185554425,144.71162084684588,147.48844632990065,78,49.782
67500,487.2074121253417,165.53874963567034,168.62013522571453,167.3637289748058,85,48.288
67600,458.7479296594085,158.30518951930392,162.8307993740739,162.23852594828415,84,49.868
67700,423.32312081065743,142.26834993098797,145.1635397359183,146.4552588815245,77,48.42
67800,491.9389399630433,167.8806558870305,172.662898894632,172.14734313392037,86,48.327
67900,463.12920488803485,154.63654147751106,162.77205502409961,162.03769577215476,83,50.437
68000,455.5118016110594,161.90175733052453,158.3671498392262,161.794439502334,84,49.561
68100,445.7085218253024,151.05407297023348,156.46663648830182,156.92575216267215,82,48.127
68200,454.12301983640225,155.40741481750837,157.50704698945555,162.06512119545945,83,51.258
68300,360.2498945956049,123.10932889300221,122.82090835367535,130.01338739519386,71,50.518
68400,381.6393403627051,134.85352780820003,135.723264331138,141.01609488996547,75,50.836
68500,398.54357385965443,138.3099929097154,142.31138172886588,144.99337592465653,77,52.265
68600,394.82084729802625,132.28624477773857,140.44986513705535,144.8038994425312,76,52.531
68700,384.8663658232316,128.31465682033917,138.6037801276719,138.90636506879986,73,50.757
68800,465.5139568939843,158.00497419498507,160.83720020076075,163.79803822078588,84,49.295
68900,462.33122789418144,159.4560923425287,161.9618552503065,164.68298178461148,85,49.338
69000,389.5790021275927,133.45005519064622,144.47527474269774,139.64203559492285,75,51.048
69100,417.387383297544,143.46249749741924,144.03989432495166,150.11001776040456,78,50.461
69200,519.5333477818291,174.47003861232167,182.84996571777106,186.7912317327881,93,49.08
69300,353.6453662068816,116.6296926173987,127.0806830085206,130.04456028918221,70,54.482
69400,467.7559938506622,158.77709680994423,165.71834401811378,163.1587456472911,85,50.398
69500,329.3346251103131,113.14809942181206,114.80620081484993,118.80926290774045,66,54.425
69600,429.68398324408486,153.28984638171636,154.88157486597626,153.07638383755307,80,48.737
69700,446.82901463781985,145.68894402445713,151.53723439800456,156.35098490313194,80,51.663
69800,507.91169911702656,167.68111157049523,180.030899271936,176.96376779708044,90,46.759
69900,479.952913303609,168.3993993194389,172.45777150913906,175.59988318919716,88,48.333
70000,454.19375107806593,154.63221234855936,157.63240594688037,158.89509540935182,80,48.412
70100,466.49614315706077,155.9347204379038,169.03777298652264,167.97082050275915,86,49.062
70200,490.05984902893846,161.7605658209916,168.05154949616082,168.27413055366335,86,47.975
70300,470.35162867512065,159.25758150419105,166.56997564001355,168.17442440705173,84,48.897
70400,464.5395990458852,160.30679651045583,164.9189587129145,165.41784775113683,83,49.07
70500,373.27793154803715,132.35768508574344,140.29250165289875,137.15283557978137,74,50.926
70600,422.4560250706953,142.54830509400796,156.26367812930295,147.93992762366452,80,50.733
70700,420.80268617367875,135.4212346814478,151.55720079165505,147.07256441880506,79,49.806
70800,430.5535911823344,147.01207293392565,157.73612202742578,150.531716406778,81,49.827
70900,436.67624426959696,143.59519303046372,159.2432452824619,161.9785908513403,82,48.561
71000,468.8271481291215,158.88174986434683,164.67738241414693,165.06534799190626,85,49.433
71100,388.0631329287298,129.6998310176042,144.06352869942265,141.25041770095254,76,52.285
71200,409.5827355287448,142.91309379181428,147.70637081462664,150.32541682290818,78,50.444
71300,473.4027456340754,158.16354857335446,169.42753407913668,169.376324957869,87,48.459
71400,456.9592126244017,155.85052563226972,162.98247452111727,155.77909418200232,83,49.108
71500,399.46952273051943,139.60683359947478,145.7644698275472,143.1916242489578,77,50.366
71600,370.8282802155487,123.80645401746169,134.14938473702333,137.4994061148745,74,53.143
71700,404.8465972274512,129.39594674718538,149.9112205395428,149.59676555106049,78,51.859
71800,424.64004842856053,143.5387044054286,151.94445472039214,152.26725351544627,80,50.856
71900,447.2193712105678,155.3353452704503,166.53529677318636,162.5676933433814,84,48.999
72000,403.3630206479567,125.24943343398681,150.6000121192526,148.9067976851265,78,52.741
72100,398.20450759563295,141.95671993163143,151.3621595967348,148.0689283067681,78,51.261
72200,429.7718996361309,149.34365585035792,155.28619687531395,160.58624811465992,81,48.589
72300,438.0889622919396,145.83720933837833,150.3837197818513,152.2991241470578,81,51.441
72400,437.36377577203876,154.039523187336,162.47999273041788,162.190899271038,83,46.475
72500,426.13003718744943,145.1441615994047,150.6831053809495,153.11871791353826,79,48.599
72600,441.64059050206606,150.16888946621017,161.4617738491761,154.54957913419554,83,51.203
72700,464.17114428795173,151.81223381648041,161.57760102312182,159.80966996182514,85,48.986
72800,439.10944568431376,140.68639921312123,155.93226405553966,154.61400495182346,80,49.678
72900,436.15249981861183,149.0382935852361,153.33924246564126,161.0308395099069,83,49.152
73000,409.0840449075253,145.91993792322896,150.99265495708372,151.43828666009597,78,49.859
73100,450.94496722311146,145.34574894777353,159.91647581772938,153.56217128490817,83,50.01
73200,453.19699844410457,147.05364698508205,161.09377187677597,161.6235145245688,83,50.475
73300,405.37836359141227,133.8101033405283,145.11667545584774,150.37047184266632,78,49.65
73400,445.9034078348992,155.93662640661768,156.7003621929434,156.19942408978545,81,48.451
73500,479.6570151586119,156.1570009620482,163.91721971534702,168.09350588794862,85,48.265
73600,430.26999942942393,144.52451047006667,154.66570921461187,154.11519453823297,81,48.612
73700,468.088495275746,157.74117080673403,170.61177233899514,162.02838877814918,86,48.834
73800,476.19778892076664,159.13585274117793,168.89284015400338,167.09999989823964,86,47.26
73900,412.2451881962306,136.5351251145027,150.046878116803,144.43087246131455,78,49.2
74000,456.5884417013887,152.72163627650468,161.5547638221461,165.5246892844044,84,49.911
74100,414.7894858808461,138.73109194329263,153.6649172259951,149.5670452130915,80,50.818
74200,443.7792859816172,156.79909886213008,163.2510425186061,164.84224866081217,84,49.252
74300,431.9962728790617,141.56203666551156,150.80680793130702,148.47698814949769,77,49.419
74400,447.01473564254064,150.51193982889168,158.0047300309614,157.01735543989926,82,47.766
74500,396.16984391894255,143.90293300063823,148.59365689241906,140.99245252092234,78,48.808
74600,464.1258851365718,161.8230361549073,165.05480361241843,163.62511877003988,83,47.753
74700,406.8958569399341,147.4239025551999,149.09774203616172,150.13194266384994,79,49.697
74800,405.09308113229963,143.2548284679596,150.3777927323456,143.5533310065592,79,51.991
74900,403.9368852233792,132.30867207640503,146.0877435041119,147.38752489036997,76,49.469
75000,522.0614903561017,171.91320959522335,182.618764549764,181.94474178092685,90,46.617
75100,392.2558486933425,128.85182352043768,145.0667387199651,148.6497880363567,77,51.377
75200,424.6804493189354,139.46871269525008,153.28224957508056,153.3770034590865,79,50.221
75300,383.4485493339908,130.85538186027148,147.52046561514547,142.00410307039675,76,50.588
75400,340.33130302823963,117.99948772972519,130.9621506277991,132.1586266656175,71,50.95
75500,392.4421574035516,127.72620455325236,141.20527369156736,143.0261131208109,75,51.268
75600,383.2824304223097,128.53354447567025,140.14881970182404,140.83487920643427,76,52.743
75700,481.2349134896505,160.91219214466668,169.79638905732256,174.19546254332042,87,49.669
75800,462.6626430224377,155.09027721117837,164.26586067003845,168.26235543074736,85,47.193
75900,411.5211062130718,141.36855815758062,149.0032661424166,151.44204739959997,79,50.763
76000,443.34849732597786,145.61954185067526,155.49901970109008,163.4291142587799,81,49.231
76100,402.69337397103175,137.17128239652828,142.34702718453045,135.1182740496739,75,50.675
76200,424.3701287178083,137.84630944099456,148.35159161726412,154.23508090484728,79,47.735
76300,410.9265036848658,135.74388312597785,151.6375416488647,145.395742323977,77,48.148
76400,433.00985594081357,146.73435796106526,155.55346417148306,148.10209089330655,80,50.373
76500,456.70161323503174,160.08472609913554,157.29875789975017,155.93594587299182,82,47.569
76600,407.96389762218166,142.74045428105433,144.52431209773823,146.13436618709866,78,49.079
76700,431.3441855025218,148.12112924642014,151.13972296548977,152.30269561886212,80,49.831
76800,423.87231139356584,141.88085481764722,152.5843536436235,154.7619764882328,79,48.996
76900,416.7986173122187,147.96593868945655,153.1193122587442,152.41830872178193,80,51.512
77000,462.2390752637888,158.10102095755386,160.81082187636787,161.79773498793793,82,47.117
77100,436.56086290234117,141.9580784000486,155.32808198127645,158.46771178604703,80,47.034
77200,457.1428628040865,149.52519444818665,164.9084617033109,163.39416507205726,83,50.067
77300,415.31731893786707,138.4941664061366,145.95776203114528,148.49706749405533,77,49.437
77400,425.8465778071986,145.80546992585593,152.55970178237806,150.56923298105275,81,50.275
77500,412.4285023221136,139.6204542577123,148.58065158762543,145.50950045718105,78,49.904
77600,456.31315385500244,154.1296702469146,161.37217186670512,162.74237789310243,83,49.004
77700,414.1433461210874,140.68253027955225,147.7264681007796,149.80844305639278,78,49.202
77800,499.7512870464527,170.7241679953743,177.54135427027543,173.3082222787955,89,48.039
77900,470.472017739414,156.96495151743045,168.3166765180827,165.5951185855629,85,47.55
78000,446.5436863477623,149.22106482481527,159.19063234810093,159.7419545797348,83,47.45
78100,426.7078639745614,143.34773952351753,151.29251743319762,149.04650743351027,79,46.097
78200,455.129028566245,151.04488301114696,165.05443735028163,163.0472093281853,83,48.977
78300,439.41574299368267,150.7179646284068,150.34705021110832,157.5617647134035,81,48.796
78400,462.6615867418057,159.41923612756554,168.73296481622742,171.08423404197893,87,47.835
78500,431.21862218309207,139.24490644619874,157.07187266323308,153.40580885343527,80,46.235
78600,462.6286552120977,148.18120587670936,166.32305698039875,163.86434682843364,85,49.554
78700,396.7482782338897,130.3197620416692,144.91977185414015,147.68616613792642,77,48.21
78800,482.09724888814935,159.0375719938695,168.00060511422546,171.01373479451647,86,49.441
78900,435.29375490190506,147.62803396553468,156.46903526268355,154.68966448691228,80,48.706
79000,405.80075430604916,128.57691313723362,146.2777433675897,148.88241751864805,78,47.256
79100,421.31415915243423,141.68859680661006,153.17422142444227,148.87051837238215,79,51.253
79200,451.4188560942146,155.30365596239278,158.37329705234765,157.38309114826578,83,48.307
79300,472.46536249301084,161.43209014096345,165.3744003347248,162.57776366954369,85,49.106
79400,432.2202060372168,148.5418081176458,155.21299532232405,158.47146002898285,82,48.864
79500,459.2204528801722,156.77664133322835,160.00131917156315,161.4528045115121,84,47.602
79600,433.10006520349975,146.75006687062444,156.66234084061665,159.17741612893008,84,49.747
79700,420.11760569254625,143.87911444417674,150.97510471108603,152.0084657856963,80,48.785
79800,430.5226870645126,141.28035959088845,159.49814955654355,160.81796388634194,83,48.615
79900,390.50913369794,131.09306711477066,142.01982619065242,151.88377809719427,79,51.852
80000,460.67864967059273,158.5831467296324,163.56459977024758,167.9695391370472,86,49.697
80100,438.71995250684006,152.15785426866162,155.00528050761633,152.6269623688555,81,49.453
80200,507.41159440958035,173.90472847896817,171.85030221149336,179.25338947095875,90,47.38
80300,442.46913374776625,142.06945860444185,157.5376884480089,153.86447157384896,81,48.446
80400,422.7491926241359,138.5612523113368,143.84954671812343,151.19779966501824,79,49.083
80500,431.4075349033527,144.41300314057617,151.21812675064345,151.89374227371235,80,49.398
80600,442.1430313383031,147.16132518903473,155.3770812481711,159.24572730623183,83,50.034
80700,499.3786390650811,162.4645787532337,173.98633864248896,177.56478043003648,89,47.375
80800,490.14380865086343,169.79912860407538,172.0693769599796,180.38935142983183,89,44.86
80900,411.7504105770075,140.91172694730565,140.99078214760362,140.60758841951758,77,50.232
81000,451.1588622580337,151.55471808044942,154.74540433329008,155.77476083701947,83,50.019
81100,425.6578448611936,147.10751153931463,149.65077638399032,148.25554431447085,79,49.5
81200,426.25303165367035,137.69010735062477,152.93203776750994,153.61791907855644,81,48.446
81300,495.62397091479943,163.5107976955821,174.02137210820416,178.2594234065325,88,47.425
81400,454.2454897833462,150.21404277176194,157.2416529405094,162.50876051173293,84,48.112
81500,431.7690407615137,145.11196413027136,155.70585559538168,159.26706272210637,82,47.969
81600,428.17473895193393,143.52478243401728,154.55528425437333,156.57030034272995,82,49.346
81700,425.18211318073327,143.01002935577418,149.83700632406615,157.16308075316877,81,49.646
81800,470.5807865119131,160.37677190576738,166.10948913082575,165.44515419738258,85,48.342
81900,418.3628034969092,148.86465393380004,145.2456088086131,145.16497663565863,79,49.438
82000,483.9717193530583,159.25186800026913,163.50266870221733,169.6603220057036,85,48.599
82100,447.5912570664059,153.16011756323766,149.99493881977767,154.1275109660267,81,48.171
82200,488.5195699674709,161.63919910017455,169.67580404106462,172.66766935924798,88,46.275
82300,429.57711520933384,139.30664672730677,148.48425481773367,149.64062185999413,80,51.087
82400,450.8233957281718,154.61586455394735,159.2649505863888,157.8822564758324,82,47.908
82500,443.69638611284535,154.4308911989373,160.00811674593427,162.12126216333493,83,48.752
82600,383.41695778465333,136.48132746459353,137.20673878474483,148.64227135650643,75,47.594
82700,473.01488393045213,160.55134026452993,165.44027855568518,169.9172814552671,85,49.051
82800,467.6042274945054,157.50659295797624,166.29345153055834,166.86735959378194,86,47.677
82900,445.1524267042699,154.446887002901,154.6678974462333,158.0038351035209,81,46.97
83000,423.24147688516115,142.55126235710648,150.66961928851904,152.73106155408843,78,46.476
83100,486.146718963503,167.74537492296946,170.45839759494697,172.41011057954688,87,49.035
83200,449.75150931971615,151.9264860555847,148.69221682183354,156.73837031050584,81,47.167
83300,423.025816611334,145.29856270708916,143.06105198985958,148.81016014605248,79,46.475
83400,377.5783296193796,133.65638061968156,135.75883427800198,145.4516860327307,76,50.573
83500,477.1990896177992,163.11559583550104,165.2985661715658,166.87994867225362,86,47.158
83600,464.5986183016345,160.52488992733416,164.87355665179336,166.63996980721637,85,48.028
83700,504.8331699275648,166.00756801969175,172.95773603210517,178.34202008096304,89,46.159
83800,467.28082351301384,160.15846510675993,164.71028689672832,165.08828241173902,85,46.826
83900,437.0995431234098,147.0177973169453,156.0279291452249,157.3086577325049,80,46.884
84000,436.761946991414,155.7186946006256,147.36093818085246,158.6589757918965,82,49.193
84100,490.081145857593,163.45049925270473,165.98074292741086,170.7894087784656,86,48.163
84200,406.5504527310898,147.10405532985808,153.87794729425133,145.33984956726815,79,47.447
84300,471.5520863058048,163.7186382396077,166.94593123152356,166.75471882765436,86,47.543
84400,432.811601002669,153.63723433180948,159.64621434376838,159.46808674325732,82,49.012
84500,409.9030645417246,150.24009673892724,161.86386931694156,159.84082210057946,83,49.375
84600,415.9696260829338,147.82685559234878,150.4662164308622,153.10937356883596,82,51.192
84700,542.5380810135554,181.46641183765246,183.21778726566458,186.71776085190916,92,47.813
84800,374.6330017949031,133.2326807232981,142.93003186185953,145.96326234836428,76,48.816
84900,450.45916104830343,155.74126458451946,156.46700566567972,157.01464336076646,81,47.861
85000,410.71688864347175,140.63781814000652,149.4074389392323,146.05122731676565,77,47.763
85100,495.1625599004781,167.34553896213137,167.1308129595289,175.72303985071042,88,47.373
85200,409.0248763503665,143.3336262599725,144.24736961048782,153.5839461979329,80,51.069
85300,452.39447346228167,164.246065999055,166.25403279502524,166.34280804978596,86,50.84
85400,324.75154908163245,124.53406765146707,134.3972385903884,132.80137331955981,73,48.394
85500,435.82899507089155,147.56450767036517,153.03809791698072,158.0855995074053,82,49.915
85600,373.4976326304414,129.4525646850099,137.19715267189957,136.99778219739812,74,51.684
85700,420.4753205033586,145.40222290816646,152.09000314546694,151.4838037614148,78,47.191
85800,359.81848754405155,136.0128765599676,143.75844531409206,143.36819868749228,75,49.535
85900,339.8969053269902,126.9019018541311,134.9635790985321,136.75394434483997,73,49.405
86000,367.42628762964387,144.93141104739277,148.3297712483782,145.69913051004585,77,47.741
86100,361.7453939190815,137.54755971219652,146.03264927816912,142.3166273456467,75,46.262
86200,332.7030662164176,135.1664846040476,140.37429432559907,135.01006137608755,72,47.059
86300,301.38970815639647,130.03822587412367,140.19305075803962,130.28074110944638,75,47.644
86400,325.0685376117532,126.15603183602317,137.77146353546587,136.28277286198414,71,45.626
86500,367.28591278167033,144.3863042491562,154.48147908718246,151.634356043529,79,44.468
86600,394.25035955685286,146.73996243625044,157.76314335109717,145.75557907673098,81,50.675
86700,396.555292422134,150.18823079921972,155.92456550610063,157.9650749977695,80,46.421
86800,408.41303128492035,135.77917702044672,147.83655913960743,148.59475740196177,77,48.512
86900,399.1906440918485,147.58008948589915,153.14361375120953,147.50506410548033,79,49.118
87000,384.4509079615023,136.3668486966162,142.6645040139013,144.59074393211782,77,47.225
87100,397.4432644809907,137.7826329187017,147.94749906714176,150.32503585192916,80,50.51
87200,397.00784755837196,137.82851931034133,135.53064133630312,139.06794673387265,77,52.695
87300,166.69507773669974,102.30437968033135,101.01526627344401,89.1449492622157,60,51.293
87400,274.4238853882347,118.19638042929697,115.72452439993609,117.73142845903136,65,47.671
87500,222.83768974746314,99.22649898094893,108.14883176837884,105.14752798090142,60,52.757
87600,353.11291772429024,124.9273317588628,127.5063809519329,131.99924601306336,69,49.999
87700,311.37726238423323,104.4215048522912,114.19812965804108,115.17908509442637,65,55.247
87800,459.686575320163,159.4507588142073,162.69063735986677,170.4328420805518,85,49.451
87900,382.63154545883015,134.31783329961942,139.79700130977656,144.4078354208771,73,49.606
88000,432.9834304990303,143.1787851968267,153.80961476655585,152.24934242960651,79,48.764
88100,395.09828172002153,126.2021262652726,150.02436717427884,149.2612862567061,78,48.84
88200,428.4264889381557,147.57690642428645,159.0414623201451,160.50927701037241,82,51.269
88300,450.0041755163473,156.4394635019418,166.30065548124966,161.45745386213846,85,51.468
88400,392.5242957470406,125.78030974580086,147.19582510058527,145.49574102194848,77,51.271
88500,369.9848583098712,126.80734205530074,142.24252676600162,143.48969281844091,76,50.419
88600,380.7127829362587,133.72254659234494,145.1329818692934,146.4842187621013,76,52.646
88700,401.25580753903296,144.82713833734113,149.06714083665244,142.22196129050923,78,50.259
88800,406.95375491217374,135.541572677009,146.101557491967,147.86418575921263,79,52.309
88900,410.446790518728,134.35494567245445,150.87703874974918,151.6727807000396,80,51.512
89000,446.13084921149084,153.0249201803233,160.38863308826504,160.6370559335705,84,52.623
89100,452.2729975239553,157.8958245885455,161.7293332884938,162.05627994075252,85,47.806
89200,365.6078583566388,133.29430942082755,143.79921353629953,146.3511801287291,77,51.278
89300,370.4639848345809,130.28788159090436,136.84246232180521,143.800583050962,75,53.115
89400,425.97090515106925,145.98206518913042,157.23013268147372,157.43045991531812,81,52.247
89500,412.62970062336797,141.34273790206774,140.35743091844716,145.66927153184804,77,51.945
89600,372.1782063296908,127.79051241177108,131.3714585002479,138.55671160328123,75,54.941
89700,396.3721812575705,141.03230978463282,147.7123415227375,142.16726688267727,78,50.664
89800,456.128532859306,159.7893419874079,165.18914923451925,167.3891181106203,87,49.307
89900,487.32869406459787,159.645616032797,174.05875212007817,172.23211561766067,87,52.342
90000,442.06577576041616,147.35815331190844,159.30426316695812,157.65995304281577,83,56.219
90100,319.17215833698737,117.82880021666679,120.09925650406491,128.45564826247536,71,56.211
90200,393.5678886791891,135.2150898121135,141.84457117184323,133.29124985640888,75,56.053
90300,409.80110380974395,147.09186783644566,150.8104901867984,151.60676779828745,82,54.779
90400,415.41212316887004,149.81172090339703,138.82767700120144,149.87683238786605,81,53.533
90500,388.74522217687047,132.9660752053349,139.0146806230487,132.0279231721154,76,50.321
90600,462.60632802785375,154.18827765066237,164.46308978659036,166.47991324177264,85,50.242
90700,397.99185696032464,139.0021690483081,143.55076894908282,145.4435969355736,79,51.691
90800,454.1514096513493,146.25257114245073,164.89488271594345,161.99134325389548,85,53.284
90900,386.06189641315706,132.74733691721656,140.6998457934767,136.17911037285944,77,52.693
91000,372.4978995814264,131.25208432000827,133.5256802783727,131.6134234410698,74,51.223
91100,393.5612854119965,135.33390964428318,135.00446128055756,140.85320189350787,76,53.604
91200,416.1668793333439,143.35150416864425,145.30781314130306,155.00554776602178,81,55.643
91300,485.96018555551984,163.3218047501107,169.01775787166332,170.3648053571442,87,47.35
91400,438.82822843141264,151.40921340410523,152.35502353274683,151.64040559026614,82,53.992
91500,437.45070748535784,153.15030387308119,155.86769758530198,156.50130346250654,81,52.143
91600,432.6448383309279,155.6626519654238,151.8967945336084,152.24852673847298,81,50.309
91700,445.1440937152406,152.62350134397312,159.99769473621242,158.52232474724556,84,51.269
91800,393.117437489662,135.72700082178693,147.3226144322808,139.04028240729522,76,51.885
91900,319.67765877738213,124.45386479634517,108.82739184193075,128.2115335615614,69,53.994
92000,425.7639817417026,147.56201879225165,156.2875281753429,152.38722904239222,80,50.553
92100,359.55550700606955,122.0820484611872,129.63090766792243,139.15281842991305,74,52.569
92200,399.3369264008878,135.8001850196664,149.70318132836795,148.1297277460167,79,51.719
92300,388.94148127098765,125.37928579545189,138.40970067938878,137.46612618293457,75,53.732
92400,348.2327173969778,119.17465207700975,130.07549083601035,137.6947898512346,71,54.906
92500,388.29377838776344,134.17558405523076,144.1178880667573,144.26448413923757,76,51.884
92600,457.5524129525791,160.47384076888363,157.27271653482268,163.51407247291098,84,51.523
92700,410.55415755429715,137.1388961155012,146.67813449512116,147.12259993860775,78,51.933
92800,380.24350867900034,132.2068898778026,136.65055796689262,144.20764289453223,75,53.036
92900,407.89120834279225,141.06167860551142,150.87113436091963,151.463426367736,78,55.344
93000,427.0853137575685,149.38563088051376,152.65349984938715,151.25559412762124,80,53.668
93100,410.8288183935342,142.92320942349374,151.6933391256287,150.9430620414545,80,55.17
93200,427.33366529631587,144.52418285767988,153.45601329513016,157.21861267633093,81,52.943
93300,339.3774291083813,119.06936260999203,127.81158549050092,122.71359794612925,70,52.047
93400,369.02988669308866,129.02691550246888,140.56163455191393,140.7612582339042,75,50.726
93500,442.71499158627716,150.9681352822021,155.80541835647762,155.0250175221669,83,53.615
93600,462.9864068556369,157.36871140029163,166.03106752788202,163.08370826051092,86,50.47
93700,390.30263515334684,145.50919714572524,147.75627907500737,146.36011313343874,79,54.091
93800,386.64479687240987,146.34290605198115,141.33669773856383,143.66530720243858,78,52.757
93900,405.8097598897308,136.56085479310164,140.68398945709444,142.9926199550472,75,50.902
94000,364.89043741148896,127.89012059108244,135.68582942837617,131.27134218508195,72,53.83
94100,410.6069595106574,144.35145004335143,143.87174455130278,145.08541902943642,76,54.239
94200,458.6306041149617,158.70388804496872,160.47523616944054,162.325362166535,83,49.187
94300,409.24129341781116,140.77249618579162,144.0003989279633,143.00910594353573,76,50.409
94400,392.1820075129929,138.67443962155056,133.67707973320637,133.7262521098776,75,55.6
94500,416.10316293205864,138.9747839155437,145.93000222350705,149.25674989823582,78,55.223
94600,377.4256415345491,123.19568554130441,137.82985141568153,142.92327468344112,75,54.083
94700,434.8029865067243,148.72019581265803,150.98713188516123,154.79529560680123,81,52.282
94800,469.9200184976728,159.45224755554455,164.3278795831386,168.7983657032024,85,52.757
94900,387.1642269971213,132.9610833533659,138.5264522109486,147.79960473166483,77,52.507
95000,367.7038053518622,127.84619504218112,136.7465650508296,135.82008773168226,75,54.516
95100,432.5456816088544,144.55673501175085,154.5269660136249,156.85058726344678,81,52.968
95200,454.0308379851126,156.87266372483546,158.93791408713543,164.75240061217622,83,50.772
95300,430.5755924135657,147.39080680217967,153.69898098273353,155.6492784048605,80,54.025
95400,377.4173362746602,121.24163401785026,141.1760232014355,139.21160966007366,76,53.526
95500,310.865460548401,118.7582043805191,124.87020652886844,126.0923687754232,69,52.442
95600,411.0261545591511,133.64163802205655,148.16286485958483,150.9409747149282,79,51.698
95700,485.51704822351707,160.21525658474934,166.34459209771904,173.37557101467,87,49.928
95800,370.02981736127333,129.47458095576624,142.53555180515056,137.56570424181592,74,53.866
95900,374.4180322293217,128.6556544677703,129.38418510677903,129.59540081832148,71,53.19
96000,449.93353248642836,149.74588667986484,162.6496710206054,162.24192741612097,84,54.791
96100,415.7998464766348,145.50421723389655,154.34888848704662,156.13153944544442,81,49.359
96200,380.7451915096954,131.04494912742254,145.13798524237896,141.788302080219,75,53.054
96300,411.34655082660663,141.47121827487655,155.8513781639097,152.28723526375904,80,49.976
96400,495.3728972312034,164.45680537678277,178.70439543790425,179.1457379129855,90,50.112
96500,421.3446122174071,148.824478079498,151.11203082087516,155.48540395981897,81,51.292
96600,405.6901879344353,136.99408846508376,155.2052651454408,150.3373341439355,81,49.543
96700,351.06847475124096,119.31613554997212,137.08871704519643,129.2947225239091,73,51.466
96800,437.9727810800242,149.35209991313565,166.54719027320766,159.7471573767919,84,51.502
96900,306.68968588562166,99.77849778439104,109.08524373211392,118.19857698758729,67,52.504
97000,408.9239617021378,139.08698021403563,151.2298790072014,150.92643756194065,80,50.288
97100,478.39553454158516,162.7134953806882,168.96648911696434,167.43126168702204,88,50.368
97200,454.64295614510985,154.23633157685143,160.2078099632786,154.38967324979268,84,52.162
97300,457.6032075112808,157.23815625458502,167.55573957643912,165.43676836025782,84,52.562
97400,463.2010286684698,154.57751012425118,161.8257872256371,165.6792743301747,85,51.397
97500,415.3430670399273,136.11323482592286,154.03746785585832,150.5678352564887,79,52.551
97600,427.3947879820558,147.3784648548186,161.48087458722222,153.9841208036717,82,50.339
97700,425.56198994279407,150.56479399413666,158.6701876952655,154.60922791328986,82,51.215
97800,379.7616921447101,136.7740289930578,144.55711143288624,140.88801143873494,75,53.048
97900,427.0473245619505,157.81555714002423,159.97377460409467,159.05997769531598,84,51.849
98000,388.05987900397105,135.1327494243891,145.38371968503316,151.42122500897457,78,50.47
98100,344.15273952029946,133.1651189117681,132.90889697362954,134.7837706190289,74,53.779
98200,509.574881496774,174.62126425506588,178.64909373492378,178.8911827413416,89,52.278
98300,422.3866256223605,143.7590932220486,148.52345890955488,147.0955961171708,78,54.397
98400,473.3115162158881,163.4349692737075,164.660077373534,169.74588488795402,87,53.238
98500,432.1039058518012,150.17946143431496,156.38251290967136,150.10871854413483,81,55.127
98600,464.25875763090175,162.03337446597578,162.99730901330236,163.1945652984858,84,54.82
98700,464.09043249550444,159.086923566751,168.0273351351078,167.7106035682284,86,54.928
98800,463.23986153421015,161.27114796001317,165.55378625650738,168.69569022647076,85,52.507
98900,404.7756870361876,133.33357428481742,147.67726382955635,150.09120629332423,78,56.558
99000,415.5594970228643,140.75888894821546,147.08748776884292,153.99471128830183,79,53.011
99100,400.37992343714984,134.82674572567214,144.9894736966308,149.0233030242789,78,56.945
99200,406.59237197593893,142.3085374174838,148.49391746033405,156.22466709063056,80,57.625
99300,446.8641336216965,158.01514982529062,156.8255650732146,154.97746672129963,81,53.377
99400,426.2512493171858,140.7507336715036,147.80541804697202,148.3752338179253,78,57.13
99500,411.4255693971567,144.72509517173938,153.199743503456,150.12749165958968,78,55.191
99600,427.1785862039918,151.49241263646164,153.05689094025786,159.65149721131868,80,55.681
99700,418.8073295476613,144.21973658441695,147.74393002739697,152.15522343203594,79,52.017
99800,441.755586473137,144.20350170400962,159.1525099866959,160.9117897170395,81,49.292
99900,396.6239465221567,131.94655075938147,145.36013352170443,146.80415599719322,76,51.896
100000,431.93193795777427,154.21256408905307,152.33463178537724,159.2326811454313,81,51.988
100100,417.84637727756643,145.01862477530165,148.16603515238228,150.16495848894883,80,55.447
100200,428.25704151876323,146.36316417857913,150.81289601857134,149.17886085696244,78,49.781
100300,450.2546083327465,156.2940389810761,165.99964132155938,164.38085708014765,84,49.791
100400,457.78882200389876,155.7407578223101,166.97733396316156,166.21632034027246,85,50.851
100500,412.95854178892574,139.1998232443233,144.85970610350012,151.79431995561484,77,52.186
100600,325.52485053811534,117.60113716203863,124.60941505717727,126.78475665110868,69,49.94
100700,350.966544582771,118.28616480022765,133.8976653953439,134.12607153152544,70,50.681
100800,433.04762085648275,165.72473092722979,164.84854040257457,162.64545855813714,84,48.911
100900,396.1871118175033,136.58115976727433,143.6526975380302,141.35111500713535,76,54.666
101000,458.6397719991483,150.9761290505823,161.80430207180225,164.54429244219492,84,50.426
101100,373.8647880256797,133.69450033458156,138.97272799221122,134.54503593465972,74,55.471
101200,403.0577622335902,143.30690536461046,146.83755169979736,151.0084388377633,80,53.023
101300,376.55110872034163,124.9728165532884,140.43051052537822,134.50173637082275,72,54.388
101400,394.16977350737216,141.86860153162831,150.87033573700526,146.33368315236748,77,50.557
101500,396.55417903586897,138.91310244555055,147.32486167556362,143.31788923628602,77,48.033
101600,436.2356918391143,150.4532695795602,152.10728336634241,147.67352530249715,81,52.861
101700,386.0507480652243,137.16050059758194,140.10925794257133,139.80804938918504,76,50.076
101800,463.1635977458297,158.94760955866204,166.51633463508014,159.55850085924794,85,49.92
101900,445.7891772213362,149.6140504039007,159.27926591791845,152.45736745117011,81,50.847
102000,409.6444407350432,142.09001955320545,141.86705259747757,141.73137077668406,77,49.686
102100,503.6503160462295,172.13171764149243,179.200138621528,174.58897387388498,90,46.792
102200,433.2610422845062,152.72327649046693,165.239910544512,163.27466578177743,85,49.842
102300,377.2444729377628,137.04671432229915,141.94249825413215,139.00624693177062,74,51.496
102400,422.8569752035565,143.9566027676412,148.42435505134566,151.98875786388032,80,52.27
102500,419.778220461958,145.12424157395287,156.68973033674024,149.68933978099457,81,51.578
102600,444.69241032398554,153.9437465321418,159.76253174520164,162.88162421322733,83,50.404
102700,374.8369951090125,135.4045498264399,137.1684809125453,148.8303694299036,76,55.232
102800,460.4715967437769,158.01625298656944,160.0256731775179,162.7416607934926,82,49.842
102900,415.33864855542413,146.74875990083518,148.15798770395543,147.47647848733527,78,52.862
103000,456.6811483756986,156.51033392706597,162.96983506730874,158.15285513724925,84,54.557
103100,376.0068046655061,137.4960602657158,132.43189646703829,137.03508351372255,75,55.349
103200,426.8529790367218,147.79027543170002,149.71491680818525,157.83348389956282,80,49.783
103300,411.78334589447945,149.95916903260036,159.9095851998756,151.84156304149673,81,50.084
103400,457.3662328439152,164.2688598074817,157.883131466148,163.09733030978413,84,50.649
