100,-54.99926208,25.56478802,45.5079654,28.71942106,38,32.249
200,-132.3019959,20.22621426,32.12444142,14.48076775,33,32.351
300,-124.9840343,-0.631534096,13.23076351,11.80539634,25,33.383
400,-85.55919156,14.73539464,28.08076911,8.611903812,31,31.994
500,-46.00620633,25.44515404,36.81100214,36.71201711,35,31.936
600,29.23827229,56.92776646,63.43187616,43.9412619,43,30.591
700,-124.8538932,10.85641261,20.1110494,10.63417998,27,31.099
800,-10.17999153,28.94688594,38.34005357,19.22779209,33,29.432
900,16.44750052,46.74172276,50.24928828,40.48378201,41,32.29
1000,-58.47505874,26.08403098,20.77368685,19.99940909,31,32.07
1100,-124.0979317,-4.714989282,18.71257371,2.161260932,28,33.314
1200,-7.091043293,30.46484603,45.58501898,29.94740478,36,32.394
1300,-90.54498013,30.12367404,26.53275387,17.01607092,36,46.721
1400,-100.212941,13.68257868,8.788929684,-0.350696644,30,60.145
1500,-176.0040573,-22.86685183,-12.79268414,-28.35461352,20,64.673
1600,-268.8567964,-51.24224255,-100.9980823,-55.19998494,7,65.193
1700,-349.5788572,-64.88591251,-150.2219795,-60.26167164,4,64.517
1800,-310.097059,-61.17775762,-146.5243321,-71.97767482,5,65.619
1900,-308.4302926,-60.16118533,-129.37157,-66.78217826,3,68.777
2000,-377.1396246,-69.01916443,-144.2402395,-87.83830751,1,67.619
2100,-324.7146559,-62.62019505,-138.155297,-72.54016383,2,67.655
2200,-335.5658314,-75.85031494,-116.5908671,-69.24842891,7,67.357
2300,-342.7062629,-51.49387522,-196.1752907,-50.02494652,4,67.357
2400,-286.0420264,-59.56512814,-138.882883,-64.36370225,4,67.697
2500,-270.893683,-51.77457133,-132.5286115,-52.92380379,6,69.375
2600,-315.2177109,-61.11630342,-122.9429616,-45.84140359,8,68.773
2700,-298.5926934,-57.75608976,-115.2126985,-57.70774221,7,68.906
2800,-264.831607,-78.57501914,-80.48436847,-62.28017661,0,69.544
2900,-229.588308,-72.6626623,-67.21592892,-51.17098403,8,70.209
3000,-215.8220032,-62.21611858,-58.4525218,-50.31444066,8,70.742
3100,-271.1089341,-72.87755562,-84.15181816,-55.95399481,5,68.706
3200,-298.6826979,-68.27087894,-104.8803383,-68.71805396,2,72.344
3300,-277.1112968,-76.41592796,-60.68398007,-57.54515424,4,71.521
3400,-261.462686,-74.63640701,-72.26647563,-74.74277483,3,69.832
3500,-264.2508373,-57.2807661,-63.77612268,-61.29969103,8,68.779
3600,-233.5057613,-51.69324753,-56.73834193,-44.62441816,7,67.391
3700,-172.6979934,-42.53933021,-48.07760187,-37.19420183,7,67.371
3800,-195.8646794,-43.02336288,-55.40029373,-50.25808607,6,69.615
3900,-181.8787655,-37.75445597,-42.92434132,-30.00903266,11,67.601
4000,-146.7126342,-40.43249814,-39.07311267,-33.67743189,8,66.14
4100,-170.9783685,-49.9203482,-53.57914322,-40.83185578,5,68.249
4200,-144.8241417,-38.90506264,-34.12271733,-32.01043431,8,70.16
4300,-162.5994916,-44.73927019,-29.23614378,-37.925866,10,68.565
4400,-169.5534874,-25.83422571,-22.42680888,-24.76455647,12,67.214
4500,-151.3236445,-35.97072792,-29.7187645,-24.75094392,8,67.59
4600,-81.76282564,-11.66555411,-17.44756425,-10.9548242,16,65.234
4700,-70.94415692,-9.6793856,-2.984787831,0.507513668,19,66.615
4800,-109.8316874,-16.1172364,-13.52942336,-16.82511478,16,69.121
4900,-32.3858527,1.72234501,2.101921266,1.888734979,21,64.691
5000,-56.80335512,-1.449700281,-8.717348057,-6.001614047,19,65.212
5100,-115.4610946,-23.48795494,-15.19705766,-12.80805517,16,65.792
5200,-105.723777,-18.72252371,-20.35602616,-17.34491272,12,63.886
5300,-50.80439006,-3.375105852,-8.639664946,3.796435591,21,63.748
5400,-41.76670144,5.261920926,0.644407778,7.325521885,22,65.316
5500,-84.88515616,-15.01143698,-6.338775941,-5.373091439,18,65.707
5600,-3.470351233,15.75506245,21.39623405,22.8973323,29,62.542
5700,-71.09960569,-4.646342676,-2.17009592,0.136486312,20,65.455
5800,-86.53889555,-8.472372858,-4.721665481,1.945671424,21,64.385
5900,-28.23217208,-0.589793836,3.652607584,4.382131776,22,65.827
6000,26.77475006,25.8156483,28.01184655,28.43276528,31,63.096
6100,-9.582548222,14.36031002,21.43115908,23.85085736,28,64.305
6200,-28.67902721,12.32574326,10.5010058,13.68789005,25,65.642
6300,-50.61138257,7.292984969,9.719569146,8.84465636,24,64.096
6400,-19.14101085,15.54406414,15.32550387,14.97996063,26,65.264
6500,-43.91833014,-3.955769129,0.64755904,-2.056363854,20,67.854
6600,-53.97769355,-1.422727613,2.64095737,1.383321507,23,65.918
6700,4.14581896,8.696280396,15.33876655,16.49309597,26,65.868
6800,-22.36886841,15.31577328,13.14141533,14.7390889,26,64.595
6900,-27.62275151,9.555240853,9.607955227,13.70006826,27,65.24
7000,-34.30709876,3.55393872,2.82591343,13.68627366,25,65.983
7100,-11.86018555,25.86728326,21.8274864,28.22898002,31,63.628
7200,-8.818493573,11.92957091,5.690669521,12.39464091,27,65.898
7300,-27.87131367,13.20619244,5.549556503,15.53741816,27,64.521
7400,-88.69161351,-3.312625603,-13.13857038,0.627900661,19,66.266
7500,-126.7372831,-6.690025606,-13.64186752,-11.35906717,18,66.942
7600,40.09109959,25.96489354,25.91439584,20.86485121,30,64.171
7700,-44.65186247,10.83730241,8.580121132,6.760438125,24,64.777
7800,-34.89506057,13.97458947,9.607234604,2.005605952,25,65.498
7900,-43.96389758,4.808802585,5.478388449,-9.338555829,21,66.128
8000,29.02978557,31.04240092,31.06073391,15.36388022,33,63.571
8100,-0.224903935,27.13563422,27.29301505,14.67432774,32,62.401
8200,-3.95475484,20.78793031,26.64120823,-5.425497374,30,64.093
8300,-25.09134567,16.30096748,23.53986279,1.303086547,30,61.886
8400,65.6355813,26.4857454,34.09807748,35.97185178,35,62.612
8500,31.67180901,40.24670886,34.5956209,37.37692271,38,65.089
8600,38.81515919,27.08198075,28.09911168,32.93731871,33,63.996
8700,17.22482296,21.97180845,25.71305452,15.90298778,30,63.888
8800,-44.42923028,-2.74845429,3.97269566,0.868648322,23,65.486
8900,125.1878839,62.44799247,65.8281023,62.07874324,46,58.478
9000,46.16940821,32.86493733,35.70203963,29.71024895,34,61.987
9100,90.83676894,50.53714518,50.62288621,51.05744968,39,59.47
9200,20.34778763,16.00044471,32.97568488,23.99797368,33,63.535
9300,113.3133015,45.07255727,50.55381282,52.15900886,39,60.63
9400,46.22922405,31.46976035,35.97629323,36.30375366,34,62.198
9500,73.0272935,46.39604523,39.66390881,50.02540763,41,63.448
9600,-9.430470396,20.9506391,24.62020865,22.22797883,29,64.493
9700,55.43432618,30.3700567,31.22872502,38.43270098,35,62.42
9800,128.7898018,63.57023394,68.5924402,66.3538943,47,60.31
9900,50.26712324,36.02805905,43.3499731,46.99945757,39,61.768
10000,95.45812159,46.06245076,41.98970648,48.40227119,39,60.208
10100,39.98899648,36.1105626,44.63966237,47.85173267,38,60.126
10200,22.05219546,34.99426982,42.31538407,43.93826864,37,62.063
10300,120.8828396,66.72676728,70.52748043,69.44831471,46,59.221
10400,64.81315586,49.48379768,54.62129095,54.15016153,42,61.596
10500,86.54921859,52.78581278,50.52796421,55.11635831,40,61.409
10600,36.32618021,40.60554332,42.20454674,45.84675534,37,62.01
10700,65.41153839,41.34959689,44.09107665,50.26324066,39,60.712
10800,57.70649386,44.95238066,49.44847921,52.5188335,40,59.533
10900,42.78522574,42.06773458,38.64389591,38.90542182,36,62.042
11000,18.67462403,44.05765945,45.76135763,44.77819149,39,61.58
11100,2.391060984,32.56937557,31.26911012,34.31302078,34,64.937
11200,-118.0981133,13.6898433,11.45178706,10.08062708,26,66.647
11300,-0.485898577,31.11044374,35.5721857,34.00135034,33,62.906
11400,-88.79654269,28.08158672,25.49373499,29.51276975,32,66.441
11500,160.1002407,77.90188083,69.35885478,73.10304447,51,59.999
11600,73.80518703,45.73875813,49.9868931,49.53125101,40,63.275
11700,204.8187399,86.84269386,81.14610371,85.80891455,53,60.564
11800,83.80800149,54.21937665,57.50021617,60.39346385,42,58.644
11900,48.13103984,48.45968809,49.73483201,47.38133,38,62.037
12000,109.120997,68.74882199,74.16509174,71.92013775,48,60.559
12100,-4.067142152,26.76286835,27.12021491,35.75808329,33,63.96
12200,39.45159605,36.56263845,36.19723984,38.81601606,36,63.23
12300,-21.88464408,22.4340691,29.8327218,30.62523214,33,62.664
12400,98.0652921,50.91947356,52.55629032,52.81247923,41,61.663
12500,120.2236285,63.37404699,64.04029778,66.64939784,46,60.057
12600,86.65760624,53.42644285,40.00321863,49.59264729,41,60.705
12700,154.5016273,72.60836317,72.70745344,71.4959259,48,60.596
12800,75.80006392,41.24613099,34.15302984,46.65313613,36,59.75
12900,170.2999739,75.22121378,76.32279206,75.46620165,50,60.223
13000,3.623675441,31.6487338,33.37459403,33.0460257,32,63.011
13100,-12.36629017,25.30811873,24.41862333,29.86078764,32,62.932
13200,7.33816335,34.40939981,27.58204283,36.12195191,35,62.216
13300,67.20773625,55.11823491,53.25932422,57.38422717,42,59.854
13400,165.5208662,68.26348517,64.98290035,68.52277948,47,58.43
13500,11.10504701,29.99557291,29.75060225,34.46747241,34,61.697
13600,-6.569000829,28.84513569,15.87013595,26.22564804,31,63.963
13700,102.5835754,50.12581067,51.32180641,53.35052338,41,61.105
13800,133.1352894,65.2828789,59.76555856,56.34935825,45,60.596
13900,117.0164492,65.8013863,62.8995607,64.84005317,45,60.449
14000,129.3305602,63.52627006,70.7492289,69.24387632,46,61.357
14100,211.2797598,83.4319946,82.71961851,87.41309671,55,59.778
14200,119.0648268,68.14834587,71.29702335,73.79382046,48,60.536
14300,56.13895867,61.39947531,65.27115202,66.43174196,45,60.841
14400,34.50310886,31.44032726,40.4146118,45.08212061,38,64.101
14500,100.8925256,42.59637248,51.54186876,48.87386806,41,60.6
14600,118.2699223,58.22746476,62.15872696,62.95478279,45,64.179
14700,122.1968489,60.02232949,61.33595909,68.76307734,46,61.882
14800,97.65383281,57.34163638,59.36894521,57.60146589,43,62.179
14900,263.7744692,96.92922742,97.67800574,99.92229235,59,56.915
15000,168.754696,67.40733637,68.39207815,65.56641153,46,62.04
15100,134.0307994,60.68835248,68.31246521,70.35306911,47,62.07
15200,157.4550666,65.87018475,74.81523722,76.19305145,50,60.776
15300,225.2214569,84.98836568,92.03604892,92.85625797,56,61.233
15400,77.78154004,38.58174086,47.73970564,53.17682699,41,63.289
15500,19.49224419,20.68605828,31.846696,32.40168153,32,66.113
15600,70.4386756,24.16802177,45.20264441,47.72129204,38,63.395
15700,67.71532527,35.79205819,51.62719252,55.20180555,40,63.236
15800,82.74157912,35.72455398,46.9464791,48.3161718,39,64.796
15900,89.24810166,38.76326082,44.5924204,48.24840715,38,64.525
16000,132.4531771,40.94211321,54.91856356,53.8983615,42,62.992
16100,96.97955219,32.85980124,52.10064145,53.62778924,41,62.148
16200,62.58807939,38.8052272,46.69806689,48.21008954,39,64.185
16300,8.884534457,14.48610423,31.82485367,36.19835869,34,64.906
16400,114.5596436,44.46662858,53.21603216,57.55047506,41,64.059
16500,142.8295446,64.10014582,67.54098098,69.31843909,47,58.806
16600,160.3987418,65.55049355,78.53766099,81.18564621,52,62.969
16700,86.36266968,50.78859453,51.97193993,56.06980979,42,61.549
16800,180.5682813,62.62023539,75.99421243,79.05861004,51,60.497
16900,129.5162658,37.1870121,60.46905512,56.50159049,44,61.434
17000,171.6714541,71.1192581,74.28762525,72.40869975,47,60.86
17100,56.60634854,34.82512039,52.95985966,53.53801831,40,59.342
17200,154.0679997,63.02188841,77.98554492,79.49280152,50,61.566
17300,180.1870935,64.63272177,77.13810532,78.54943334,51,61.419
17400,130.3786406,48.27554543,54.71836555,62.26905463,44,62.249
17500,58.46382332,40.57211757,57.49140967,61.55490205,44,60.406
17600,86.85502072,39.20400551,53.06386648,57.33099439,43,61.988
17700,176.8577062,62.36431024,74.76217777,77.64417327,51,61.028
17800,105.2646362,39.04415941,55.68172705,60.94231681,44,60.438
17900,111.715556,47.12031144,63.99608618,69.07074333,46,61.943
18000,143.2795715,62.14531013,72.58602012,80.98463882,51,58.266
18100,178.9751938,63.42467121,77.17648178,80.18386872,51,59.725
18200,205.7190792,74.68969435,85.7294317,85.67278314,53,59.93
18300,192.0774969,73.03033114,82.61702826,82.96531199,53,56.494
18400,228.8687069,79.81907757,97.08919421,98.10848958,57,57.895
18500,93.89775936,44.52057101,52.98904179,56.17467229,43,61.368
18600,63.94698546,25.01477675,43.10522631,42.61626081,36,68.083
18700,149.2676054,51.50110886,64.51394437,68.59007922,47,59.964
18800,97.68507764,38.32488218,55.88180113,61.12805072,43,62.787
18900,141.0717605,47.66812972,68.53118207,72.93588955,47,61.279
19000,268.7324191,95.98117384,94.4540283,99.49977666,59,58.104
19100,126.5993824,60.8284124,64.17868764,73.15141794,48,60.682
19200,96.30696152,47.07243611,51.84076702,56.93884228,42,62.924
19300,165.5957421,72.84662423,77.74103884,76.61383592,52,58.689
19400,210.7245334,77.64269802,75.0094179,84.52747143,53,60.099
19500,209.6339227,79.70124312,88.78086015,92.87331372,56,60.195
19600,207.7312221,78.43581344,80.97074568,88.68685176,55,58.153
19700,202.1296093,78.30543899,79.17083402,83.1198691,53,59.246
19800,216.4331867,79.36135384,90.10986405,91.12884574,55,60.347
19900,242.6324604,96.11915311,106.8370058,108.4293602,61,56.291
20000,219.1069109,81.40133042,86.489584,88.13752802,54,59.156
20100,192.3268917,73.11307588,75.89904275,80.25387349,50,58.168
20200,232.7779919,88.58281198,90.38784089,91.00455583,55,57.733
20300,280.6255716,106.9293622,107.6450718,109.5201517,63,58.846
20400,275.6992117,95.73987338,99.91465052,99.62973507,59,59.441
20500,217.2793868,88.24879242,88.73182102,91.15004749,56,58.681
20600,308.1268061,115.9565648,117.834654,117.5803639,65,56.101
20700,183.4689342,87.89161288,91.56162094,91.44465782,55,59.527
20800,251.1065036,92.49563697,91.62851215,90.50107212,55,59.788
20900,282.4870649,111.0128525,112.1038753,113.211927,64,57.443
21000,149.982074,67.60869204,65.21731473,70.28262921,47,59.515
21100,321.2823018,113.8751084,111.3923743,114.6181508,65,56.372
21200,212.8730143,91.31351617,92.38785744,94.95863601,57,58.716
21300,152.9313383,71.09766498,71.9175653,74.91768799,48,59.229
21400,216.2715228,84.09940195,83.74519842,87.10040497,53,58.583
21500,242.3809953,89.47197081,90.94466047,93.16240721,57,59.666
21600,226.3927573,87.92289249,87.72057081,91.13415402,55,58.033
21700,171.387194,74.86746353,76.52557042,75.5023906,49,61.694
21800,209.8254681,86.33557191,86.84137944,90.52890179,55,59.392
21900,212.4992045,73.88361578,76.72719845,77.76078779,50,61.136
22000,236.9927043,92.65473925,91.96603848,94.16729844,58,57.569
22100,122.7230529,52.74602169,51.16722544,55.17134586,42,63.074
22200,187.6625096,78.28716067,75.16207676,78.68626465,50,58.992
22300,200.8071765,90.5306278,89.63017018,91.08353321,57,57.066
22400,220.1612342,84.10399111,89.28312277,90.04671132,54,56.794
22500,209.5639783,85.56452062,87.01983119,86.48095317,55,57.779
22600,248.4583848,91.59747005,92.62371403,95.08636646,56,59.907
22700,231.2952397,90.4072446,93.67679891,95.99667843,57,56.897
22800,189.1707311,73.166708,71.26683989,69.62203768,49,61.727
22900,202.974338,80.15062422,79.36571276,81.34740375,51,61.062
23000,214.1800318,84.63891861,83.2408305,84.88700417,53,60.267
23100,212.6270259,91.02559123,87.30850519,91.55643687,55,60.457
23200,263.2720335,103.0120738,98.43560878,102.6972951,59,57.833
23300,206.8457034,81.83694148,80.30946525,77.89138192,52,60.394
23400,248.2841371,93.47773174,92.31998699,93.54454756,58,93.138
23500,247.6382108,94.24765492,90.759884,94.49645532,57,124.042
23600,182.5935662,82.60606617,79.54000704,82.37858171,53,123.443
23700,222.2805531,84.70779923,75.89967954,85.29199365,52,127.487
23800,274.5918669,97.3763327,96.78010322,98.86229536,60,122.365
23900,187.9053942,84.25635546,80.64619323,85.64216612,54,125.673
24000,205.2408279,71.8846468,70.79299175,73.81147534,50,128.156
24100,246.9502689,100.8238922,103.401945,103.6093241,60,118.18
24200,232.4940043,95.35190623,90.28238658,94.8378118,58,119.981
24300,293.0166581,106.3391017,103.9737103,107.7397782,63,124.839
24400,206.3058897,72.67394736,76.24301149,77.15091745,50,130.027
24500,183.3643206,77.42704609,74.17028188,79.24964157,51,130.541
24600,229.5773355,96.45233381,91.77987995,97.97395725,58,124.939
24700,223.9144199,86.06868261,82.97228601,85.99601632,54,122.687
24800,220.9983927,86.38102205,79.78491151,86.87477738,53,124.676
24900,292.2968893,106.2225132,105.6999625,110.5860126,63,119.934
25000,249.5633642,90.97056819,92.64000066,93.56313132,57,124.121
25100,233.9111133,88.66000626,84.40116951,91.17883547,56,131.438
25200,185.5521187,81.05302091,68.8675071,80.69028989,51,120.882
25300,199.0166346,75.85331846,66.10999712,75.80623418,49,129.649
25400,191.2667889,79.90405005,72.97437608,80.77690961,52,129.65
25500,194.576994,85.77230156,72.32086408,86.80742584,54,126.707
25600,199.5960332,78.14502945,71.17095177,78.62487746,50,124.955
25700,236.6191552,84.31393701,78.67462501,84.4959083,53,120.53
25800,182.6170595,68.91078513,63.41860838,68.50501565,47,131.595
25900,211.6343087,88.88410205,78.99653987,91.54228013,54,124.615
26000,215.1714145,91.60047491,79.59051643,93.0352575,56,126.252
26100,199.597128,81.85912853,79.10463795,81.63841843,52,125.733
26200,222.764968,92.04542621,86.82345444,94.86292478,56,121.809
26300,226.7988064,96.8095983,95.53981365,99.2146914,57,123.811
26400,266.8930385,96.43469723,96.45061388,97.78645206,58,120.345
26500,235.5909502,101.5932639,97.84317341,102.5174238,60,125.548
26600,118.9637544,65.1316129,60.65126195,69.07813214,45,127.925
26700,164.960686,73.91243889,75.29717206,78.57291328,51,131.998
26800,205.8686806,81.05027747,75.20574188,81.46491002,52,127.759
26900,206.9700883,84.59333992,83.77585998,86.71515019,54,126.123
27000,214.4632988,91.62959863,88.24651583,88.14588423,55,126.481
27100,213.1343533,95.13121502,94.82997758,94.17683166,57,125.587
27200,114.7189802,69.90095119,71.21597137,68.20418207,47,127.937
27300,168.6847051,66.9712483,61.85577231,70.13551521,47,131.014
27400,123.1564128,70.84820119,64.23908513,69.55478734,49,128.818
27500,195.1120937,80.11622356,79.07223808,79.60594287,51,133.179
27600,189.721914,80.38497453,74.4162114,81.48387141,52,132.516
27700,216.7038025,90.34896505,82.54656525,90.74220256,54,122.614
27800,324.4600428,111.8433746,115.9286979,117.7603087,65,121.765
27900,274.2912482,99.32414388,102.3399553,105.5030674,60,125.884
28000,279.3853586,106.4706481,101.3921354,107.9332748,62,121.578
28100,235.6510013,90.57084893,92.54862663,96.56316138,57,122.632
28200,272.4833643,99.5720701,101.8203118,104.6227621,60,124.932
28300,190.3226346,81.88841245,82.64688199,82.41202245,52,126.608
28400,202.530642,81.77948918,85.66888469,86.84280559,52,121.989
28500,264.6144519,98.78766495,93.94001287,99.71463754,58,126.606
28600,272.4279608,103.3311261,107.2723313,109.6909612,61,119.883
28700,287.2605523,116.8817388,115.4699131,114.6778052,66,121.386
28800,287.5148199,108.4663979,102.6437473,106.1466521,63,124.746
28900,267.4284961,101.7382244,97.68788622,102.86323,61,127.005
29000,282.8152867,105.3543116,103.3423141,104.3293038,61,122.267
29100,186.6495375,87.79518302,87.21164729,91.35944256,55,125.477
29200,245.777603,99.04382322,94.09761767,97.90327854,58,120.312
29300,345.7617169,127.225568,123.9736272,127.4693917,70,113.428
29400,287.7208254,103.92457,105.6369363,110.0178592,64,121.534
29500,249.1845541,89.35373258,90.25797374,91.88875967,56,124.82
29600,287.4732342,100.7916659,99.93043486,102.8185421,61,122.979
29700,281.9452325,95.99582699,100.7343639,102.3700102,60,126.151
29800,274.2992796,97.11301246,96.70444876,97.40456924,58,120.27
29900,264.5004632,102.5608972,103.3145981,108.868906,61,122.933
30000,308.921561,111.0526935,103.2842454,112.8831428,63,126.192
30100,320.7745228,117.1175492,117.2839235,121.3813456,66,115.229
30200,339.5936933,127.1829892,127.922821,129.9192703,69,115.829
30300,291.2121187,110.7060251,108.952228,109.5541298,63,115.204
30400,287.0048717,108.625272,106.477103,112.2529355,64,125.775
30500,256.1174387,101.9202088,96.96638863,101.5093239,60,121.899
30600,270.7354458,105.9747207,107.1630227,114.5374164,64,122.344
30700,244.074968,91.64150346,95.13474055,98.03977242,58,121.677
30800,350.222516,129.374959,127.5850361,131.5997425,70,113.616
30900,236.9143142,92.91645092,99.94578685,105.7664161,61,119.337
31000,268.0294494,103.7592708,103.3639661,104.254681,61,115.562
31100,247.9123678,97.58508612,99.36553059,99.45002817,58,124.772
31200,252.6559624,98.13238008,91.33882519,104.6745913,61,120.631
31300,219.9236211,90.51399609,85.7315115,88.48934851,54,119.777
31400,292.5142819,108.0083433,105.2030104,109.8764936,63,115.281
31500,219.0751615,84.54733896,80.30505625,86.70760533,53,125.851
31600,292.9025369,108.61534,108.4055191,112.9985815,64,118.917
31700,215.997041,89.32426979,90.59260807,93.82726723,56,121.503
31800,322.2431424,127.5672623,122.3248912,128.0966835,68,113.472
31900,264.7609609,100.808585,105.2802369,107.3808044,61,121.786
32000,306.4866272,106.9989205,104.9213229,105.8123938,62,127.008
32100,277.2557617,105.8226611,99.35688264,106.6602696,62,114.826
32200,262.3539783,99.17511019,95.46788246,102.8286321,59,121.576
32300,248.0101287,91.68343876,92.77407839,98.66033922,59,121.447
32400,361.0922643,130.0295166,127.8566412,128.2387315,70,121.125
32500,284.6251301,111.8006458,102.7241292,112.6714914,64,120.023
32600,339.3527071,124.6224541,119.4602267,124.68798,69,115.992
32700,252.3777616,97.74241363,98.99620227,97.4909058,60,118.828
32800,358.8166247,124.6472027,129.6067858,132.0701716,71,113.807
32900,264.7356985,101.3690093,100.8854227,102.2975239,61,116.636
33000,281.2871586,110.7521404,110.4994021,115.0611697,62,114.901
33100,300.9906093,111.4637396,118.0778418,112.1162886,66,121.743
33200,333.9194578,126.4666171,127.312182,129.1246433,70,114.095
33300,370.259079,129.6920567,130.5223261,125.3702975,71,115.951
33400,265.921936,108.6397137,108.0728346,105.6768528,65,116.755
33500,321.9787949,112.7891503,114.6306257,112.9733478,65,120.687
33600,260.768619,95.97826192,97.85863515,101.8553095,61,122.889
33700,322.8578643,120.2891999,118.5625368,120.3825406,68,119.979
33800,256.2039884,95.8923944,100.5561138,97.10069349,60,116.291
33900,318.0935141,109.6208092,119.1498198,123.1537457,67,120.342
34000,254.6166187,94.07084915,95.56432119,99.13649284,59,121.468
34100,240.1454029,87.696804,89.41702324,91.97976715,56,116.248
34200,366.4432328,123.6509504,132.7770589,132.1032611,71,114.766
34300,254.6991646,101.2347566,92.08461754,104.0304637,60,121.084
34400,337.4294615,124.6441213,129.692713,127.8577606,72,115.611
34500,250.172613,98.82335122,96.00542522,101.2316767,60,121.295
34600,296.3527258,114.7874508,109.7257882,119.0372619,67,120.233
34700,335.2424546,120.7913525,118.9490257,121.6837248,67,114.848
34800,303.4864257,116.6176057,109.3124407,117.4100416,68,121.246
34900,314.4735501,114.0638077,116.7416478,120.5182521,67,120.643
35000,334.9583584,124.1974724,126.4086337,127.3447189,69,110.202
35100,324.3272961,124.4805455,120.1000063,123.4762849,68,119.529
35200,299.0344067,117.1888076,111.1266149,118.3707567,66,114.129
35300,328.9693538,119.076171,121.9355391,120.7864897,69,114.847
35400,342.2625676,124.832192,116.4523267,130.0224259,69,114.158
35500,390.1981631,141.9045992,143.7096637,139.1696098,76,109.1
35600,337.2666934,125.9981221,122.0357725,131.4547202,73,115.252
35700,251.8833213,100.2075764,99.52819212,102.1846135,60,120.64
35800,367.2405771,135.7487955,129.8051272,133.5799989,72,114.037
35900,281.3015819,103.6762411,102.1404929,105.505869,61,114.658
36000,323.7240765,120.9499325,120.0787225,120.5591263,68,115.178
36100,340.6957339,125.9201755,127.8503565,132.7347046,71,115.23
36200,331.0996996,119.0849215,113.7944819,120.4997471,66,114.389
36300,356.3677622,128.6345447,127.3551545,126.1682619,68,115.322
36400,338.7009424,126.4005557,124.169519,129.1071058,69,108.783
36500,292.6153827,111.3027604,112.2035047,115.6173114,63,110.095
36600,345.9629049,125.9588801,119.5024795,130.0006846,70,107.347
36700,362.4956259,135.4668825,138.7823461,137.3132659,75,108.338
36800,302.4524918,111.3019804,116.0567497,117.1648592,66,113.446
36900,282.6862272,107.1201059,115.9487193,114.7995992,65,115.831
37000,283.3006898,115.5170149,112.3197112,119.7534472,65,114.279
37100,270.7202477,105.7974991,102.6950963,104.3179378,61,119.39
37200,363.2157595,131.8722727,134.6679729,138.175058,74,113.928
37300,275.690992,106.7498549,105.1732915,114.7899311,65,114.878
37400,346.6356248,132.6503081,131.3109562,130.4300937,72,109.467
37500,289.3939878,112.7301338,120.6369906,121.6168961,68,117.681
37600,308.9344427,122.634512,113.6707918,125.0342612,67,110.023
37700,319.70258,123.5228703,117.5555919,123.6150555,66,108.494
37800,214.2920401,92.18510707,81.77545255,95.6113906,58,114.439
37900,241.0894903,113.4719111,97.3180013,109.7717229,62,119.273
38000,250.6568473,112.9558687,113.5092474,113.7576071,64,114.694
38100,326.4428846,127.8585942,111.5168995,128.8673031,70,114.979
38200,277.9666673,102.7627624,107.0467235,102.8322552,62,120.275
38300,321.8702934,119.6070705,108.6268545,117.9452862,66,114.527
38400,311.0696903,113.9200641,99.52395567,114.4267411,65,118.909
38500,294.1966826,111.6323876,107.5862797,116.0883342,66,116.269
38600,352.3986917,124.868878,113.9315453,129.7520754,71,114.844
38700,310.3781571,111.922988,103.9790795,113.3498749,66,119.572
38800,342.5424621,133.52043,118.3452495,136.7914768,73,116.687
38900,396.7832486,139.5364093,134.4417679,137.2054861,74,114.429
39000,335.0811258,123.6770403,117.1233516,120.157588,70,110.855
39100,325.9172827,129.1432081,115.8248172,129.3046623,70,114.885
39200,304.30955,110.5122399,114.385851,120.0134618,66,111.328
39300,289.0037807,112.0016611,98.80295846,111.8216964,64,121.956
39400,298.2694079,121.3198233,103.3252124,122.201824,69,116.399
39500,395.987621,145.1611483,135.4466125,145.4013829,77,108.069
39600,361.0041024,134.1743637,131.7127482,139.0268556,74,111.709
39700,405.1233742,141.5364691,142.9124857,143.764858,76,110.372
39800,326.6539262,126.5815722,121.5444507,127.9260961,70,111.242
39900,358.0895017,133.8037206,127.2338913,134.4935932,71,114.421
40000,292.8249743,117.2948783,112.3017833,121.0378212,68,110.244
40100,393.04439,142.440823,138.6028885,145.7684741,76,108.856
40200,380.3389959,135.3636592,136.2884712,144.2128305,76,105.451
40300,399.3094651,147.786308,145.1755058,151.4159508,79,108.356
40400,348.0559491,134.697439,126.7024414,134.8470297,73,109.346
40500,393.8601272,139.9857524,134.8567932,134.1860723,74,109.849
40600,357.2012759,129.1735829,121.7954298,131.2989192,71,110.516
40700,321.3052888,116.2594148,111.2067776,119.8332467,67,115.342
40800,304.8761127,113.634273,107.3375685,110.3644294,64,121.336
40900,331.2227437,119.6912605,114.7197175,119.444846,66,115.728
41000,384.7732118,145.4234164,138.350426,139.8798289,77,114.187
41100,326.7099939,123.1544839,110.49805,121.8419763,69,109.409
41200,326.6061952,121.2250196,114.932312,123.6658645,69,115.829
41300,304.4492768,115.3478008,111.82809,114.7999602,66,116.391
41400,407.8847344,148.114976,141.7038605,144.9051721,78,107.978
41500,387.9363708,140.3915804,130.4395739,143.2740153,75,109.058
41600,375.5538334,130.0684133,128.7876883,132.4109281,71,110.313
41700,329.7420339,129.1256974,122.486047,129.3759024,71,107.409
41800,315.8612875,126.4034685,106.3506147,125.7365452,68,109.533
41900,324.3636161,114.48331,112.6187237,113.5742919,65,114.326
42000,407.1980406,142.9192884,139.2473347,140.3600214,77,108.444
42100,306.3899015,123.0927108,120.1909415,115.0590154,67,113.471
42200,301.8637011,117.0755721,117.0025142,118.0522573,67,115.513
42300,353.4079988,128.4778878,129.6682765,129.0383532,72,113.733
42400,377.9808103,136.6878077,131.2509639,135.5032869,73,109.354
42500,323.3980555,128.0401752,123.774632,127.5643602,69,110.932
42600,392.742481,137.4693146,130.6934003,134.3261513,74,115.179
42700,442.9783154,163.5906864,161.2144588,163.6944806,83,105.898
42800,324.7725596,122.1722434,122.7401169,120.9436936,70,109.423
42900,358.7936605,126.8608957,124.1759513,125.000923,70,109.738
43000,296.8792972,117.9767816,108.3764766,114.8645008,68,116.345
43100,380.906437,140.8807086,129.2880834,142.2167829,76,116.125
43200,363.2578777,135.3698982,129.24343,137.5694464,76,112.233
43300,353.0427171,127.7383808,121.3006081,127.452209,71,116.942
43400,387.6944594,138.2565362,135.6975876,138.9660339,73,110.48
43500,419.4358782,150.3478156,144.0475527,152.5777007,80,109.525
43600,347.6179403,123.2729269,126.3552634,118.5006018,71,105.917
43700,365.8369966,128.8426981,127.6082952,128.3764824,71,116.296
43800,327.4103608,125.2894,121.9494045,124.7570611,70,111.332
43900,309.1815914,120.3291251,117.6438314,117.6151193,68,116.494
44000,256.8515082,93.86786823,95.67271422,93.55093938,58,121.552
44100,339.3128086,128.5350458,126.950926,123.6058292,70,117.618
44200,350.5042822,138.7472046,137.762031,132.7450124,74,105.75
44300,259.7119199,108.0341859,106.3758158,100.8603138,63,115.958
44400,343.0296306,126.2775205,129.5559435,131.098157,71,117.361
44500,338.2123085,128.1947561,131.2366894,129.7632711,70,117.333
44600,324.6678331,121.6348123,125.5918365,124.4134095,69,115.315
44700,327.1788804,123.2165258,127.0682442,122.3651284,69,117.403
44800,323.6175377,116.4676264,114.8000901,109.6654255,66,121.969
44900,269.7300709,103.5487129,105.2603604,103.6499309,62,122.11
45000,371.9426121,140.6459064,140.4547968,134.2416087,74,110.302
45100,393.5423728,143.0521,144.5277384,140.3440122,76,104.57
45200,368.1116843,136.2185961,136.8975214,129.3982337,73,108.544
45300,375.4245178,133.9706102,131.5619255,133.161037,70,105.144
45400,338.8010726,130.2709848,127.297718,128.5375451,71,114.149
45500,353.5875874,122.9976122,120.9584738,125.751886,68,116.176
45600,335.7552978,128.3164306,127.129695,129.5314033,68,109.406
45700,358.0404248,131.2775266,130.1510053,129.4972449,71,109.712
45800,299.6486766,113.3190719,108.4744974,110.6643196,63,110.5
45900,318.0026622,130.2916681,127.58709,123.7424338,68,107.136
46000,392.2645973,147.3807748,141.7770959,145.0205931,76,102.292
46100,329.4197643,126.2313354,123.8448985,121.6058777,69,104.395
46200,315.3867371,118.5226321,116.8177348,117.5650818,68,114.469
46300,282.2643656,115.3975833,114.639616,111.6669406,64,115.998
46400,291.0066576,118.2175645,120.4012355,114.7241863,67,110.482
46500,341.6194974,128.2115801,129.3490262,123.192352,69,112.08
46600,352.5077582,121.6178424,124.6093672,121.5682928,68,116.69
46700,376.1388992,135.9427669,140.4644474,136.661718,75,116.015
46800,385.5276589,144.8990857,146.9490549,144.409492,76,110.738
46900,369.6001928,139.0347124,137.6710817,136.6160359,74,109.95
47000,342.7262337,120.3441228,126.8665626,121.2776064,68,110.602
47100,342.1247544,125.7755442,129.1842213,126.537463,71,109.131
47200,455.1126338,160.3472755,161.4572804,158.4006199,82,104.894
47300,384.5554732,138.0087184,142.4258135,134.0707478,75,109.367
47400,355.7067181,132.4971198,134.4244854,126.7192007,72,110.054
47500,371.0929054,128.586351,130.3361231,125.3335285,71,106.45
47600,363.2578146,137.160674,135.5240311,129.9846898,73,104.473
47700,275.2863829,114.2594625,116.0968891,110.3717319,65,116.071
47800,375.3719212,132.3431876,131.2526032,136.4502963,73,113.71
47900,333.8944871,121.5916236,119.9739533,121.4979107,68,110.143
48000,399.2856814,145.6674946,143.7999824,145.4169396,77,109.334
48100,277.8657453,114.1587477,115.9865392,104.0463879,65,115.51
48200,281.2784589,114.5003129,113.2546372,118.4746645,66,113.79
48300,311.3677502,119.7841519,122.8745072,124.3465162,69,115.329
48400,349.0495478,119.7017347,121.9853323,123.3754541,68,115.316
48500,299.3747933,117.8801974,116.3662847,116.4844898,66,115.079
48600,345.5606001,127.7592047,124.8867647,128.7154155,70,109.954
48700,397.1834094,137.8708123,138.3902772,137.9538618,74,111.287
48800,317.0632048,118.4758308,120.0837409,117.9374883,66,115.644
48900,292.1990884,107.9895143,113.0391393,110.8062304,64,115.795
49000,386.4460911,138.2578024,138.9941317,136.3278312,75,109.608
49100,391.4310666,137.8991094,140.9599232,137.3377969,74,111.792
49200,411.0472866,141.4224752,139.8569979,140.8358886,74,109.616
49300,394.2125361,143.5136981,144.3726949,144.3266006,77,116.298
49400,311.0294282,115.5291444,119.8577183,116.1937192,65,114.419
49500,428.2362533,152.0706046,152.3173263,149.4263092,78,104.364
49600,323.7688666,124.604537,129.0055391,122.6630477,70,114.931
49700,368.2710363,135.0898261,135.3901187,132.3932149,74,110.999
49800,365.4142865,141.6984291,141.7222846,135.0095696,76,109.67
49900,346.9137465,135.2999334,134.9979844,134.338598,71,108.699
50000,262.5020016,113.7311818,113.4174466,115.0501648,63,111.683
50100,292.0240338,117.9481064,122.7599157,121.9135196,66,113.68
50200,308.1769809,124.8347202,127.8602856,129.9146103,68,104.103
50300,344.2742922,122.9669863,132.1932321,132.7855842,71,109.602
50400,409.4572264,147.2339238,148.5092779,148.3158489,78,108.296
50500,372.9615553,131.9815804,132.8305769,133.9165084,73,114.941
50600,423.3438243,145.4971312,150.2800329,149.9787574,79,110.583
50700,268.7567135,123.2777981,122.8016925,120.9462245,66,110.61
50800,254.6618335,106.1893103,104.2036991,108.7955274,60,109.56
50900,278.5471851,122.4298124,125.3036565,118.5428138,67,115.706
51000,356.3983335,125.5776934,134.769863,134.4402814,72,109.187
51100,381.4515451,142.4515576,142.3760267,137.618548,76,108.398
51200,358.6619384,137.1988652,139.466539,138.676025,74,104.958
51300,395.4002381,137.0542457,144.9699005,143.4078252,76,108.128
51400,415.6268527,144.6019627,145.6397991,144.2333268,77,104.055
51500,359.6499656,126.9584953,132.6938525,131.3123621,70,113.637
51600,330.6918172,117.379245,122.4146457,116.4444227,67,116.958
51700,319.0508076,118.3373493,118.1689343,122.5283992,66,109.576
51800,389.6400463,142.3899977,141.4816794,135.9092102,75,104.83
51900,327.0028422,121.7982236,124.8469422,114.1765655,69,115.912
52000,377.9373287,143.099835,144.3881328,138.5423063,76,108.238
52100,386.8140045,139.7091122,141.5582559,134.863201,75,105.077
52200,345.5212148,126.4589242,128.5871553,126.4437994,71,110.498
52300,310.5152898,112.473602,116.0902824,113.8525317,66,114.585
52400,365.2766043,139.1406327,137.6689005,136.4143343,72,110.32
52500,322.8039833,120.9858435,118.8086217,120.7342807,68,115.265
52600,346.0312099,125.2017851,125.9073315,125.9008609,70,110.341
52700,393.3056357,138.1769937,141.6848019,139.8293036,75,109.782
52800,338.6015136,122.5499563,125.7945229,128.7249779,70,110.861
52900,319.910863,109.1452326,114.3728088,115.1450639,64,111.554
53000,347.2764156,129.3945017,127.9030142,124.5049802,69,115.304
53100,286.6418557,112.5311867,114.5199601,111.1216296,64,116.436
53200,364.0495628,131.2965923,132.6063279,132.0426824,72,116.255
53300,353.0382719,129.6588894,129.7125679,124.4901868,70,109.768
53400,265.2070394,98.56209708,100.0329511,96.87543162,61,110.944
53500,310.6041334,109.9002391,114.6651198,113.25519,65,114.761
53600,352.8870065,125.6617537,127.1473428,125.653026,68,109.204
53700,326.9450699,119.9640755,127.4505869,125.4202523,70,110.946
53800,331.429997,131.565053,131.4011472,133.0826211,71,104.15
53900,313.6937589,116.81199,119.6736874,115.8779711,65,115.542
54000,334.2848004,119.6608591,125.6621359,125.5227162,68,109.677
54100,294.1045402,114.9966699,117.2667768,117.3720812,64,108.112
54200,306.2394422,118.1546973,114.20375,116.849533,65,109.797
54300,345.9925822,133.1858603,136.8672301,134.3536299,72,109.452
54400,426.7946226,145.1272407,144.1960522,143.8370348,77,108.802
54500,298.5981334,117.0688255,123.5596926,125.2928367,68,109.957
54600,280.6620757,122.5625426,127.3824929,128.5000078,69,109.317
54700,349.4308561,130.62248,131.9828774,129.6147186,70,105.286
54800,263.8368134,110.7853136,108.4296245,111.2122793,62,107.545
54900,361.1527066,135.4975621,138.3920759,142.4980418,75,110.858
55000,357.3445817,130.8093916,132.7529507,128.0921793,70,110.002
55100,390.6482145,139.2452033,140.423676,140.4929261,75,103.031
55200,353.9981661,134.6731859,136.8004403,136.9871531,73,108.592
55300,344.0039833,125.6437262,132.5937397,133.1475908,71,104.307
55400,339.1578609,125.5513652,125.370936,125.8391899,69,114.792
55500,406.0959875,148.4397996,149.2165813,146.3260356,78,104.705
55600,383.9630157,140.5601227,141.5187228,142.0444903,76,103.238
55700,368.1256301,136.8342896,137.4362336,132.6489178,73,108.333
55800,342.5541725,131.9537484,134.1939359,133.4882991,71,111.371
55900,342.2837004,137.3229937,136.6139142,135.4899928,74,105.272
56000,307.0744281,117.7900788,121.1558479,121.4087488,66,111.492
56100,391.4217952,142.1146058,144.2600751,145.5300339,77,111.163
56200,431.2642475,150.7532713,149.1614714,150.0018466,79,108.572
56300,405.7126516,139.5901489,142.5937583,146.192403,75,103.587
56400,321.3380123,126.3406678,119.040329,124.6431558,69,105.721
56500,326.5291068,121.0344539,126.2773701,121.073663,67,110.665
56600,311.472518,133.8020355,138.9764039,139.1287893,73,110.635
56700,368.7690854,129.303234,131.0408523,131.1764443,70,110.363
56800,326.5719467,130.3475466,132.1926271,128.4958861,70,110.522
56900,345.3657358,125.7031135,127.1466761,129.6297455,70,115.376
57000,349.4210884,123.6555847,127.4339049,125.6163095,69,110.379
57100,308.4189735,116.7485318,116.0022798,117.8515988,64,105.56
57200,396.9919333,147.2698525,148.3640913,145.4126032,77,110.229
57300,364.9763181,135.4386293,134.2876165,134.3979236,73,109.555
57400,370.0469397,139.29133,139.0651343,134.3855364,73,110.499
57500,351.530748,127.5142797,129.2579235,129.7549144,70,104.457
57600,340.3303935,129.4963829,130.8889742,130.5668699,72,114.98
57700,373.6010156,137.7365751,144.1564136,140.8419627,76,104.449
57800,394.3503267,143.2205054,149.8105056,144.6758842,78,105.624
57900,381.8389441,134.8157074,135.6028389,132.7376604,72,110.79
58000,431.7008889,153.7822328,153.0310043,152.9335968,80,103.565
58100,408.1926278,139.9998062,143.5380311,142.397601,76,103.938
58200,394.5258759,147.5430983,149.5753266,148.5191272,79,111.035
58300,398.8694505,148.3585705,150.2563266,150.7138353,78,110.929
58400,317.8839805,118.1937027,123.6207285,120.3307579,67,115.2
58500,356.5262275,129.3007457,133.0298539,128.4848161,71,115.132
58600,344.250337,135.1299655,137.6262026,136.7450689,73,105.33
58700,406.0608165,145.983796,148.0297871,145.7325217,77,115.45
58800,322.7944829,119.6792586,122.6449749,120.5003167,68,112.342
58900,365.5143178,137.763685,137.2503405,133.0958257,73,104.327
59000,458.5379494,161.2371565,162.1008835,155.6831911,83,104.117
59100,335.4198182,128.4448595,127.163761,123.1203497,70,115.917
59200,332.7057579,130.7103178,126.8525254,131.5217562,71,112.507
59300,365.8945892,136.0883174,135.5688972,135.5524653,72,115.338
59400,340.1694198,127.9286912,130.9985831,130.3740869,70,110.875
59500,314.9271869,122.7648629,124.338706,122.7059401,67,112.24
59600,402.7989346,143.6964873,141.9752219,145.5513457,75,109.057
59700,349.412125,135.5517894,130.8882465,133.6318216,72,106.152
59800,382.8935356,138.6342925,137.1976807,136.5984624,74,103.101
59900,406.7757283,147.1296844,147.9712884,145.9123519,77,104.454
60000,331.784512,130.7669233,131.6222588,128.7113276,68,106.16
60100,385.8496428,138.0724432,134.8716385,138.8910329,73,113.416
60200,404.2380729,146.4881821,145.8123855,148.0776221,76,98.742
60300,340.3807347,137.1422803,132.4143152,135.6807127,73,109.243
60400,401.060423,148.3753641,144.3415588,145.7225931,77,103.261
60500,319.4416391,121.5905297,120.9356819,116.187145,66,107.864
60600,390.2155285,143.8692856,139.9437986,139.527569,75,103.479
60700,381.2273915,139.4016132,136.583911,140.3500999,74,104.716
60800,390.9104766,142.9153153,144.3706411,143.825389,75,114.161
60900,354.4066132,135.6908212,140.2449698,133.7714383,74,105.888
61000,358.0965771,134.4096989,129.7972324,134.808305,71,108.642
61100,325.848688,132.7604944,132.9589734,132.3442839,71,106.96
61200,357.2401372,137.4005273,135.6481385,136.1279286,73,108.692
61300,367.2077025,137.412799,137.3146365,136.7270199,73,108.592
61400,325.6148692,136.1117956,136.0425863,124.7841245,73,102.671
61500,352.4782321,132.7205842,134.7451752,135.7332554,73,110.327
61600,430.4791756,153.32941,154.4282634,151.1300832,81,104.398
61700,387.130476,144.0170833,143.7436264,141.9363245,76,109.001
61800,316.823466,121.5911244,115.5351274,120.9380921,67,115.61
61900,368.3561125,138.3577805,132.2576085,140.3619611,75,110.14
62000,334.1383808,126.0952104,126.6244038,124.9418891,70,109.193
62100,375.6210191,141.6563681,144.6966799,142.8405251,76,104.918
62200,311.7175109,123.561142,125.7790883,125.9019564,67,109.128
62300,340.2726994,129.5426487,133.5601198,131.8513716,72,101.866
62400,334.1201287,122.6921476,125.342359,122.4726028,68,107.176
62500,369.5814488,136.6810826,135.6151249,130.3561254,73,105.572
62600,374.4101056,138.0121394,137.0235243,140.8730035,76,106.48
62700,350.0561742,126.379751,119.951618,127.3470797,69,108.119
62800,397.0762599,143.7292388,141.09434,143.4649435,75,104.712
62900,374.229588,144.1306485,141.3355875,143.9470716,75,101.76
63000,368.3787924,134.8939875,133.5342864,137.364454,73,104.466
63100,399.5604057,136.9834492,142.7871034,136.5485121,76,100.071
63200,381.5106512,140.3165881,142.4694203,139.8460182,76,95.675
63300,374.5660026,132.6614855,135.1349732,130.0466592,72,105.34
63400,372.2876508,142.759592,137.7708859,144.174023,75,100.43
63500,357.5288972,132.6264769,131.6617933,125.0709553,71,106.023
63600,298.6132041,116.8230908,122.2055288,114.7522626,67,110.595
63700,365.4577681,131.8921805,134.1661443,134.0711378,73,101.562
63800,398.9090404,150.9721164,152.3357502,145.3016337,78,99.581
63900,390.3737901,139.5026289,144.3097326,141.9594123,77,100.36
64000,326.5053242,127.4712766,127.1963694,117.9476881,68,106.887
64100,349.0648809,128.5365803,129.0114738,129.7726285,70,105.605
64200,355.5120622,129.7346301,133.266135,131.0770924,71,107.306
64300,312.3211761,119.2602096,124.0163401,118.435275,67,107.463
64400,362.0816261,139.2415343,141.630353,136.1992299,73,107.521
64500,349.9616464,130.8480184,133.4808583,129.8052008,72,107.576
64600,410.5558945,148.1440394,150.099354,148.849316,78,100.918
64700,468.8593297,164.2215897,164.7175087,164.7669522,84,95.671
64800,410.89223,148.0445254,155.6464572,149.8060009,80,106.254
64900,350.6303033,128.5296258,127.1612743,129.6165474,69,100.982
65000,314.210112,122.8913316,128.8385145,126.1243478,67,100.88
65100,345.6692861,139.5117059,138.7192848,138.5731293,74,102.105
65200,385.9557996,152.9712517,149.1150532,149.6385457,77,95.587
65300,395.5485259,144.1628348,145.6176216,141.3397158,77,106.783
65400,356.8074031,137.989294,144.0174281,144.0854465,75,93.885
65500,383.8254857,152.4608652,154.2114707,152.6643424,80,105.325
65600,328.6032458,125.4096457,124.4422794,126.3260697,70,107.799
65700,382.8676805,140.6331581,139.6754775,140.8016775,76,106.432
65800,354.0065315,138.4770199,136.1729182,131.7997687,74,100.221
65900,330.7748939,133.8180934,136.2770013,133.4312838,70,99.214
66000,300.592377,117.3504947,119.4201077,121.075913,65,107.444
66100,340.9623628,132.5350964,134.3514978,126.5931601,71,100.347
66200,245.7048571,122.8328266,119.6462559,115.6902997,64,101.399
66300,344.1670289,141.9473527,142.7173751,139.8331382,73,98.455
66400,285.0369383,123.7194631,126.9989556,119.2038148,67,102.166
66500,419.4028331,155.6957508,153.7928668,149.3996893,80,94.981
66600,356.0574588,135.8803988,133.4452659,132.4147327,71,99.443
66700,388.3605943,147.2119266,149.7567027,146.0581793,78,99.612
66800,402.693089,149.1278544,151.5049492,146.3021663,78,101.168
66900,377.319976,145.2707119,147.802856,140.7394676,77,100.673
67000,401.5640016,148.4264466,150.3089748,149.7095875,76,96.095
67100,407.0427149,147.0865809,149.233654,144.2985897,77,98.433
67200,341.24355,123.82443,128.6739468,124.2496949,70,101.847
67300,463.2299966,165.0071273,167.6219486,166.1518684,85,99.552
67400,354.8464199,140.0209828,140.6907196,138.8193594,76,101.621
67500,306.6408985,114.0408064,121.152641,120.5947592,67,104.723
67600,414.0033876,147.4231262,149.9915002,143.581858,78,100.53
67700,314.8280586,121.5369608,124.3996249,113.9705173,67,101.408
67800,316.4606262,125.4374301,131.6560553,122.3284321,71,106.793
67900,384.3136903,138.7425723,141.627548,140.2747821,75,99.671
68000,429.9819959,153.1911018,162.0923296,158.5113852,82,105.905
68100,392.3793357,145.8538647,144.2362587,140.5153204,77,100.385
68200,439.5881274,154.9722435,161.0323982,159.3758332,83,100.751
68300,430.5892102,152.2757486,154.2072295,148.2125275,80,100.145
68400,407.4074781,149.89061,150.6789634,148.9186037,79,100.618
68500,438.1307685,155.1030564,159.3439109,159.6667946,82,100.743
68600,373.865742,136.187463,141.9399548,141.5554948,75,104.748
68700,429.418332,147.9857511,151.2218394,151.130199,79,95.364
68800,394.5905096,140.8145591,141.6072243,141.2796307,74,99.78
68900,408.212167,147.6235007,149.5085936,145.3256988,79,100.079
69000,331.1409718,124.9935363,124.4753272,121.7660381,68,105.783
69100,402.5907817,143.6867529,140.3189057,142.0021882,75,103.764
69200,382.3172914,135.1445936,136.5924414,137.5140618,73,99.62
69300,467.1384288,164.2156239,170.4537627,170.2450147,86,94.739
69400,368.2966967,129.0561869,129.4164868,131.1487551,72,100.291
69500,398.5957815,147.3506408,152.9854688,150.4187399,78,99.649
69600,470.4314826,161.3449892,162.0977848,155.0393379,84,98.482
69700,403.8100986,146.1886692,147.7915304,148.4858697,77,100.49
69800,377.4388121,139.0525333,142.7523087,135.8568992,76,100.095
69900,486.6119175,170.2302108,171.564914,169.518221,87,98.569
70000,379.2902186,138.7720278,138.9694935,138.02832,71,101.138
70100,362.8091733,140.9200823,133.1329799,140.443643,76,105.247
70200,443.5322057,159.0997931,159.694192,150.2935822,82,100.481
70300,412.0539137,146.6663367,153.3091366,149.1505168,79,99.707
70400,331.3458372,130.61042,130.8372017,127.4329482,71,101.768
70500,334.2883959,131.5157371,139.0927308,137.2254458,73,100.47
70600,384.328426,143.9939388,141.1301894,142.9730649,76,100.132
70700,410.935901,145.6639307,148.5244238,146.9000145,77,104.631
70800,316.5368969,117.1404426,119.8663917,119.6198537,66,98.972
70900,284.3364745,101.3768769,107.3969188,110.7658714,63,107.319
71000,327.3864765,120.1148625,123.2152155,123.5363818,68,109.616
71100,375.5118183,138.4093307,141.7949311,143.8029825,76,100.46
71200,372.4683918,130.0911202,132.0252864,133.6795383,71,104.512
71300,371.984681,131.5005947,131.0517901,135.6152,72,99.769
71400,357.7889164,133.2265546,133.9889829,130.5037182,72,105.636
71500,381.1102427,136.323346,136.1382435,135.9625015,74,101.421
71600,343.5328478,122.0468658,125.3304346,121.6935126,68,104.943
71700,355.173701,133.2384024,137.9042909,132.5238613,73,105.485
71800,384.5170269,133.4993582,134.4411562,132.5606495,73,103.986
71900,332.5700886,128.4408876,129.1664191,126.1205492,69,100.525
72000,378.8063812,137.0645761,141.5810994,141.7810674,76,93.882
72100,376.4544197,135.2684683,142.9844167,142.7188438,77,98.229
72200,395.4291884,141.424908,142.726442,143.8396516,77,104.822
72300,350.4230512,125.0160082,126.6249662,120.8768253,70,105.891
72400,313.5985421,115.3337083,114.8077581,118.0079898,67,107.151
72500,373.4255408,135.0100408,131.5590776,135.8150502,72,105.114
72600,336.870675,121.7034393,117.8745785,122.325383,69,105.861
72700,379.266651,137.2189037,136.4455313,135.529572,73,104.272
72800,382.1779962,139.4439097,138.2660876,142.8480642,76,106.024
72900,345.1563756,127.7984441,132.8015676,133.6245764,71,105.365
73000,390.5842591,148.6479865,148.5138327,147.628795,78,95.342
73100,364.7506226,138.2361571,138.7517554,135.102221,74,98.491
73200,401.9402016,147.6054837,155.0545482,155.8006845,79,99.682
73300,400.1178606,152.8351984,153.2007919,154.3106392,81,101.533
73400,389.4101819,145.0791067,144.4176655,142.1952542,75,99.639
73500,405.0827002,147.1735555,148.3010535,144.9489848,77,99.626
73600,369.1430754,133.5916721,135.5394798,134.7130145,71,97.501
73700,452.7353099,157.7627988,160.3639466,157.9978231,82,89.278
73800,374.9622005,134.1498042,137.7421982,137.6796657,75,105.973
73900,422.9066542,152.7940265,155.4902866,153.1816333,80,99.776
74000,306.1164431,115.6996428,118.359848,116.2579403,65,104.342
74100,448.0844605,158.1961216,158.5687315,160.2703176,82,95.714
74200,458.1496364,161.5336933,161.0389258,155.7694643,82,88.756
74300,444.8919406,153.3905956,154.6794527,152.9479914,80,100.202
74400,493.2901352,173.5026329,173.1283525,172.6473075,87,95.491
74500,419.8404503,151.1907652,153.5920226,150.7121433,79,98.783
74600,449.859325,158.061753,158.1712173,153.9096218,82,100.506
74700,399.5196435,143.5688833,149.1708125,147.136305,78,95.08
74800,402.572313,146.1534582,147.7851866,148.1319125,76,99.157
74900,407.5092195,144.7050794,146.8181445,147.7812673,77,95.675
75000,435.5502489,154.6325789,154.430052,153.9342423,80,99.913
75100,402.1933214,137.6658647,148.9244569,147.1243465,78,99.917
75200,395.7141212,144.7343954,143.7635369,143.660549,77,100.383
75300,383.3314162,143.0554059,143.3676424,140.949449,75,105.381
75400,409.4037588,146.4290411,150.9558044,145.2750585,79,95.063
75500,344.627457,128.3227973,128.1309534,125.5384229,68,98.077
75600,463.6178306,161.4283601,162.0094899,158.7246279,83,96.122
75700,392.1541483,143.634388,145.023607,143.95783,75,94.219
75800,413.4632224,148.1774963,147.5477748,146.0209732,76,98.479
75900,343.1191636,134.8527243,134.6548009,130.2189108,71,95.76
76000,382.156648,134.4390345,135.6326199,136.111325,74,110.741
76100,419.4514537,151.1760592,150.8124745,146.7833909,78,93.381
76200,426.0487806,153.2614035,155.1848926,154.5540435,80,94.729
76300,374.1155849,138.7061429,141.6984632,141.9185018,74,99.849
76400,425.4427353,159.0483883,158.772422,154.169486,81,93.097
76500,382.886388,138.8432799,138.1422552,139.1953096,74,100.958
76600,399.5711213,143.6489652,139.923006,143.1110183,77,99.653
76700,397.0465707,137.8248535,140.8961448,140.3322521,74,99.296
76800,308.3751518,127.1273579,127.7651308,124.0855428,69,98.751
76900,351.0593424,134.7969208,132.9834501,132.4568895,71,99.717
77000,311.480383,123.2906105,126.1676666,120.5144822,68,95.197
77100,334.4425415,132.7270603,132.8981535,130.6952406,70,103.976
77200,414.7390596,153.8720177,153.6138839,149.2509799,80,95.697
77300,402.7661461,145.4738627,146.401671,146.8490308,76,97.824
77400,407.5814118,138.784899,144.3283698,144.7537489,76,99.132
77500,394.4587774,142.4674253,140.8511125,139.4059844,74,94.993
77600,477.045121,166.1947607,165.7158251,161.1989736,83,92.484
77700,441.2764868,162.6207075,163.793371,158.9456995,84,94.978
77800,350.1603879,129.7727297,130.1121758,126.1011088,70,99.879
77900,419.1835451,150.1596972,153.2055485,149.7850636,79,93.814
78000,440.8123267,155.9392637,155.0411437,156.0963656,81,93.538
78100,459.5755095,162.2098058,159.4506937,160.1283512,83,98.186
78200,415.7766936,145.2240841,149.6835118,147.7574703,77,93.773
78300,315.6586818,123.5751648,124.8011506,125.6973999,67,99.972
78400,415.9560135,150.2368225,152.926256,149.9488004,80,95.407
78500,393.7320326,143.244467,146.4963281,146.8125577,77,98.003
78600,408.0012965,154.1392925,158.2196357,150.6838457,81,94.516
78700,413.7547203,147.9644247,146.6637457,145.0840032,77,100.554
78800,406.2313742,138.4222059,144.1535914,147.7595795,76,100.199
78900,469.2330122,164.0711971,163.7431435,160.7740804,83,99.3
79000,384.0509035,136.4839342,139.0035996,135.408037,75,100.731
79100,417.7343042,150.7347579,154.7737971,154.1905953,80,99.572
79200,406.4050699,140.4686613,144.3685947,146.2924915,75,99.132
79300,438.5942135,156.5077305,157.5295937,156.8136185,81,95.375
79400,456.0887061,158.5601435,162.4374618,160.9512729,82,93.095
79500,430.1074021,154.5811056,155.5918537,154.9966657,81,93.459
79600,407.909065,140.2472148,142.5123226,142.0555251,75,99.29
79700,345.0777165,119.9105863,130.4834188,128.0896838,68,101.462
79800,315.3733871,116.5474516,118.490264,124.1917109,66,103.743
79900,448.3937729,162.4610525,161.969509,158.969007,84,95.762
80000,378.8133848,141.1114684,139.337882,141.0813041,76,103.8
80100,442.3350518,162.1323613,163.6643841,162.0055081,83,94.842
80200,451.1435063,160.0828799,162.3560114,160.1023738,83,93.682
80300,429.8063643,155.3735535,153.7705538,155.3241705,79,94.788
80400,420.3164165,154.0470319,153.2727784,150.4080838,80,99.387
80500,416.7320822,143.8160412,146.9997978,141.9300413,77,96.225
80600,450.2118027,160.7597144,163.0230406,162.3721431,82,91.732
80700,416.7664543,153.8861908,156.5929478,156.4900564,79,87.921
80800,409.2438006,150.9145568,152.6312476,152.4994318,79,95.529
80900,376.9286013,134.0776439,144.760728,139.3384877,75,93.264
81000,434.6499965,152.7220865,156.0972025,148.1370321,80,92.074
81100,413.2468618,149.807653,149.1501169,143.7378743,78,91.13
81200,367.1446225,133.6394336,140.523572,139.8697751,73,99.13
81300,416.3420137,153.3240241,153.093081,151.5563594,80,96.583
81400,484.3127906,173.5106885,172.0569041,172.5392052,87,91.948
81500,398.8754662,148.7737681,154.4825327,149.4084707,79,92.865
81600,401.2026007,144.6198378,146.1928879,137.4277437,76,91.744
81700,376.7356644,142.3504309,148.4516922,150.9743028,79,93.767
81800,349.1687584,142.2317135,141.633093,140.4216724,75,96.39
81900,421.9233556,159.6543479,159.313886,156.1524032,81,93.432
82000,421.969703,148.1788207,153.4052265,152.5162766,79,92.042
82100,382.2789197,139.2195981,143.4388956,142.6849251,75,97.766
82200,415.7849479,146.809517,148.296085,148.1219956,77,96.471
82300,414.0669805,144.6014212,149.4646788,147.8309479,79,93.361
82400,450.9009592,159.5310149,164.0433254,159.842013,83,91.672
82500,444.033301,159.833519,164.058905,157.0623218,83,92.561
82600,442.4411649,163.4193103,164.870583,163.1088069,84,92.554
82700,365.2912693,137.8299097,138.68329,139.979955,73,92.325
82800,405.4758702,144.0721546,147.9745602,150.7809078,78,95.639
82900,411.5758759,147.3385063,148.0389603,145.0415372,77,93.372
83000,431.7746821,156.543555,157.4197531,153.3982404,80,96.926
83100,421.7384919,157.7738496,158.7956037,156.3081585,81,93.299
83200,400,0,0,0,80,0
83300,400,0,0,0,80,0
83400,400,0,0,0,80,0
83500,400,0,0,0,80,0
83600,400,0,0,0,80,0
83700,400,0,0,0,80,0
83800,400,0,0,0,80,0
83900,400,0,0,0,80,0
84000,400,0,0,0,80,0
84100,400,0,0,0,80,0
84200,400,0,0,0,80,0
84300,400,0,0,0,80,0
84400,400,0,0,0,80,0
84500,400,0,0,0,80,0
84600,400,0,0,0,80,0
84700,400,0,0,0,80,0
84800,400,0,0,0,80,0
84900,400,0,0,0,80,0
85000,400,0,0,0,80,0
85100,400,0,0,0,80,0
85200,400,0,0,0,80,0
85300,400,0,0,0,80,0
85400,400,0,0,0,80,0
85500,400,0,0,0,80,0
85600,400,0,0,0,80,0
85700,400,0,0,0,80,0
85800,400,0,0,0,80,0
85900,400,0,0,0,80,0
86000,400,0,0,0,80,0
86100,400,0,0,0,80,0
86200,400,0,0,0,80,0
86300,400,0,0,0,80,0
86400,400,0,0,0,80,0
86500,400,0,0,0,80,0
86600,400,0,0,0,80,0
86700,400,0,0,0,80,0
86800,400,0,0,0,80,0
86900,400,0,0,0,80,0
87000,400,0,0,0,80,0
87100,400,0,0,0,80,0
87200,400,0,0,0,80,0
87300,400,0,0,0,80,0
87400,400,0,0,0,80,0
87500,400,0,0,0,80,0
87600,400,0,0,0,80,0
87700,400,0,0,0,80,0
87800,400,0,0,0,80,0
87900,400,0,0,0,80,0
88000,400,0,0,0,80,0
88100,400,0,0,0,80,0
88200,400,0,0,0,80,0
88300,400,0,0,0,80,0
88400,400,0,0,0,80,0
88500,400,0,0,0,80,0
88600,400,0,0,0,80,0
88700,400,0,0,0,80,0
88800,400,0,0,0,80,0
88900,400,0,0,0,80,0
89000,400,0,0,0,80,0
89100,400,0,0,0,80,0
89200,400,0,0,0,80,0
89300,400,0,0,0,80,0
89400,400,0,0,0,80,0
89500,400,0,0,0,80,0
89600,400,0,0,0,80,0
89700,400,0,0,0,80,0
89800,400,0,0,0,80,0
89900,400,0,0,0,80,0
90000,400,0,0,0,80,0
90100,400,0,0,0,80,0
90200,400,0,0,0,80,0
90300,400,0,0,0,80,0
90400,400,0,0,0,80,0
90500,400,0,0,0,80,0
90600,400,0,0,0,80,0
90700,400,0,0,0,80,0
90800,400,0,0,0,80,0
90900,400,0,0,0,80,0
91000,400,0,0,0,80,0
91100,400,0,0,0,80,0
91200,400,0,0,0,80,0
91300,400,0,0,0,80,0
91400,400,0,0,0,80,0
91500,400,0,0,0,80,0
91600,400,0,0,0,80,0
91700,400,0,0,0,80,0
91800,400,0,0,0,80,0
91900,400,0,0,0,80,0
92000,400,0,0,0,80,0
92100,400,0,0,0,80,0
92200,400,0,0,0,80,0
92300,400,0,0,0,80,0
92400,400,0,0,0,80,0
92500,400,0,0,0,80,0
92600,400,0,0,0,80,0
92700,400,0,0,0,80,0
92800,400,0,0,0,80,0
92900,400,0,0,0,80,0
93000,400,0,0,0,80,0
93100,400,0,0,0,80,0
93200,400,0,0,0,80,0
93300,400,0,0,0,80,0
93400,400,0,0,0,80,0
93500,400,0,0,0,80,0
93600,400,0,0,0,80,0
93700,400,0,0,0,80,0
93800,400,0,0,0,80,0
93900,400,0,0,0,80,0
94000,400,0,0,0,80,0
94100,400,0,0,0,80,0
94200,400,0,0,0,80,0
94300,400,0,0,0,80,0
94400,400,0,0,0,80,0
94500,400,0,0,0,80,0
94600,400,0,0,0,80,0
94700,400,0,0,0,80,0
94800,400,0,0,0,80,0
94900,400,0,0,0,80,0
95000,400,0,0,0,80,0
95100,400,0,0,0,80,0
95200,400,0,0,0,80,0
95300,400,0,0,0,80,0
95400,400,0,0,0,80,0
95500,400,0,0,0,80,0
95600,400,0,0,0,80,0
95700,400,0,0,0,80,0
95800,400,0,0,0,80,0
95900,400,0,0,0,80,0
96000,400,0,0,0,80,0
96100,400,0,0,0,80,0
96200,400,0,0,0,80,0
96300,400,0,0,0,80,0
96400,400,0,0,0,80,0
96500,400,0,0,0,80,0
96600,400,0,0,0,80,0
96700,400,0,0,0,80,0
96800,400,0,0,0,80,0
96900,400,0,0,0,80,0
97000,400,0,0,0,80,0
97100,400,0,0,0,80,0
97200,400,0,0,0,80,0
97300,400,0,0,0,80,0
97400,400,0,0,0,80,0
97500,400,0,0,0,80,0
97600,400,0,0,0,80,0
97700,400,0,0,0,80,0
97800,400,0,0,0,80,0
97900,400,0,0,0,80,0
98000,400,0,0,0,80,0
98100,400,0,0,0,80,0
98200,400,0,0,0,80,0
98300,400,0,0,0,80,0
98400,400,0,0,0,80,0
98500,400,0,0,0,80,0
98600,400,0,0,0,80,0
98700,400,0,0,0,80,0
98800,400,0,0,0,80,0
98900,400,0,0,0,80,0
99000,400,0,0,0,80,0
99100,400,0,0,0,80,0
99200,400,0,0,0,80,0
99300,400,0,0,0,80,0
99400,400,0,0,0,80,0
99500,400,0,0,0,80,0
99600,400,0,0,0,80,0
99700,400,0,0,0,80,0
99800,400,0,0,0,80,0
99900,400,0,0,0,80,0
100000,400,0,0,0,80,0
