100,-82.09582312811665,5.479589337483021,24.482523577465326,10.793465615459928,29,43.174
200,113.12059665223867,66.64650387540001,73.28564448036178,62.40445537639479,49,39.614
300,-39.241981021583655,33.9354788233181,42.84359867519603,17.57217403699125,37,42.465
400,-50.74075495633558,25.129623891543122,40.326534190002256,30.12761676502862,35,41.04
500,-102.2960187906001,8.855004134671397,31.83956689707288,6.7514082672034155,32,65.225
600,-193.8930624612173,-50.04194830760603,-13.327254000751966,-29.730047938243416,14,66.248
700,-98.3692645237292,-31.159983780278058,-4.183361204295741,-21.779868343339288,17,64.424
800,-133.79697509680736,-40.519921253968384,-12.64406159759512,-34.29239986180599,15,66.339
900,-166.57118880643816,-52.13376387415478,-31.789735678717864,-41.50660920729424,14,66.279
1000,-166.45416507435527,-51.35091244311236,-38.147293742713515,-23.917216746153034,13,67.381
1100,-205.52466047991908,-57.14139977704899,-47.529868535765814,-25.73229567495313,14,67.465
1200,-186.22570964653042,-60.783421065279974,-43.470572209320764,-39.866742718950334,8,66.591
1300,-153.54614660961946,-56.36373825841586,-37.42936909082795,-29.40532787309498,13,68.835
1400,-188.02430634484998,-73.78645884359604,-37.69817084288644,-28.621775659908835,14,67.325
1500,-140.1663111190205,-50.32401100082587,-15.500044163717781,-21.435424671220222,21,66.178
1600,-147.76543588446248,-37.574738512332026,-34.92179649644646,-36.242722264771935,14,67.598
1700,-124.44034235581402,-40.68178373546999,-24.928910932639578,-21.775862674828055,17,64.024
1800,-129.88455765616266,-36.714892597545344,-30.409976525539445,-24.103393519708398,16,66.965
1900,-124.18313516713562,-30.457279347714913,-28.032551799848598,-30.356037086264838,16,65.727
2000,-62.99891333370684,-3.2576224221356864,9.294446611151725,-17.43993030477852,30,62.928
2100,-8.95573619304494,-1.928388823829569,10.321150242910374,8.986721733458552,28,63.743
2200,-51.256009015710134,-13.8422418747947,13.76774881308036,-11.16394967186168,29,64.502
2300,-63.006693772076325,-20.473754928524226,-0.9053663738200121,-24.598221343308072,24,64.232
2400,-94.16465302044001,-35.66763763665734,-8.713482052933742,-37.6051883984077,20,66.029
2500,-108.41657880920204,-28.718945185377134,9.366734687812393,-12.404078545511691,26,63.932
2600,-143.9660957997584,-43.07565990873898,-10.475779976837586,-22.45002995369749,18,66.652
2700,-22.449778004435654,-17.509693421103044,11.985149272023689,6.0246763123598654,30,64.229
2800,-23.25715174721777,-7.72018099858389,14.413651648697796,0.5166520822086419,28,65.9
2900,-32.61615367951199,-4.403523344096971,-2.5086815421659665,15.23453378822739,29,65.497
3000,-41.3976397565845,7.7860374348732275,2.336478409110819,4.895367661381837,30,64.248
3100,79.68669386344459,35.13519057129241,41.14744664239031,34.77709075118037,39,61.445
3200,43.28290268390365,19.25404844311714,24.875315624197377,21.195464953731356,33,63.694
3300,2.7662115093506245,13.500150132450221,11.925742547271465,21.51747010253155,32,64.766
3400,-44.88669166766833,-3.5700803723641537,9.638948992952589,-3.2459665804300215,27,67.136
3500,-49.75352616945543,-0.577623136276118,7.299088914487566,1.941586641840957,24,65.969
3600,17.286323679740644,17.71068925752099,29.019661772503085,33.310369494755655,34,63.803
3700,26.88118936508626,10.470562858119031,18.041218098491914,30.572581328005413,33,62.581
3800,11.59095505691042,9.817589108142283,35.296128946160536,25.426881621051916,35,63.494
3900,16.847237439534446,27.139958166640906,28.46607616307714,18.7507254314521,32,62.724
4000,7.63174368194268,28.517164477803977,23.335668457014496,34.18330749132361,35,63.37
4100,98.95616824037963,50.343420302884624,45.244022358517995,47.23720382501684,39,61.912
4200,90.82701766730833,48.80883833593325,44.91035932822611,46.77578544080637,41,61.845
4300,22.229905438748837,40.622851821388146,45.32714674169395,33.658395396560074,37,63.074
4400,104.80654255021929,52.16637267403232,55.08745868044775,47.20687891415997,40,62.354
4500,169.54799748639508,70.45038910476343,75.84439861365657,70.55883552048734,50,61.736
4600,176.38032996211666,65.60162537909311,69.94640254089839,64.53603662777127,47,59.068
4700,79.35507248957418,51.57493981380358,44.20961058693927,44.253433535811745,38,60.216
4800,157.95288639707408,80.17584861297098,72.15660996011763,62.823179955308625,50,60.307
4900,121.98057693080384,61.18007137910885,54.62615988313223,48.62136924737751,45,60.235
5000,196.19354595093574,71.3329910571,74.40606324323437,66.77346902496927,50,57.45
5100,163.26250993350533,73.92082510065187,71.01664796415372,42.97843643776305,49,57.502
5200,194.01127205448955,83.16337106323213,84.58645635264178,55.174608262971496,53,59.824
5300,139.18207129218237,63.09360581824588,67.06633996563653,54.07751011650499,46,60.043
5400,245.6411184536211,103.62830515224708,104.14099676106214,84.96198131235646,62,54.588
5500,164.05408684015586,74.72943719797674,77.52888252254228,64.52831967122894,52,58.452
5600,175.12585286605434,71.38298591341116,73.81356528962681,65.39441162266799,50,58.854
5700,126.85845982955223,70.77937821247502,73.59573665257122,66.9457335447666,53,58.582
5800,275.79033098816103,100.16149953762871,106.81435763937445,99.16842844751294,61,54.94
5900,304.85353135663746,105.38894604225099,109.3178978506181,102.24529092203913,64,56.248
6000,236.87827871242513,95.5799558718846,99.27270807164561,94.27547444341347,60,56.631
6100,219.05772964504507,83.75694861747539,89.37175117169261,79.63477874269255,54,57.66
6200,255.0956338393913,95.28480767852652,100.21710366979407,91.21219681356439,60,57.283
6300,223.16611577850813,90.06545626967682,93.10121049226856,90.76231807961716,57,56.246
6400,284.7438277071602,109.11084111291906,101.77406944036473,97.08993300827368,64,56.977
6500,256.1317177966782,99.48083959784454,103.14137224669432,83.549375580899,62,55.614
6600,247.7745856098851,90.5104505772117,101.83229944815112,91.86398940432504,61,56.023
6700,266.225423215632,101.7372386773006,107.06866979848797,89.48253586850788,61,54.823
6800,267.5718341895055,96.45716741070811,99.73629647538823,91.14672094500185,59,53.072
6900,341.6615307548197,121.02499036811328,120.73803007564995,125.15343055784763,69,55.437
7000,285.69210836699017,94.59993279751085,110.08216215215658,114.56695151221402,64,54.26
7100,182.03649597626895,76.36595795904488,82.17935652887633,84.36810390422363,54,55.006
7200,263.36339773874045,100.14267420377492,110.11158609153425,101.94484232248688,63,56.914
7300,211.11216545878216,85.89947051784158,89.14034663239268,86.04285719407265,55,56.486
7400,243.30711533699258,96.83772574435308,99.12499636285273,100.36313276796253,60,55.888
7500,259.5033706782155,97.29050592802203,99.70820011488455,104.09217365088017,61,55.867
7600,190.96903821014504,81.92605824677702,84.5728048826805,87.89277246942737,55,59.003
7700,259.5666623942233,99.53672432474002,102.19231699443007,99.90967728988625,62,54.478
7800,242.1313573692488,83.74135866921696,92.79527382478533,88.48980185849497,57,54.726
7900,240.18305357097358,85.98751569679112,90.83291514680488,89.62383053102934,57,55.8
8000,266.6019282521107,91.31099928113697,104.48712347585771,100.07637830522546,60,56.081
8100,291.01543733747445,98.77059672009067,113.59890024740226,105.59668686650242,65,53.155
8200,368.5249098311019,124.21675827700741,128.30887328237995,131.6252388968274,71,53.32
8300,273.13711582456904,97.43643308266896,93.84329577728946,102.90931981906782,59,54.319
8400,287.32718916521685,115.40937631471057,116.62400682296031,115.8745365547904,65,53.734
8500,348.2778695476167,122.91785452346753,130.2425086813475,134.4849426579874,72,49.958
8600,369.34995703203845,127.17840781950191,133.11497767350835,131.293175839074,72,51.202
8700,312.7555391459153,102.4614788961094,107.67669988570864,113.39993476632544,65,52.482
8800,232.52321289851963,94.7673756296843,86.71948976411177,92.48465757718193,59,56.137
8900,244.75367054799295,101.43256537455206,98.78782266010025,98.42812329803068,61,53.106
9000,249.02670669653514,90.27758774314003,86.54328674761511,99.41096473497174,59,52.442
9100,307.49942998799133,115.96136596759497,112.67081049237433,118.23765846076823,66,49.368
9200,278.2528983407651,100.74673473320826,92.08317633496458,102.11020176051859,60,51.932
9300,218.04374696304873,88.52817482718685,90.23192347512531,91.00821268389159,56,54.855
9400,261.7231939218462,99.05965931416425,93.78885419709295,106.87486342063772,60,53.1
9500,294.41844063127445,100.13684755863085,111.60178370739432,121.19178685876764,67,52.924
9600,308.85088722457044,123.1529523269706,125.12226662936362,131.20983292474995,72,52.175
9700,263.6406905103848,94.36613293234282,107.33665448548435,110.30257155383437,62,52.408
9800,380.8127889760165,143.86289998832063,141.5383087929543,143.46107693176415,76,46.813
9900,301.4155806513784,97.40052402629982,110.16027450018508,115.1336805951484,65,52.945
10000,341.43326619862324,117.50370603361864,129.68457212572375,134.17671616743712,72,49.957
10100,340.74775714653157,107.00112564402374,130.1600719885723,132.34382685724484,70,48.207
10200,359.4938413218694,111.36502763051975,132.58975100123274,131.06694657771027,71,51.082
10300,365.5221340359803,121.43496399067709,133.66359652417538,144.63640295763082,76,49.568
10400,395.87038577240145,130.60538969547332,144.1176101757316,146.69795916028463,76,49.659
10500,351.2490747326919,123.1703889445244,130.18798697056025,134.95120447330189,72,49.118
10600,413.23149983483563,136.02180097965172,148.1724933583436,156.5182745906335,80,48.545
10700,395.44995136562915,140.8739460378594,143.7642729148173,148.91945961271603,78,47.637
10800,240.3686661434125,96.80326380001642,97.77625422271917,107.30271054669146,61,51.784
10900,268.82213971574606,100.1694274534683,101.53041234320703,101.52964844081376,61,48.968
11000,344.63285325652413,119.17709376004197,128.01456434530178,133.3551838762707,72,50.695
11100,365.7142655005046,125.99094976856335,133.61236455882073,140.7355793037312,74,46.573
11200,350.5505454696644,120.96280429847485,127.84575568445625,134.38464414974533,72,50.875
11300,298.2273348025563,109.23264490523484,115.1984620051147,123.25922847962792,69,49.559
11400,444.7393292384722,149.40777056600234,151.96674338501612,160.82219686014463,82,46.937
11500,395.3655029078976,141.68042343430082,137.57827915032306,148.62405384777935,77,45.432
11600,375.3771237168418,128.6022992485839,133.18485909911632,148.01309041826644,77,46.074
11700,406.29097271843835,138.4766592522001,152.44521337612633,157.4363159308351,81,46.681
11800,365.2559568162266,124.91055772572886,124.74960174128117,135.19437773944858,73,50.12
11900,262.491576424269,92.61194845410157,88.73457987723766,108.0097952866218,61,51.646
12000,366.2749352906787,130.98976375994357,137.11788777106213,146.28473794981804,76,49.961
12100,347.80833430403965,128.29695570885383,128.07762431964937,139.75666863601265,72,49.643
12200,325.13589954346463,122.94522688710762,122.9228707584047,138.39539303596396,73,51.865
12300,419.33910640174514,146.09987045235894,148.6028152774084,157.47090768457898,80,48.439
12400,317.3123272576314,121.19997464892336,119.76724988838097,130.30933975012604,69,49.814
12500,402.378422165745,143.53357724963223,146.41000953025915,153.16304931736897,77,48.363
12600,407.91647709985557,146.52330672743471,143.83709108205764,152.08194300859495,79,48.912
12700,376.95459471386044,127.7017447531011,138.65302705117696,146.04646823892804,77,50.382
12800,360.840319933672,122.44488859421713,130.00845582300784,133.7494762737883,72,51.438
12900,393.3948313823282,124.5230828857521,143.0318294378291,148.18467951285106,77,51.248
13000,425.2421466385279,141.10387354359185,151.80726140792774,158.1737725757193,81,50.087
13100,437.78598595581605,148.69598270969487,148.2231262544906,157.6481791071245,82,48.061
13200,356.9182607364599,130.3950007790143,131.64239086373053,139.6390810405372,74,50.566
13300,349.6008457387567,127.51165709919277,132.30893896903856,140.14551653981428,73,51.946
13400,367.6678637046713,129.9598570814512,133.97036036509465,137.67970137779173,73,51.773
13500,378.014301720021,127.52235930075453,142.57737466375426,148.84983274254293,78,49.696
13600,377.3218865110635,126.60500094908812,131.5232506702048,148.4999986122989,77,51.434
13700,311.9377430321968,113.80456671033807,126.74942242769625,131.13190607334747,68,50.503
13800,418.4852943977211,146.08611076677292,142.99852666160754,154.66157321905436,80,48.618
13900,421.5725348671107,147.48677692416805,149.9843874598063,157.78700012133703,80,51.994
14000,409.7388451085683,134.08943207681898,148.48126642490732,149.91692794755443,78,47.629
14100,374.2554580194387,127.39809810534256,137.71042234839223,141.6688383995198,76,52.064
14200,410.16097926741406,145.26883011899648,144.10470952577566,146.5262930364994,79,50.422
14300,366.08805649703527,128.87027778218976,130.59853807562698,132.7165104501083,73,51.564
14400,404.04530267308894,140.52661500526966,142.65638749555632,144.59987893677925,77,47.991
14500,390.82488229798486,142.97711935542353,144.51521556798232,152.97850075724475,78,48.247
14600,356.2231025243003,125.46070634388836,136.56865817420984,147.3372180621325,76,48.655
14700,431.3945042338766,150.53742157901968,150.08691226366275,153.08906750801256,79,45.511
14800,400.37635665653505,151.2942650355212,152.5955405309466,150.6112141656971,80,47.862
14900,422.9600673118928,158.33012807600213,162.51993931014292,164.6263324115299,85,49.65
15000,478.62030665697023,168.0594689200178,166.60355579177514,165.61355860084595,86,45.849
15100,362.7048369486103,132.71919652955236,136.5554904569919,142.43164311639075,75,49.222
15200,411.81635621743754,140.17075894304645,146.07917872265347,149.84987507676044,78,49.844
15300,413.45176444437163,147.46846703003033,151.00433131971778,154.67506160698994,80,47.952
15400,423.9282400545106,139.85912162037047,154.98362898862146,157.99638318402603,81,48.704
15500,432.42854515946,146.07148086686044,154.66888709181882,157.70736106343472,81,50.484
15600,414.2431333150328,148.95230983371204,159.3975684545208,157.92312862360765,81,47.23
15700,393.37218700980503,138.9583396862174,141.56430199076678,146.72112072310082,77,50.977
15800,361.47564661310366,136.6464646870362,135.5524182862053,142.04407961425824,75,48.441
15900,375.78453540844623,126.1823743219467,135.88215818087107,140.45274179344136,73,48.192
16000,363.74005145727483,122.76928915298917,137.39001497398525,141.06184759650117,74,47.295
16100,439.1266016758379,152.11498201852862,153.22778265627682,161.6457515888969,83,47.821
16200,395.3045683229863,133.5147682419275,135.77544784003797,142.8420784857149,77,50.634
16300,349.54497410008275,124.09972021890273,127.53055649174861,130.41149532229886,71,52.684
16400,355.3974669170786,124.97140384348786,133.16302850476006,133.74123131821995,73,50.552
16500,422.1085790279745,152.27303512394073,151.92325199749664,157.0095887011807,81,50.833
16600,383.4451314044384,139.53399386059485,148.0327362918296,139.85761073830986,77,49.692
16700,400.35192768180497,142.28737699051575,149.0916413092126,144.64335315482697,78,49.956
16800,382.9194136413204,133.1626159129806,141.24015186653764,144.6890631281088,77,51.555
16900,386.6199308507878,142.95664980882307,139.5122089410702,145.02780863924124,77,49.108
17000,448.35160930001393,158.29002120166132,154.31888802253377,164.36343873411184,83,46.591
17100,392.29759892407014,128.5583069827493,134.52116701024198,137.31023353679103,74,51.315
17200,395.5961434882735,135.0493929130754,141.21944364474717,139.62888613912116,75,50.022
17300,404.1896721951876,145.11466122314542,143.00923417716533,148.25735306400526,79,45.374
17400,399.7772458836361,147.79146217122585,149.40946336982324,142.41958915548238,79,48.989
17500,379.99690464223255,133.3000200245923,138.9073847739271,133.1403732141515,74,46.397
17600,411.66689110753504,138.58214431170276,149.18339202477816,146.21557845440725,79,50.366
17700,393.67045516402095,135.83738929308504,144.32383536960666,138.84952207194706,77,50.051
17800,359.7411942308377,127.50842614073379,130.58960590295203,124.64045083746024,73,48.802
17900,385.6406788658556,139.84477532683604,141.1111920320337,135.0693503201483,77,50.247
18000,444.39702953696184,152.39235562189353,150.0637089346159,153.96737062012406,82,46.921
18100,260.9823867126781,94.14230505867435,105.41142606041339,108.80331744922225,60,50.427
18200,338.5583286258958,111.91852631430638,121.37677780404869,125.70475715194296,68,51.17
18300,412.9435301240952,147.85123003262487,152.3685376654634,145.6385151857033,80,50.062
18400,341.1545277178264,116.2802104345518,131.14082458034966,131.15426068599012,72,51.436
18500,375.905802724003,131.31393361809558,140.32958321376609,141.66700128156742,76,51.523
18600,392.7177184414802,131.4408302357436,139.2016609958429,145.47054539917517,75,48.875
18700,410.5493438088282,140.062943978069,153.48291470929368,147.5907078813806,80,48.647
18800,395.2279145898984,129.89579096666588,142.99421779971604,147.21331255063754,78,49.216
18900,315.9849981939137,104.70017709172829,118.91793078868784,119.27323120072676,66,52.853
19000,362.32306546623613,131.3480472809386,128.00025582866138,136.61780998793986,75,48.758
19100,372.86465756142707,134.65374005542975,145.81054831037238,139.14038081571357,76,50.375
19200,412.60946558599113,139.4255907352416,145.6928262746773,147.50682286675158,77,48.552
19300,375.05372025834583,127.6104745694546,140.02177291927774,141.95471645186635,76,48.564
19400,354.2007632370728,124.73187715743369,132.539346582374,133.81453780656483,74,51.859
19500,350.24827900858514,119.6464349782174,141.18217258881418,130.05057632618693,73,48.659
19600,419.5640328264932,145.53627638921236,145.93451782488745,142.18444107831778,79,49.26
19700,397.9029619841716,134.22026534987853,151.53767225453822,137.25071090685995,79,49.355
19800,392.52564059752405,132.41926032610837,140.91557493967525,142.663886655455,76,47.119
19900,411.17926832779534,146.9553908920609,147.31649549386415,129.43531532721477,77,48.723
20000,480.15697893466916,164.1194188929203,165.80312095498047,165.19532465262128,85,47.38
20100,445.6101975237088,151.10295932915093,155.01232668299386,153.43549319220037,81,48.197
20200,397.8764355352869,145.52998616789992,149.05538628695857,142.35409444327607,80,49.953
20300,418.3539450296591,155.8246362768656,149.1726319848275,152.16455721557261,82,48.934
20400,416.33616878583473,146.81055302506476,145.81846410754204,143.8842444020024,78,48.994
20500,414.76769641799905,147.60799708176393,144.57529136758205,144.18787433049803,80,50.184
20600,410.974063370469,133.62093342776456,147.21955933181923,140.77473823073294,77,50.257
20700,417.45020676034284,144.2627608419586,153.09205832119443,150.02060668563334,80,49.884
20800,397.3323755833974,139.64559378601678,148.55585784911153,135.14689456508336,77,48.49
20900,475.51057067701106,160.46357871895188,163.2702865841518,162.40991655636583,85,48.044
21000,461.28206843144324,157.17087662878504,164.66688229725068,158.91779626679698,84,46.624
21100,491.809148389552,176.8217063647093,176.76645509394643,171.1615316546238,89,46.983
21200,469.55454207545694,165.42751586004658,168.4855864483364,165.91663124321767,86,47.329
21300,470.011314663315,162.25392672748433,163.71773565833055,165.64232536753167,85,43.826
21400,425.9383601827456,139.11544137379104,153.6863344220824,151.63266532544736,80,49.233
21500,451.40118646286714,152.80433601778637,156.71852970926244,160.03772103841,82,47.919
21600,411.7713807057087,138.96573344047306,144.61613309452017,140.46205392566586,75,48.617
21700,477.7775733826336,167.84711999155178,167.02613548191218,164.53297066730428,86,45.948
21800,367.96414983399836,127.14071518424396,133.31711993921607,134.36177344247142,74,49.071
21900,454.88474376309716,154.94238871636475,160.4778968427756,164.03695028269752,84,48.241
22000,411.3524389048505,147.14459734050487,152.94007616877605,148.2953890397525,80,49.407
22100,462.58108313317894,157.4395260897738,160.8688961608628,160.6014423250277,82,49.844
22200,454.75376098566505,155.5461043588039,151.55793411094,161.32285315551934,82,46.81
22300,436.5970700000741,149.89142502124682,143.63697296694096,149.70018235041476,79,45.883
22400,402.71707182734224,139.6422709405572,137.58079990688998,140.97691760270328,76,47.658
22500,406.8088685356057,141.56454022313778,144.39945302005182,140.0561579565949,77,48.924
22600,439.37731250499496,146.52498460254327,151.72546394847984,156.60259228665328,79,47.843
22700,405.8254843605979,139.41196389172933,147.17779177640887,145.64000360305968,78,46.403
22800,378.4948386079799,131.65207248066682,140.4511911827645,132.83979106060963,73,48.914
22900,400.87058921067603,144.23972672346548,139.83706899629868,140.98600529835355,76,50.327
23000,430.8620452469826,155.63518536321334,151.50985194223782,152.53895129413124,81,48.255
23100,465.80909306632327,161.5278982717625,160.3872286446781,160.91152565194486,84,47.515
23200,401.954784183198,147.5095339777641,140.3799886825037,147.89778201328022,78,48.423
23300,444.36475494738437,158.39572102683704,154.27984134207225,151.19356786575858,82,48.925
23400,432.9034060344691,151.673791492786,155.78154685398783,150.0785808066245,81,52.231
23500,419.1236748551322,147.0037203827923,153.82163356462937,146.47128154586565,81,49.834
23600,486.5620408319283,168.2730626029781,168.69330481911183,169.11472685909177,87,47.892
23700,426.59068744376106,143.9853013240676,150.02858438239383,151.8408940857535,78,49.727
23800,414.7284364791278,153.46326707079635,148.96292107494216,142.95413128700207,78,46.318
23900,371.37239883085175,133.84510551849831,141.00971473863245,135.47688402380754,75,47.438
24000,457.58743592032516,162.77344357021278,158.7910146792946,155.75377826517072,83,49.392
24100,457.3466541540617,165.57745867356962,151.18717724261052,163.57716844703003,85,49.301
24200,434.7941079092478,160.5385735098186,154.42243443969096,154.4498891427762,81,48.778
24300,459.1266321433205,152.70085328918546,158.0342328938722,157.86877131220447,82,46.552
24400,450.82843110000454,158.0348611538897,160.04047387906206,164.4013304065793,84,46.29
24500,393.7215170489367,134.83886365386223,137.13675673135236,140.5403244950288,75,49.618
24600,412.44766549866335,144.55268056950473,144.1423095762063,139.17276921730027,77,49.425
24700,421.0403301042474,146.6136969766848,149.3559842020891,148.8729998955465,80,49.587
24800,392.0697599024765,143.79362988709872,133.5803266698608,145.14628312363254,77,50.457
24900,416.5736554720848,148.32499665484693,150.9487389030591,145.07964918074987,79,47.947
25000,393.0530554081441,135.581135195169,137.71959320233194,137.84521779349473,73,49.186
25100,428.9275693940635,139.7471979101704,149.05762418201775,153.14063157390277,80,49.131
25200,450.6572697229923,151.65183773492151,151.95668834419524,152.83566723640826,82,49.89
25300,392.55705446381523,132.60585695098823,135.93438916948287,137.61217079057116,75,50.176
25400,386.41494769320326,130.21306743396573,138.13556752335262,133.196287539537,73,50.613
25500,465.13889610722146,159.19780315413115,168.65616602438644,169.43573168927568,85,47.65
25600,418.39202383858105,140.3390690645014,145.0034534563955,147.37072048640022,78,49.283
25700,427.87992214719196,145.66740437543882,152.0508009916766,144.6684242957265,79,50.406
25800,416.775170353901,154.93092287879693,153.24353305181657,154.3817829158808,81,47.872
25900,464.52887754969515,157.5318876499162,163.01810889975022,160.0906583479131,83,47.16
26000,403.0643037501836,145.62855362226313,144.45044549549345,147.23357167583765,78,46.113
26100,406.3484590802519,141.0032005787385,145.4160774491052,143.15827945735995,79,48.57
26200,424.92626192148,143.1832419205948,153.93284938918657,147.05277915911023,80,47.59
26300,477.1280650318302,162.8582213313486,165.69462917988503,166.20995904359398,85,47.371
26400,427.7343327850722,149.75059745639027,150.27823850476798,153.6120771824228,79,46.824
26500,431.35984792057445,147.43246232309696,151.9498521354208,159.09569193775025,81,47.448
26600,447.6800640536816,152.92175407269053,155.07857608722304,161.05536690030812,83,48.242
26700,406.20401013348766,144.85804143412716,155.24945170305432,153.85869450233366,80,47.651
26800,407.72586879254004,146.19407957430178,149.9701848608622,145.5958257480297,78,49.676
26900,430.8674339366883,152.06776601809298,156.02871079491146,150.69111001248686,79,49.62
27000,424.44112832261976,146.65799557830755,149.37244765796848,151.9607626730881,78,48.252
27100,428.845375328242,143.31710336193464,156.13308108541509,152.61099417474978,80,48.561
27200,401.2317886214169,141.47637300307696,143.82037912198058,145.66670327414536,78,49.212
27300,450.86893487465454,144.37669668506803,162.07301252025175,156.92247234347644,83,49.28
27400,393.1442038768306,135.18934550120332,138.59664499153774,135.66335161826703,76,50.927
27500,374.6824570988845,130.88444266727174,134.52195595131573,136.85018301947113,72,49.064
27600,461.1997567338777,153.06770623803232,160.42578823101258,163.6610544568079,84,49.07
27700,416.44053425459816,147.32187300018006,147.19380193677907,148.65873542177727,77,48.046
27800,351.7158963346243,121.59678227807483,124.08092038756551,125.5327858630194,68,50.854
27900,434.0674178785952,147.5552119275008,155.04622704139433,158.37318251892367,84,49.831
28000,472.57809807920574,159.60120535231303,157.64988555622023,165.04926638919775,84,49.097
28100,469.03807743738645,159.33967345621332,164.04078351782172,161.67259849175022,83,46.856
28200,390.37059845295255,128.90036835924676,129.39793351328723,139.93454759240564,74,49.185
28300,461.27607051489895,162.2736822533639,162.23380080799853,165.94803727442363,84,48.544
28400,375.391808091305,131.00694876498557,138.92582845000618,142.539765367052,76,49.765
28500,412.1517306019004,134.9222869240471,141.0304832090544,142.68262292890307,77,51.122
28600,404.4872375422988,140.9483622083887,142.02087786427919,142.40937314520477,77,47.44
28700,397.2178251544768,138.1832052864248,141.32732605870288,139.36458835119248,76,49.028
28800,410.30880250475485,144.56858771454054,138.45204910894833,147.53168448364087,78,47.704
28900,490.2660663745119,163.1154560842625,172.48065172981828,174.4811766780656,88,48.979
29000,372.5524064766655,134.2352647095384,137.8997882931899,142.6758459440644,75,49.041
29100,391.54381819714354,136.68134557761832,139.4732673193606,145.347294331377,76,48.745
29200,426.09789493287985,151.6696042239474,150.41921551061347,152.80784537120869,82,50.33
29300,460.74077513030164,155.6258747436553,159.80732312589265,167.33956850217837,84,46.502
29400,402.52603779683227,138.7674168893151,148.88192262243302,147.10877972811147,77,49.456
29500,406.5950614325604,138.7400117585588,143.32675721190157,146.78910277853964,77,47.658
29600,356.70735633236814,125.74465376277243,122.73734213029503,134.75277887261663,72,51.292
29700,396.8896322127956,143.67605736906972,140.4128714802411,153.8427274147367,78,48.563
29800,392.1648989743191,139.87067618527695,137.92682831388996,145.55986757816342,77,49.454
29900,342.0628892593176,134.77600479110998,131.9859610933466,132.53630677979444,72,50.54
30000,377.803829557047,125.1587849996715,138.68905788961013,138.34437391097725,73,49.826
30100,382.48875823223096,134.5312832238699,136.62127697824474,137.8192486073477,74,48.673
30200,377.6268428233963,132.02760813829616,135.60775087013837,137.03397716056512,75,47.41
30300,353.9217819628783,121.70218398626042,131.87353276713193,128.0278422406357,71,51.235
30400,452.80171482191093,153.7806539329864,154.82133540742973,155.80936191206547,83,49.577
30500,438.54813139594876,147.16699250175162,152.0401628516083,154.80892871034345,80,47.768
30600,396.9764358484228,140.58052378843269,136.7745155995622,149.40187250095255,76,48.824
30700,439.06642563436765,146.8031414553617,155.69934089462174,160.10804405016214,82,45.03
30800,379.0507244029716,128.37786929024745,140.44866422712934,143.08083542638153,75,48.966
30900,411.58684321845595,140.62843823669925,147.32110283803414,150.4752150681674,77,47.397
31000,395.6380496800318,137.86459704292272,140.7860536182259,145.5255286814599,76,48.483
31100,420.0200663652449,143.20766734829004,153.03225086015857,156.21787134888214,82,49.473
31200,439.2615824801536,148.79476244523784,154.8405479343877,155.91913033439872,82,48.196
31300,369.99256566205963,128.1671583886292,135.7056775132644,139.15648021684797,75,49.202
31400,430.3056922708418,151.63221559381304,143.96684072296424,156.334872607361,81,47.799
31500,384.7377214375457,137.1620559215722,137.83211832128555,137.91766529214095,76,49.404
31600,390.7863729217398,139.43206537202042,135.78702362489895,142.80078843621138,75,50.978
31700,409.7476379538818,148.12401460705007,148.48614356993716,153.65118328669809,80,49.117
31800,444.8784905082182,155.57234199700446,153.89778162161562,158.2508359904028,82,48.127
31900,455.3288373335024,150.49478129052846,163.5465620255087,166.10569218551288,84,50.615
32000,474.36664533369526,164.1819535101354,160.29224786188024,162.1046758252674,85,49.984
32100,432.8263617936183,156.9680548335114,149.2038712692164,162.7025940002486,83,49.624
32200,413.5410105364741,146.31233079115844,150.23935213596292,154.67857554106092,80,46.663
32300,425.73109689091945,160.3207971293557,147.15537617424056,160.32544031708127,83,49.59
32400,417.5260403617605,139.7894136006284,149.88226279207328,150.5088351707855,79,49.286
32500,440.16979102535225,146.2700236737838,153.6161045338696,154.4198646453436,80,50.166
32600,401.8364752916222,146.61930239302197,143.85329302539898,148.01908403668227,78,47.916
32700,382.3786312570812,135.11292935268085,136.4514877483124,134.1247167607463,74,48.968
32800,377.40317708004574,131.65775787040596,132.19896280917663,138.7640182881551,73,48.266
32900,400.00870950100057,135.3489701758541,148.53590987542606,146.3786647251085,78,50.799
33000,427.28978833503965,157.5508651710914,149.5955874876505,157.87409189227174,81,50.56
33100,361.96578154266916,130.65592626805108,134.91813556276048,140.53557568644246,72,49.849
33200,407.1430605805639,138.2122630838226,142.25188702835126,144.42283305825322,75,50.22
33300,431.5070017416242,149.29641722411546,144.47175796675117,145.9560213519353,77,50.858
33400,420.40107618753655,142.29778208940527,150.61519414527936,152.2428170009282,78,48.511
33500,461.94679020343705,156.6429947629371,159.986255189977,164.87707924667808,83,50.28
33600,378.2960976701108,129.9758804723288,136.83748200655893,140.3437661131165,74,51.654
33700,469.4684782128525,163.40345252088207,165.83934085379076,161.03033154204573,85,46.218
33800,379.9052339933628,136.91052359798604,131.61138806274158,143.20329640243756,75,49.877
33900,396.8431645399558,141.2209357562446,140.16008347280308,139.35387409732678,77,50.107
34000,390.84279062823805,141.056518166765,133.48197507100664,137.95396587327394,76,51.441
34100,425.0209455656609,145.27475043403905,149.5558686516598,154.63774955488626,79,48.518
34200,370.17242652539966,139.84697865284772,137.61766572078741,131.87949915616431,73,50.815
34300,463.2701415733183,152.67188652326456,162.43129303139602,163.86313756981366,85,49.477
34400,376.8708725757949,132.85624867694472,135.63768094712273,141.2794037617863,75,50.209
34500,407.69319123913874,145.68478036959704,136.75776131904058,143.29058586387265,76,48.152
34600,400.42504269656587,142.15163027843053,137.9083116433759,143.41637000365392,76,49.494
34700,373.4064436827029,134.21929954178597,128.9153373172976,130.56135566019725,72,51.349
34800,411.830784629527,143.4418927231666,137.46817554208312,142.18941081746598,76,47.971
34900,420.59702424347756,144.30856390138365,142.66993127020703,149.52339274289335,79,47.9
35000,330.15770012882274,127.69582179467633,123.51629008155713,127.11621834288364,72,53.345
35100,431.60169332039595,149.72486877143007,151.61591897038224,156.9842916316344,81,50.383
35200,425.772839910892,149.47417977970446,149.5369192051688,155.47852048317452,79,47.826
35300,377.2909955593152,129.4240375438034,137.88252224504174,134.14124479918937,75,50.578
35400,406.49596314210453,144.36314680454387,143.26238067144047,147.07165144267458,77,50.455
35500,451.0674050049376,158.69523269412142,153.07699709326923,156.1760266407148,83,49.224
35600,412.78632318598187,140.6257447970894,151.4911510244141,153.3102309992899,79,48.111
35700,371.1408984808217,133.14741977987867,139.32006707492909,136.20867258791512,75,50.665
35800,422.1040327786421,145.06343005218793,153.43627225816047,156.36354358895372,80,48.827
35900,387.9078382312041,141.28159143218159,145.59438922308806,135.62140328931565,76,50.32
36000,452.18182088572814,156.05615381580319,152.28626181904016,150.811142269798,82,52.702
36100,406.4013409682237,142.53198550609457,141.3836193691613,136.26050729801293,77,51.074
36200,366.88661142404925,132.9093210892795,134.31867401619692,126.40816388232537,71,47.731
36300,333.49084857959855,117.25076791982642,127.80657812605965,123.51503446803201,71,54.061
36400,441.95823078963286,143.56164690007253,151.8375345473479,153.05392887421624,81,50.129
36500,361.7060008613837,138.20761486204918,132.27029747177275,138.8572771972595,75,48.864
36600,448.6579434879009,154.81242889396395,150.32154761552982,155.23477913263642,84,49.982
36700,435.01170682088224,152.17335829775527,154.29301317390275,162.15198764337498,83,49.969
36800,458.67198546272346,154.77068788546833,154.11705862054973,158.15415629596103,82,49.839
36900,408.7481540803084,133.40549168270013,146.8975941836012,148.87880390124036,78,49.962
37000,460.5036605057938,159.91504153139655,154.9332568640423,159.95676398651204,84,51.0
37100,444.4751476891917,156.43208694354092,158.089826604495,163.92018023537665,83,49.476
37200,434.5510116174153,148.06374299094705,148.66549118028846,158.34546154918868,82,49.561
37300,346.20384129786333,121.38197892156012,126.84965723641913,122.07615109000395,71,51.706
37400,423.5033837950196,143.54441335585972,147.49437068911354,150.37037836739668,80,52.649
37500,320.76816277812173,117.0323628654921,119.14408294978666,128.14100682918334,70,49.161
37600,387.86188906419585,137.61192509523912,131.51790350631708,139.14559368924267,75,51.474
37700,360.19949560532405,125.01398559507444,123.62641564144229,126.59278732265392,71,54.202
37800,432.2888154127798,148.28840668122575,147.20304832849496,151.73235962345262,80,49.385
37900,412.12858313200246,144.00314449563677,152.0793223870003,153.40388971201912,80,49.028
38000,383.9190281848177,134.67155218274513,139.83654746710076,135.714282251105,76,50.427
38100,416.9315478511014,139.86894251095987,145.9991278529848,147.82256497140722,77,51.482
38200,392.2199163799171,145.26006602971066,145.503978697255,152.41091200091526,79,48.893
38300,379.87273048177553,134.26105752532283,144.66176577095663,143.6883004256674,78,51.47
38400,390.2139323896031,128.96817140891142,135.27595127061318,139.5143346238408,75,53.98
38500,379.1773876691975,130.96514688945547,135.3014254301999,134.78064925069538,73,51.192
38600,336.9231057850141,121.97170388617319,131.68336324139057,127.61601441050041,72,50.073
38700,339.6095307348256,109.16892718496659,126.07371327268608,128.87085872737612,69,49.541
38800,372.27979990756603,133.56082227840582,138.4797354640991,134.63867686077515,73,49.662
38900,351.70500050187513,124.85036794362208,125.61717189674854,132.04962440477203,73,52.694
39000,339.59474670028845,113.88413475147743,124.02846224498185,124.87993175788444,71,52.398
39100,365.94062934450847,128.0616933133778,137.83628639721562,143.04678177600059,76,52.214
39200,353.994852291587,121.34213060274065,128.72350350261252,127.31571914578667,73,50.343
39300,424.29996800239104,148.14644408035446,150.56135243769157,150.9187248446834,79,50.438
39400,442.9209642528453,150.59936544390573,155.25978047782834,154.11183743301802,81,48.247
39500,435.8174423677528,154.71749624325474,156.055512136603,157.16924455719064,81,47.913
39600,452.30960744374323,153.99399621772255,154.678450686636,156.88245766487177,80,48.601
39700,405.8720077913002,146.18444400302062,139.15787867374604,146.65448548061767,80,51.569
39800,383.6139744353222,137.08379912348096,138.97694590434529,145.27143350383497,76,51.855
39900,469.59909099995514,159.512169965731,154.48292200238208,167.47621881175158,84,46.466
40000,421.7250196861928,149.96762345393464,153.21846696381596,150.4307527717989,80,51.646
40100,470.8543742852602,158.2713340190793,165.64107071805353,167.4709036637648,85,48.531
40200,366.3945703138347,118.70839610916677,128.5901412770788,137.5606223268349,73,50.954
40300,407.809629515298,136.41130490354234,153.75779506813385,155.54090786981126,81,50.147
40400,424.6395508086537,145.88285249198182,147.2863689163338,143.0476082388964,77,48.594
40500,459.64254330552285,157.5783504398947,152.55855208020924,163.70832906906463,83,49.235
40600,336.3539878008139,123.55842935140384,114.492977011896,128.19660599431046,70,52.338
40700,389.4971058187099,140.4803705565016,135.6885638013231,137.67218578737373,76,49.347
40800,383.2465944619325,135.5569421752311,136.3952632755587,140.6646999891182,77,49.867
40900,462.2692786491314,156.24150257616353,166.248602420095,167.62359989438693,86,48.179
41000,439.06227441309295,151.42886682691756,149.84474118568892,152.8798345204011,80,48.38
41100,482.2589145888061,169.5941670106909,164.7039560750743,159.66100021216417,85,48.064
41200,410.37971785863874,141.8058822710675,141.9731912345731,145.53095491003924,76,47.373
41300,398.95083497576104,141.75758780287873,147.39030249345186,142.8108937290704,77,48.035
41400,428.3711677745284,157.74971860661427,157.52634215030324,159.4181971889153,84,50.072
41500,496.3021095050019,162.62401830072673,172.2385950320783,175.21649629091854,87,46.822
41600,415.3631853993297,150.75587902178862,142.76735405468156,150.4556059103542,79,47.723
41700,363.6440222960495,132.48646847742185,128.37181616534428,138.94653684276352,72,48.747
41800,375.83882785626616,125.74212860700808,138.88688633698428,142.9538256831866,73,49.301
41900,470.70647374447236,155.84011313049592,155.51456755684944,165.86949427840983,83,47.55
42000,401.07944340097185,144.18290716741646,138.70300236583952,144.65306641502693,79,51.003
42100,387.51820881396867,142.47599969680638,142.39894416054042,149.96614553380815,80,49.783
42200,387.83311507177245,129.40451082210018,136.66749865418097,134.74353912902336,74,51.354
42300,398.5277643029842,141.21848989569955,135.40803560533422,147.51183525423042,77,48.109
42400,427.36644704212995,156.24751912862195,152.20451674454887,152.85217202087009,82,48.652
42500,443.9592725370928,158.8274017011551,160.42190335335656,157.73122631370518,82,46.676
42600,448.03379821820135,157.68152387379038,153.4356079671227,159.3059650093977,82,48.915
42700,337.2383488967557,124.08601905623516,125.622132198637,131.42783762328634,71,50.264
42800,393.76125527701896,130.82656994120762,142.8664108073124,139.0866745921956,76,48.883
42900,449.87579323320074,150.14075250245548,150.9509305188305,153.30189502889243,81,49.727
43000,387.7558307827708,136.94145466202244,134.9844417119836,138.35894006395506,76,50.532
43100,418.8748959921745,146.55617046042443,151.39729154268824,151.70112877096756,79,48.982
43200,441.8561976637871,150.92382808679082,150.3240113180349,152.80133462355332,81,51.635
43300,493.7118402527582,170.19228237096806,169.929034779181,172.23646597244678,87,46.968
43400,380.3057614270035,134.98746368991254,130.67824790152525,137.82411705635002,75,49.648
43500,392.73297694150403,137.18835208148334,139.84039898002126,138.60049827639202,73,49.564
43600,400.17372391804105,138.25936983049027,134.84521685963702,146.44873111726255,77,48.028
43700,445.6453814362078,159.78605004111301,158.4934202738991,161.3953013766799,85,48.353
43800,418.005453780742,145.68526311293425,155.1420427304621,155.34872339336513,82,50.753
43900,331.12209701308194,114.81938911759912,124.54677348580687,125.12356068319697,71,51.736
44000,446.5528209454883,153.67872337598547,149.1970117813355,159.34166134255165,83,51.587
44100,387.5511760857519,133.15441179748532,134.36254148337403,139.489811044911,74,52.723
44200,434.9472560390999,144.9495083537316,152.89975613491922,147.42989360624918,81,51.575
44300,455.68415853854174,156.40925977103262,166.80789722908702,158.24008829068643,85,51.384
44400,360.766186743633,129.23447110049662,133.2340570307755,133.3098740432924,74,49.848
44500,378.6793210119294,124.32927620636092,133.45957059500248,133.559391332333,73,51.82
44600,361.3652966693044,124.29956145443057,129.60961706421097,133.87436672368213,72,50.723
44700,410.3176088885739,145.73271119104933,140.8646994975452,144.07628763835072,78,48.353
44800,323.2721568870675,109.65799045349739,116.07299988043906,128.47930549647884,69,53.191
44900,381.9104062304352,133.98677746231175,143.937554620897,137.83182198285152,76,48.954
45000,476.6459830731837,158.7189599010382,160.42845444966562,162.76716532525336,84,49.507
45100,308.8484534256568,114.50086907423149,118.7827126347824,123.39589258712081,67,50.387
45200,428.4308039858214,151.1522845847006,157.51330900039594,153.10953391797605,82,52.54
45300,389.7772496790145,134.1375983862829,150.51326592067798,150.1401720253391,80,51.08
45400,379.71555896483557,128.21772337733537,131.7188440795807,138.37870177217576,75,51.263
45500,468.7241585670479,154.23012149913416,161.39380916047588,161.19353086890945,82,48.426
45600,407.26171944441194,142.53798758481295,146.58093707208528,148.2209605293932,79,53.005
45700,469.49731085363635,160.95513603897223,164.99533632616377,164.59788283364935,86,46.765
45800,359.52281042277934,133.80139744546474,133.0874203259429,137.3596466390905,75,50.008
45900,400.8316738593164,142.409892153043,145.67700287419993,141.1684226378217,79,48.715
46000,410.4239697788538,139.44441096421934,147.6398205924651,146.1664924464925,78,49.352
46100,363.59736039188107,122.98619242938308,129.77888026152252,135.05653448676492,74,49.351
46200,379.84722224700533,138.35063396895382,136.42218161317334,141.1189080015358,75,50.427
46300,389.8754426862098,133.95993221046996,138.1788025530853,141.05565711060922,75,50.015
46400,426.659162899985,145.52854873706622,145.56304479751944,147.8255904164689,78,49.605
46500,395.989703418072,136.84188706010963,139.7998311662284,140.35927833924762,75,47.661
46600,462.8706059052595,160.9617680210571,160.71691851293448,162.3002111029069,84,47.63
46700,446.9861641919334,147.57518852713528,161.168857151368,158.59754624843433,82,48.576
46800,430.6505847258128,143.73919789527108,155.69992070338446,157.30263116916248,82,48.461
46900,324.399036877373,113.62038756529695,118.22473204630789,116.885901542258,67,52.834
47000,392.562839332896,134.59776500567332,136.97133858180362,143.30733385792539,76,49.657
47100,320.4195686132838,123.72138669183674,111.52386395166214,126.68028272340987,70,52.041
47200,401.1925115338722,148.3043841595565,141.3797778751334,147.69964617523945,80,51.079
47300,447.70281498226854,157.85787738837826,150.24534726067066,162.12278542398937,83,49.336
47400,470.8754059297433,165.5975730476667,162.6151469336423,164.65415804141983,85,49.246
47500,418.2285215803759,142.93263264979356,146.35228157829576,145.035277604126,79,49.5
47600,459.5031242336595,161.59882772917575,160.00343527607978,159.6153658104312,85,48.309
47700,338.4299707675509,128.62194589716165,122.64567998092326,130.30918205776806,72,53.568
47800,448.1210582962031,154.55150529370735,157.45227337644556,155.96459607295282,82,50.611
47900,454.375920869963,162.58897205911993,161.85166674936767,159.64264263637781,86,50.152
48000,424.1532380663381,156.62621138239427,155.8326514750471,155.99573445019007,81,48.729
48100,437.3053816240109,146.61502648400486,155.7873950306678,149.70039968319216,80,47.927
48200,425.7804544068383,149.8777108918609,153.58928794374634,149.66722453166284,80,50.216
48300,408.9767855302736,150.80125521532457,151.38373863447254,154.29277786259541,81,49.512
48400,383.9580248736304,122.61400249751628,141.09582314555638,144.16122909551538,76,51.424
48500,475.18885927000355,159.13185214092923,164.90985612115034,162.60948759098088,86,51.022
48600,352.219231065304,122.19909598643025,125.57394374477127,131.87804071207793,69,51.594
48700,431.7354854754581,154.57851101909964,160.4382823851457,157.55241884571117,82,50.222
48800,371.7982489808364,134.7083846924576,133.57521878485804,138.04237756425186,75,50.883
48900,427.54407751973406,150.17942207196467,153.52588096601056,152.34542054137833,78,49.912
49000,331.1091348508877,124.21028672542108,123.73799222909236,127.47687591181655,70,49.177
49100,419.23245913293096,144.71147331846151,153.74503727898272,149.47723487672786,79,47.018
49200,423.42408039934634,141.4322600471923,148.06897431756823,146.4112166693989,78,50.057
49300,368.0668450779942,129.5650044764515,131.03607565167468,136.0952284390506,73,49.798
49400,425.7122026491161,145.6704405953156,147.7585844516685,153.8302431621788,80,49.418
49500,487.93085757771956,165.31010543821347,166.90006182720356,169.02136727551385,86,47.721
49600,442.91843912928584,155.7049055383296,151.54124820732005,157.49201914687268,82,48.182
49700,359.74870724371306,127.56998843621592,131.71787230927356,131.52686217094373,73,52.024
49800,352.4952173277805,122.50894431382427,130.15991931874765,125.13903783373306,72,51.787
49900,423.71458116386765,143.11312418565475,141.24277771574364,149.9545511817332,79,47.882
50000,440.02395530722896,148.69264625142807,151.5414798476746,159.31961562729148,80,49.705
50100,393.4711854809984,140.95786517811877,142.7264255228324,150.78161751411955,77,49.017
50200,333.54771469003543,110.39213776893976,113.24043871947089,118.06578010172433,67,51.473
50300,417.9734410246046,145.2591722575902,145.52475773957153,154.14514544211798,80,48.234
50400,428.54063115121755,152.59328982223613,153.92953754548174,161.02657266535783,81,49.97
50500,404.8119498802691,142.23840835806448,145.57707538384298,148.60879832588893,80,51.803
50600,421.3024263378325,146.06674926499724,145.88297677613954,155.20702800295706,81,48.67
50700,369.9133575719172,135.92152035003522,127.0570205442331,132.47434585421985,74,49.475
50800,429.00636383437705,148.51149757551102,155.25806545038026,151.9027270225483,83,50.837
50900,420.39370569080137,139.17662397875569,148.54451403090042,150.190332681417,77,49.428
51000,423.3268458305511,145.22884211052033,148.84993470669076,151.7150690901651,79,48.079
51100,435.49660574256,146.4175972467727,147.80084985204957,157.07122537799555,81,48.598
51200,412.9896575115345,144.11293473119983,146.61168027301258,139.67977257981187,77,49.477
51300,458.0720582941991,153.6016720760376,159.20191394271765,158.51739149762764,83,47.094
51400,379.1429864791033,132.9725526499484,141.55665356317493,139.2675095972494,76,50.626
51500,339.4491039524364,112.7728561561505,128.62402211374592,123.56353228741656,70,50.807
51600,314.6421932501342,117.36271194781673,107.51607682442307,111.45208682225459,67,53.239
51700,476.7596130615299,164.3783621985635,166.8025205586959,169.3068216701041,86,48.753
51800,483.5393604872799,169.0531918345504,174.25769408668498,170.78096227767443,88,45.646
51900,457.7404742072433,154.14009869805852,155.32292694537705,159.751128432517,82,47.887
52000,424.3091398527194,148.87278085599215,147.1548788904451,152.54602900842167,81,48.893
52100,370.8337914353286,138.2922637299813,130.20783089714428,140.22621816389125,75,48.43
52200,442.5645398405416,150.95060029961024,149.95271027699619,154.00361848726465,80,49.607
52300,341.8670713863885,126.29716247109447,122.68924717047867,140.15013692864707,74,52.874
52400,405.8314388907638,145.23405374395784,138.77901408682857,148.14791342925508,78,48.188
52500,308.1233671725563,115.15057821784531,117.51719130821934,122.50020377109058,68,50.729
52600,450.030521701384,160.03988655674195,162.10180557735566,164.8902590123359,84,47.124
52700,402.881211599216,143.3921587456589,145.85926611576065,150.26626329302337,79,50.368
52800,376.56960601659875,123.76576945283763,134.63814870695896,135.8934288976609,75,49.611
52900,413.7763788934087,143.24671584927367,145.3534161745077,149.9376104201363,79,49.067
53000,359.7170538397879,125.9292065374251,125.05243312264903,132.0717787808224,71,52.122
53100,398.36801381716685,143.7807427340177,130.8554198402448,152.1642813796856,78,50.349
53200,337.94715041633987,115.08907011160463,118.02119447580476,116.31097568074102,68,54.366
53300,450.42386182550456,153.26711677723458,154.53996892254497,156.81802197526736,82,50.511
53400,417.55630263769757,144.06886011511816,152.21895952264592,155.76077523883356,79,47.746
53500,408.76355729634406,145.32422447665843,145.74661269716532,152.5084848209556,77,50.926
53600,427.18348603956264,142.4036247857033,149.098000909948,148.93616056135608,79,48.546
53700,405.14020493058604,144.94935057321737,144.06225196654322,143.7355954285759,78,47.776
53800,398.96923637213774,135.87519436668447,138.43184688008606,143.69497076093754,76,47.098
53900,414.38654432699747,146.88992979421812,144.66593816936057,155.68845474181506,80,47.995
54000,391.2109132477539,132.38775642989705,138.88013351265553,135.2540554371924,73,49.216
54100,379.8926325557709,128.694436337751,143.2662141633108,144.4661104102197,76,52.819
54200,331.81835451228676,128.88682224785563,138.0124777059897,135.17225742698997,75,49.927
54300,383.5311090182844,140.41583601633812,140.99930730631152,149.35271133250427,78,48.675
54400,398.97656447231225,136.62875419386572,140.90885673339668,147.6842024276741,76,49.165
54500,429.0630581992267,145.24492819104935,151.92592363004184,154.79018996531045,81,51.143
54600,433.57103593363513,157.40503630760506,153.74639233435192,153.88750071193286,82,50.563
54700,408.69221675909495,148.63094136530503,144.90118773500137,140.25308433247528,78,49.623
54800,373.13304969082435,130.90844424826244,128.96128298038494,133.6691562871646,72,51.959
54900,399.9702145731816,144.36069322023258,138.0512701571516,149.1484116051469,78,50.132
55000,402.0778683927728,141.98984840191804,143.7818750869057,144.1664191134901,77,47.765
55100,441.34808045861456,148.42638900755165,148.25593177063888,154.38296732014192,79,50.559
55200,446.44615444742396,151.3581974236882,156.40649454188704,162.56867114264003,82,49.058
55300,394.94414988640244,138.71611316360696,137.2120108921892,143.9169996333684,76,51.375
55400,432.34634570614145,145.07731324865387,151.87835970847743,151.52217027942453,79,47.182
55500,420.68989078237536,148.67502104492903,151.28104856746057,152.1095443135018,79,48.669
55600,498.1944925365824,169.77576912823258,170.28009157855425,175.8595082679402,88,47.288
55700,398.36412328198463,143.0696612380142,145.96393930895073,142.60622212858613,78,49.925
55800,440.663433407418,154.0142090883666,155.3207489833436,158.45054393645378,80,48.179
55900,444.23338750684553,155.29643357761958,155.03770645470343,158.77489704637807,82,47.653
56000,423.0521401549788,144.9836502534049,154.44364505311114,156.44064203363573,80,47.893
56100,394.8929095358285,142.33134647561613,147.40859713532586,147.67674251086532,78,49.842
56200,408.40167921520003,140.69704558354977,142.87723397378684,149.92446884966938,78,49.416
56300,379.3351676198433,127.60595311472072,135.71723834059256,135.4971880497164,74,50.988
56400,412.8057069967069,138.5720142636687,140.8869584167469,144.5663594565804,76,47.232
56500,434.56129567832505,155.30619270646199,158.0994884845658,159.42344181269803,82,48.61
56600,487.4366890499652,163.74026437686368,171.66572947689548,168.69057507828083,87,48.805
56700,391.5073513450523,140.1760315053633,144.98481365450584,153.77903193176687,79,49.431
56800,515.1581906831755,172.1325807203686,174.43388449785442,178.51619959452796,91,46.746
56900,417.5809659679489,149.22171552954654,153.34931878090714,152.82047928629876,81,49.126
57000,395.728191842643,134.76741390068963,136.58732075396358,140.00982010742905,75,51.647
57100,353.62582969097485,123.38005659388294,132.77881698010881,132.21710490230677,71,49.195
57200,334.2878275357076,125.06467605298762,118.8380149247519,130.98060389960116,72,51.388
57300,445.2659357089058,151.48723108306822,160.34066106768933,165.8781788309963,84,47.955
57400,400.58014178009796,142.9471720588666,150.02790135440833,148.824770246458,78,50.214
57500,394.1239391859505,142.39015955156327,142.3647020048757,149.56430132114565,76,49.841
57600,320.563284616817,124.1717817406797,119.18105475499176,125.5585174892888,73,49.339
57700,448.3756066758186,147.86950981146074,156.57936034286956,167.6439401324244,84,47.912
57800,342.0938946103501,118.6065929699687,121.21552566496459,130.88651897888272,72,51.559
57900,448.5868549196018,156.8109788071144,152.94672478481974,164.3012987525952,83,49.921
58000,338.1565053039296,128.4514807028997,128.53424436006384,130.84432788735268,71,48.436
58100,415.2519963101118,146.8291112169792,156.3857563603804,156.82923284302566,80,48.639
58200,368.95889829811944,131.22908050365936,139.34302568221017,144.24706975714233,75,49.775
58300,409.90904567811907,137.31828424001276,140.1828949335459,148.20058995808603,77,50.818
58400,447.2818201324016,151.07912019626482,156.9920717530615,155.0680297374521,82,50.123
58500,403.59277295896834,146.24283221353585,149.34151223150718,150.65848286786584,80,52.678
58600,350.2788530137009,125.55253212433404,132.9429024668786,139.99213753665552,74,51.762
58700,348.53675538398863,131.29761434093737,132.7291947467778,135.77271926483212,72,49.256
58800,435.2106677811311,150.1357293690526,159.1168418862084,160.88750796734715,82,48.287
58900,390.56057783536386,138.47842018395897,147.44645864315996,139.71304605609956,78,48.476
59000,379.93216406054836,135.79784793885455,146.71798620911136,152.68798331826176,78,48.781
59100,342.90846253432466,125.25590150685085,129.5027229217791,127.51943443451208,69,50.559
59200,362.74995927182323,134.55111537650959,141.8107055889623,145.45694134954508,76,50.716
59300,391.8590613400029,136.11818545149592,144.20390111277695,145.9207172823956,78,49.685
59400,445.85922889626215,153.5669878073561,156.42988442747463,158.74043235244218,82,48.166
59500,342.15216884561727,141.94938894179316,135.77913627171645,142.6066518011375,75,48.8
59600,357.8869219661994,112.08272641831711,137.65283721726703,134.88899740566504,71,50.969
59700,374.073641496829,122.4546624625251,132.75316139241744,132.30237631257643,72,50.702
59800,388.5766090735687,131.1016973446759,138.23787344800007,140.29740151117082,75,49.017
59900,451.1916515811494,156.84558145768534,158.9043522876742,155.74266480604126,83,47.029
60000,393.99159718447135,138.76882249829757,145.1734520754508,144.62429205838168,78,50.336
60100,339.75209623485165,123.83480596956126,122.15151749723321,133.61797837819486,72,50.204
60200,396.9793737173202,137.48252886835604,142.1001377097123,148.560770406328,79,51.739
60300,357.85666414953187,135.99460505298313,140.45180288566863,148.97212369874745,75,47.406
60400,403.1892216505036,135.59966748756904,143.25938092347016,143.74084889875397,75,48.983
60500,284.05056355977166,105.61682313952733,110.5076668642368,118.41943870856619,67,53.443
60600,357.2572918417739,134.1938254464939,134.58246680683698,137.1469349362759,74,49.163
60700,334.6304923129282,113.76327227452268,126.10718901829607,127.91281368631559,70,47.86
60800,384.87017527917766,129.05852395655293,143.88641603788673,146.14131943754484,76,49.992
60900,345.1586627046371,125.81459557476903,130.3534175706787,135.30558340738682,71,50.058
61000,425.9849220754032,143.0225632146927,152.9743691529598,153.69328457347513,80,47.495
61100,407.1368495598997,141.2602718647478,141.6717941050985,151.48417908126078,76,46.36
61200,411.6646378330049,146.89827810946713,152.601096827068,157.72544459899,80,46.995
61300,345.36983626827134,127.85268320130466,136.71107963187677,137.8385302305882,73,48.848
61400,448.6010153703648,156.7544671705157,157.29935958163975,162.93093558844984,83,45.53
61500,243.7776317457059,96.69046344852072,97.25501198931224,106.85724883061644,57,49.897
61600,303.78206797515065,128.03801458220693,124.90882843760272,129.2726085987496,72,49.378
61700,278.9580545299383,105.82512811941747,106.25977271834142,114.76095678307861,65,51.754
61800,329.6215988900904,127.77126143883946,127.7991800104941,126.32888176929765,70,51.845
61900,398.5194296154184,134.74204243202746,142.27109515294032,149.3268100873046,78,50.386
62000,381.77644079694414,135.70907427872328,134.75185237198065,143.47785423738625,75,50.055
62100,278.5591026863564,102.19693563813324,110.8531290047691,119.10796741764183,65,53.179
62200,349.4032421475797,129.59037449706832,129.71992752511275,135.26803891640367,72,49.447
62300,316.64070633983846,112.47316675070812,129.15729155892657,130.8269333317816,70,53.375
62400,333.533153966649,117.58051353101308,131.20015233738224,134.11229649991046,73,52.316
62500,408.9106828477286,139.54456210581031,148.3064745898951,149.13772636115763,77,48.068
62600,181.34873220460483,74.15649688200878,83.76134858664314,86.67795113629938,55,53.093
62700,421.6750663694509,152.24331863776808,150.40875160747512,155.3522641040138,81,47.735
62800,378.06066470815813,133.12063432998502,137.6063344454275,143.36060316951045,76,48.353
62900,428.9141441748151,147.72323633763253,149.3373539086946,150.28271345326903,79,45.422
63000,435.2762515984742,159.3798570146396,156.52187565255792,163.1463048256014,83,45.231
63100,422.26002163778503,150.253979174988,152.69982411984765,155.2072984433781,81,45.928
63200,352.69211465370813,124.43045247749043,133.15997331671835,133.75314398494982,72,48.424
63300,411.552148543359,136.29741396816394,148.90728498392446,144.94129980257702,78,49.1
63400,396.4100231766016,139.05431359809074,146.52483139066743,151.54686026281516,77,48.284
63500,379.3549966279479,130.5227877416206,142.74231191036316,148.6455450089481,77,47.7
63600,253.75214158680012,89.37865495897408,105.43244347423087,112.76288858488424,61,52.523
63700,384.9897992833049,124.11204069249416,138.46994805499043,139.10829810428012,74,53.44
63800,381.20299756489806,135.54510923652998,139.42828157824417,147.14693449690802,77,49.698
63900,373.47138687451707,132.30754744266608,138.63073474562106,146.83676569620383,74,52.229
64000,422.49907533441524,147.57785102882647,157.2914870730115,159.74602724299396,81,48.911
64100,244.08329941900558,108.46331679099806,100.48181018534848,114.56239533000794,62,52.225
64200,330.69536106054375,125.5646677266412,126.73766305332951,135.48690670924609,70,52.186
64300,396.927399910341,134.22663284272772,140.6881675858095,142.5908695913932,75,48.987
64400,317.08829502876404,111.7600662862822,122.13440246566219,132.6028437078003,70,51.293
64500,416.9164955195395,149.09960382654305,144.6397928790132,155.6039703134735,79,49.313
64600,410.42182778411313,139.1948254232833,150.18167232224843,155.20792764720156,79,49.829
64700,346.57035101790194,122.77935939872805,130.85492779409006,137.38389679229186,74,52.057
64800,461.0283339363611,158.4703300182561,162.19730920352978,164.74765671387718,84,50.51
64900,389.0269178384029,143.2743897888338,143.30656964930435,154.57566531125758,78,49.06
65000,325.7319210507937,117.792648644579,123.1249540973437,129.25139195429344,69,50.546
65100,414.0524818907519,147.5058688161204,146.5082924769794,148.91611474025464,77,48.374
65200,408.4064956944905,144.5395394229107,150.37792057449053,149.4916648208855,79,50.175
65300,319.6299606500858,119.02813631950843,125.61096201152623,132.20002656769134,71,51.843
65400,271.27884394506555,110.18802445485937,115.63727324231982,124.55574903979976,69,52.561
65500,339.08059603184483,124.46670104070468,129.5386333551233,135.8234091736607,72,53.596
65600,399.02412982581393,142.07783218111948,147.6748034424023,151.6312001915975,79,50.654
65700,361.9463905705535,131.4564464415028,136.2988709179062,140.80255047656405,72,49.382
65800,318.7003743193198,116.51579095992147,131.27464453608138,131.29446858001413,70,50.198
65900,378.19832515365323,132.96923117235423,141.2852749636592,141.48530594637393,76,50.353
66000,253.46705430912945,103.61078803799437,102.08871510504811,117.44395786682232,63,53.235
66100,411.45372967275927,139.51348264992777,148.2602304851937,145.906283485888,77,51.081
66200,358.4389072911184,131.15384296680924,129.52081903734813,135.82840625167856,72,53.759
66300,385.3535867609578,133.06263433641624,141.49897504336792,141.48009663854884,74,53.24
66400,347.0243999965688,127.05373893217038,123.92800511277545,138.85472229762104,74,53.427
66500,127.03703363777025,77.21964562644347,76.53140050188593,96.81565375373818,52,52.266
66600,262.03654179452644,103.39507758120078,109.4869954722711,123.51178489608792,67,50.6
66700,336.80371492065177,121.21102662734914,118.21551695578128,121.38727733766272,68,49.834
66800,448.9095749302955,151.491344788223,157.72134494170248,163.4638472306095,83,47.75
66900,342.779157518934,134.37303958570106,128.7787750702091,137.65014423811672,75,50.987
67000,415.4514241597712,141.59296563882899,149.25478282175115,150.27277422259615,78,48.275
67100,379.27568297891645,132.35470888215093,129.30666314844154,143.4242510081062,75,49.777
67200,453.6447012961913,160.16133713600536,149.51988720537832,160.0055161583652,84,49.76
67300,444.80202691179176,153.91612081558304,145.58060605669837,157.01227698877238,81,47.676
67400,356.4702004287407,122.65677047724427,122.82129948159537,134.98448358966218,72,52.212
67500,421.9295991262454,149.29925526060435,148.9598210264984,146.51034993422599,79,52.114
67600,377.8301893574593,130.95097663255896,130.90188269947927,135.9406273420433,75,53.489
67700,345.0179310028215,125.65456153477565,122.9109740525541,134.5984176476995,72,49.686
67800,382.89314376262615,141.4724845508411,132.15720906425872,145.308252887173,75,51.328
67900,390.72364291792235,145.33649975430734,130.68389959663494,150.1730357641596,80,50.263
68000,348.29107320773744,134.26392272783488,125.53860556074038,141.07626904717108,73,50.099
68100,375.72046152283036,132.50739768147153,132.90189130994506,141.71595960382575,73,49.457
68200,401.74107016501597,143.7564191524454,146.31785748554688,155.93789204371996,80,50.005
68300,395.97539054490255,133.63562050026545,141.12759253074069,148.22082839181368,77,51.087
68400,405.6278593523592,144.61101472819186,142.02212513956346,151.92889298556634,79,50.113
68500,368.19809088932504,149.76101570906852,142.22287586016193,153.27605501616065,79,50.537
68600,422.2572830853454,146.8864749672837,151.26328806566463,155.76505725399593,81,48.366
68700,330.7485096733628,118.39906716799115,134.4475137539397,134.34767207104412,70,50.973
68800,297.3672584762586,106.65129236116776,111.73721709178855,121.84627859052247,67,49.895
68900,376.66752000640525,129.6175205808848,145.12108650588647,146.1444129249463,75,52.066
69000,387.57718031432574,135.64233701022636,139.80045166618757,142.93246004974927,76,48.017
69100,286.2243508597859,112.06272485555306,109.89880644239474,124.88660873554915,67,51.08
69200,430.9769897848372,146.0066285509943,143.96112358748732,154.48163072836087,79,48.028
69300,410.84051335854434,144.19852858693076,141.9104054037656,151.2595871101783,77,51.673
69400,347.0224320759586,125.24659670687703,129.6620849355483,131.2141885041045,71,48.838
69500,345.61029485851003,130.57168547500132,130.21463491740195,138.61359135114967,73,50.269
69600,436.5438219521111,152.10782572614116,152.6736945369354,163.83933849276312,83,50.643
69700,395.12390294185104,125.0235334023814,138.48157999501964,143.33250767812146,77,51.652
69800,235.0168173308965,89.80118162197108,107.6959532110008,113.8862254711439,61,51.887
69900,302.1530376553345,115.26935548864023,118.81844548857214,129.815680298693,68,50.625
70000,418.10950876714577,150.0496791342414,147.690140920334,156.7668529152366,79,49.31
70100,463.61945686783423,154.73407184443658,157.52710275562887,160.41083160155569,82,48.297
70200,407.20933667026344,135.98861931892168,140.77297104066707,149.2447063585638,76,49.973
70300,425.41418903312575,147.22485960223383,149.016629364623,154.48029060509478,80,47.086
70400,279.13947341120104,99.03216234699936,113.94965431504606,122.20288557257624,68,53.323
70500,428.9650093834085,143.05683850038034,147.64828684713032,153.01341288284505,79,49.576
70600,397.0870162686305,143.35113417167145,146.5956186250892,154.61986479269564,79,48.574
70700,412.149509850124,135.721832212836,155.17294198689945,161.58439546418887,81,51.731
70800,373.3435211394756,135.94636374296778,127.26537570090049,141.77796996503918,74,50.597
70900,396.313088293356,137.78174892212522,138.5702197235196,147.93379758457075,76,49.534
71000,322.22716518311705,118.2089419697984,123.85070423552423,124.69654765976567,68,50.34
71100,397.19066776019025,149.42611159950766,143.37815369538862,152.35032211307004,79,47.546
71200,398.982206358902,136.2697313734046,147.8847732159434,151.8509122195302,78,48.364
71300,372.2303192409239,127.9451726952909,126.79092961197793,138.6929419592647,73,50.102
71400,445.6109161949246,149.95518021803923,152.28061150416798,161.33004366675274,83,46.641
71500,382.4187752929199,133.87621885751162,132.77887292313474,143.81216410284674,75,51.998
71600,374.24697745369747,128.33171514160549,136.5470602319373,146.42763019135165,75,49.233
71700,335.6254828817073,121.49724409349305,127.1833876523069,141.824739515287,74,52.446
71800,383.6673444695644,133.9162496493153,138.51123895701875,145.39573134153005,75,49.701
71900,405.3894464192049,140.63186254983248,141.93393029797792,149.95358183360102,78,50.329
72000,407.08293296673816,141.09608096935514,140.87159664864964,148.40845515597456,77,46.73
72100,363.303134073786,134.0918855755207,136.76837180189972,139.03990709472856,74,47.91
72200,395.81829927367414,132.7864609968158,141.22647805890566,152.25735244702696,79,49.728
72300,412.0871510080979,144.51147982273451,141.72666805599766,148.15176065319838,78,49.362
72400,331.4294532815298,118.43545498174743,121.84442919617621,129.7735020422793,70,54.288
72500,414.7012035136167,135.20430274243364,139.6226594389115,147.04680635101548,78,50.429
72600,373.89246984036674,133.35055447673133,130.61238888130484,141.7500364233964,75,50.206
72700,391.9272315388332,135.3238969816427,136.8551901105019,145.70373774523532,76,47.682
72800,458.5926067311045,153.52706633719143,154.63659009442605,160.09706717724646,82,49.825
72900,361.75819381591157,132.46579234005523,123.17211355349451,140.4627375298575,76,50.336
73000,432.8795581170476,146.19926249387197,151.3047579302819,159.08254806895025,81,49.293
73100,307.26068265342457,126.28358838726595,117.01203299316222,134.82104499303668,71,52.025
73200,399.0871755884538,137.32293747266934,133.80294236666327,145.07155393449028,76,51.942
73300,392.7420744755228,136.38071432406622,135.36530871019522,147.34896287937428,77,50.323
73400,424.6248479378175,140.01258058759862,149.79638745659005,154.87380651335528,81,50.999
73500,369.532823754024,123.57410625169139,134.8473732944225,138.3791107782002,74,52.843
73600,362.689035865664,122.35967375821743,122.15589372961871,139.1278465436497,73,51.915
73700,372.48916731900505,133.86749194520516,134.87014365629,150.09427119709218,78,49.697
73800,409.97132737331964,143.8262895008772,143.73449129512167,150.71736163050846,79,49.013
73900,298.7580442933852,114.27826412291716,118.76842232411583,124.97874268243089,67,50.955
74000,429.23655726122814,141.04405306810165,148.81030642184638,152.85967301965192,78,49.217
74100,323.71994408804613,113.24943131033847,113.8765081267777,129.78645228992255,68,53.178
74200,373.50491598183567,132.88062496895537,138.7158540653932,139.57988767253002,75,49.758
74300,383.97313081630796,132.63276119816663,137.7114136093505,142.63547184972876,75,49.739
74400,446.78224842240024,151.00446768231643,151.87168000915196,159.8010959580391,83,48.583
74500,367.5637051441856,128.07217721164088,139.7594701959367,138.03179046096207,75,47.405
74600,379.3693611207341,129.63770916727276,142.20404122795352,144.47185059835823,77,49.796
74700,476.69345478749693,164.5083810124097,166.12412940021,172.50735483893857,85,47.474
74800,407.2211816234266,144.3269630903792,149.57175696611623,153.62174623572844,80,48.115
74900,414.2209435852089,141.33961172969043,140.21566948374573,150.84257638691707,78,49.507
75000,333.8450568827831,122.50120259248779,120.78366066252197,131.88538237793327,70,51.34
75100,389.7559047433006,139.80260945050642,143.0111974206151,155.63826270513155,79,50.543
75200,373.8753562863703,138.14396558880068,137.04036158801335,145.14175759449816,77,49.223
75300,301.38616714890543,114.38030378993344,114.97782445347418,122.84137307589177,67,50.005
75400,446.7421338319809,155.0514514280512,163.1625382487184,162.89736767691113,84,47.855
75500,383.35095180551616,128.85222888503696,137.77679204415296,139.37413142221388,74,52.832
75600,359.80190852712366,129.1665242735003,132.2472011951773,128.72922005759278,73,50.511
75700,382.99855987860457,127.39598210772536,138.46465824939403,141.5941673009065,74,50.729
75800,428.4215855223866,152.16130972695436,156.97782441493874,157.157877345485,83,49.345
75900,303.2990815621723,120.7492490745968,118.44944868240621,133.59266818480154,70,53.291
76000,317.34151925008535,116.92626748889147,117.41839166836999,120.46494778746617,68,55.39
76100,291.93753598917164,100.07611350402829,109.03076225634885,113.36690041917217,65,55.284
76200,316.6151649004493,117.76706162211323,122.81439756927934,133.62051807362275,70,51.418
76300,307.24210200740094,102.74051519087594,116.36946047936046,110.43870760308195,66,54.095
76400,232.1256635082907,87.83992057172516,101.60387490113025,103.82785894764828,61,55.897
76500,313.4978883694644,111.03980902974939,125.30694036283153,120.6928048678813,69,51.14
76600,361.33189409222285,124.10687971725275,130.76387866153263,123.07271955056736,71,53.074
76700,429.62676294042154,147.55974598975845,155.52968091304172,151.74868551109788,81,50.263
76800,255.25041687052283,106.66337161967049,111.36163971724044,112.27895587100188,66,53.692
76900,362.0189845179737,134.08095476832258,133.13149749252497,139.5641783520969,74,52.988
77000,450.3428096854077,156.6041369448793,158.11736994061016,159.6800678302388,85,50.66
77100,337.82301394731235,121.12886993905153,126.2976942639817,130.83212138413003,71,53.431
77200,306.42337636748596,117.38583654105514,123.93984502312755,122.28034977580242,68,49.405
77300,384.0930645099034,136.19884626234088,145.95471817029042,132.78480085585716,78,48.558
77400,382.35632950769525,135.83345657858692,149.9979247044938,142.71109599777688,79,48.873
77500,346.38377665862726,123.39543589104123,136.80813053731382,136.822920635164,75,52.53
77600,378.94303489552726,136.61952251500793,143.83047878705196,146.50709266711127,77,50.46
77700,411.33120778859904,143.643378915546,151.47917824279216,145.15879742165907,80,51.252
77800,362.535300175302,130.99926759358516,138.4000666018987,129.40050651983532,74,52.805
77900,397.5804058572826,139.26110478583067,143.8554261182685,137.8665812181467,74,48.749
78000,402.3713568686422,142.4955482801228,138.23865570459367,146.6251540131015,77,52.281
78100,424.649107539342,144.0306205709565,154.7656496708809,149.13711296120894,82,50.079
78200,404.3782991412177,143.6412211095759,145.57367010007567,142.93419821198233,79,51.553
78300,362.7906305989081,127.2398111051342,136.5950420037947,134.34847927125116,75,51.803
78400,372.3855316902755,132.26445427927453,141.1890102054048,132.03304839689466,74,51.385
78500,441.6771007878945,153.82388715884977,156.0337036799517,145.8493815162954,82,48.887
78600,430.4750679338226,151.20693139389152,153.15974199500596,160.17203640454304,83,48.904
78700,327.043819026381,118.06964136423063,128.02969448118859,131.84397337702293,71,51.068
78800,358.5862593539789,132.08067009924326,135.6918676615686,138.01562104275874,76,51.168
78900,384.9431844532475,134.48731889869933,138.9089467381474,133.11311221978787,73,51.756
79000,345.4794151956741,124.13895866106397,129.15966651489373,127.33927475623618,70,49.374
79100,390.7752466342882,136.59639118346496,141.25140813085432,144.47112835183094,74,48.194
79200,370.5329308597834,131.1562718801435,135.6071499405524,140.19047846789402,75,48.613
79300,344.05033758434473,115.49587423796042,127.80114922873445,131.24207463938552,70,50.061
79400,404.37090718798487,144.1281875332679,146.5392753370087,149.92380445790639,79,48.695
79500,366.83445570339956,128.44183924843352,134.99751312603615,140.49795164874763,73,49.08
79600,343.8850224862252,121.44828147525851,124.1850151263719,127.69444765547088,70,50.678
79700,376.30481762635907,140.6902848513973,138.64475917838953,147.58974199440772,77,49.958
79800,330.10819180437755,134.1346515951032,133.23455611386393,140.66004192147403,73,51.825
79900,416.6920353545031,152.12781781029742,154.6055101197452,154.25378659903444,82,49.479
80000,333.4799080347703,128.88020391079664,124.70410357332304,133.67363917933636,72,50.368
80100,421.3677793098926,142.72705139858007,151.35575242640562,150.37076256188647,79,50.125
80200,421.2468211445087,141.53740341649345,147.68600684449092,151.80468241314347,78,50.089
80300,343.1931470370431,128.9944807862229,134.4481373647178,134.21469522115564,74,48.038
80400,376.9814028480781,121.02051106223105,139.721278838976,135.37457981663636,74,48.184
80500,330.7099060348744,115.76656733649244,128.3100046376696,127.80984118076378,72,50.598
80600,364.9004764244917,129.86963767022132,136.97939257502168,143.64184010998565,76,48.437
80700,387.33230228599786,136.2981951132915,143.2175746144248,143.1082492184804,77,49.385
80800,389.11759991756173,134.12430100599687,140.54181465744566,137.78186323148446,76,50.39
80900,427.4984612162095,147.66785288816675,151.93766396358208,149.27621393566096,80,49.391
81000,400.816719814307,142.98083877418938,144.58635353318158,142.7739309334607,78,50.33
81100,468.07225534154526,164.11799619522364,163.49512094204707,168.42548805038726,86,48.497
81200,372.02193629648957,147.00083995723784,143.98875235895446,145.04606574680747,79,48.938
81300,404.39558337668063,143.0317912640149,144.8544805504616,147.84747633538143,79,50.222
81400,357.546682251067,138.83744671653304,139.87602376135084,140.98118913203595,74,45.437
81500,405.2510811034871,161.68874550316713,151.57502822039544,160.68428815456787,81,47.019
81600,316.54027401128434,119.40331196699216,123.04091107445679,128.33081976005562,69,50.203
81700,415.994707039878,153.72536379845232,153.79173312903066,160.93137258199212,83,49.105
81800,368.51355432779593,136.38611026874267,141.51158237287473,147.35674453858235,76,44.884
81900,339.8790041933703,130.8575032420211,124.58193881940691,131.94999772312087,71,50.55
82000,411.05309807690566,142.27725723773037,140.8167177091189,146.77356155308541,76,46.676
82100,465.03295235925987,161.587079276978,166.03116456403095,156.02595523356658,84,47.156
82200,368.5718130883038,135.44409130048393,138.40981401164186,136.56497508012046,73,47.772
82300,289.240210839215,124.14240508859724,125.86011103188658,124.31203132201608,68,47.343
82400,419.7902827397982,155.96716971379476,155.026904590282,154.23242194203957,81,48.396
82500,402.7262689453949,146.03468534174885,148.46279738391186,151.45894202925302,78,48.378
82600,355.0285509144362,118.55724981034122,127.52870350357745,132.58305706800505,71,52.869
82700,461.91667548796164,160.85201875787365,160.6908142092851,157.59604355116485,83,48.17
82800,436.19521848148077,153.80100251962946,155.64333251920064,149.2742849037273,81,48.294
82900,376.10733636531734,131.45561147415302,144.04232562745318,133.95817541328316,76,50.492
83000,430.1046767072242,143.48773504172647,151.29345452739025,148.03109839502437,80,48.531
83100,374.94159407795973,144.29173942218168,142.3815929601975,147.21898898102864,76,48.222
83200,343.5638585799107,129.87249467154956,136.13016309924123,137.54726464135175,74,52.125
83300,410.02517259776295,146.3040990633579,149.7190915942935,149.71705789751132,80,49.483
83400,441.8903103139493,144.19836373814778,158.1234383105057,154.120112466446,81,49.337
83500,461.36988855227463,157.37359221800006,158.4263089248083,167.3873303772335,85,46.45
83600,391.3906544980169,137.2536526995712,147.37703626227022,151.60014439420544,80,51.765
83700,368.24593159815123,133.8536282129753,141.0206307479751,132.47284119469776,74,48.586
83800,505.72395624442476,177.61101607482908,172.05851701549452,176.72488321761955,88,48.048
83900,430.3364184835773,154.86863536257817,150.11736836935853,160.56395851452703,82,52.148
84000,399.2979691314553,143.93352191827162,144.86568372536212,146.91962081897628,79,48.255
84100,353.1171595790402,142.0405993517694,130.04526504538543,141.18725773874067,74,48.466
84200,443.4445401122403,157.62346092828534,157.27077502419627,162.7403681326136,83,48.098
84300,456.4026468238106,145.6985070407444,161.80791014428354,164.20167334125398,84,49.578
84400,423.84806513391004,139.76161470065642,154.92673841505962,152.47862387435717,80,48.988
84500,406.76908652797266,141.4026657290083,149.28287590775165,147.47743116846357,78,49.849
84600,422.82152299212436,143.7631972384658,150.1065013645137,152.2481325172325,79,52.55
84700,418.188743833559,141.1685420161172,147.98820914079704,154.04188450366502,79,48.185
84800,455.5475805378821,155.65707942495968,160.47152863134252,161.786790593832,83,47.245
84900,478.30866351842576,160.72674285887226,164.67129377927344,167.07289035715294,85,47.384
85000,411.2154612320758,139.06550169793556,148.608040786104,150.79591438415144,79,47.734
85100,415.1071375847858,140.54950610643914,149.69449991106248,148.21833091640465,78,47.139
85200,421.145883183739,139.7464838163983,150.4962929965287,152.58689412676017,79,48.48
85300,387.66474403356,136.18400193057457,133.50006691221168,144.02887543208092,76,50.063
85400,424.0381385112367,145.7237130886738,150.57876796511746,155.29336543030104,80,49.956
85500,407.2114817231842,141.80839479374174,152.89994246769743,158.00202947359514,81,46.614
85600,458.4519699223222,159.02436672867242,153.16870671281757,160.7774946231716,82,48.875
85700,429.18982749364915,150.9224043026479,153.60401397951964,150.43766475077612,81,48.468
85800,367.3054263324309,128.8272694500799,136.5839963520251,136.3076975133917,75,51.626
85900,377.973824045236,129.48982515030048,135.4997061966086,141.8460642478605,74,53.886
86000,383.7503002209677,137.43982674695982,136.56598434175913,143.33096906234022,76,50.363
86100,382.66497469911235,139.01934035188972,135.1653636470082,139.63969564930835,75,50.181
86200,425.174107785304,148.49771640923754,155.50923295226116,151.83676286335145,80,52.555
86300,326.267317416698,119.4579706671877,128.7151582860894,134.4566546823626,72,52.16
86400,373.2903748658277,130.60013238930156,137.15218817378675,132.88252741262323,74,50.818
86500,355.1612007098796,116.22346958453913,134.63930526460848,133.95740884301446,72,51.978
86600,444.00112332798466,153.35036712885133,157.89584450764764,159.51664799734502,82,47.117
86700,433.6157076512278,143.1077677636383,154.23588636977018,155.6005151175465,82,51.685
86800,405.19464049158637,144.11576177123513,147.46503001848018,146.69025019851998,78,48.812
86900,338.5243933579625,126.23038669818345,129.3466257890614,127.83839362720799,72,53.502
87000,356.23770782204815,124.91352383053008,131.62763546566418,135.24157522246867,73,53.706
87100,410.06797520189946,142.89166601256298,154.40756223636964,153.3454727508128,80,50.563
87200,448.3696825516085,150.58388342603286,154.1790920498493,157.86463591543304,83,49.532
87300,466.70774312516846,162.34455430216119,164.59772708964547,168.31794531888173,86,49.773
87400,354.4963523409848,116.05180765103067,125.5860810707783,129.49458807354438,70,52.272
87500,470.6606009398766,161.16509499397324,165.20890877649947,167.75206234839203,84,49.276
87600,431.89557764226964,151.6187237283858,153.0016186754258,154.44511277445844,81,51.978
87700,404.85625543368803,139.0339671823649,139.34072362700795,145.55531951354484,78,52.254
87800,404.12187589737533,138.91175446638576,145.98445906197003,151.69376108785752,78,51.018
87900,454.2416033313639,154.494620485205,159.89352929031284,164.08964707761697,84,49.045
88000,429.76206953906456,138.82745999028953,148.34200481466476,149.79777654775984,79,50.172
88100,431.1322546115127,144.13095551068446,150.8844003402697,153.49707932999772,79,51.745
88200,416.64454002655407,148.23725151542388,152.6888860752475,152.92737190404162,79,48.533
88300,449.51960134689887,155.50675477486868,160.99086575632032,162.27279148077952,82,48.34
88400,378.3980220132544,131.02050006641394,136.01202322075142,137.4280839469826,72,50.832
88500,399.273602453158,139.67321643624763,146.37883837681917,147.75299656887466,77,49.147
88600,458.2048815900982,156.87897930034634,159.83147249774373,162.4465794503494,82,49.58
88700,408.9098484662539,145.73056607736473,154.804927899628,145.72143636169736,80,51.248
88800,449.29382985762845,152.89580183419267,152.0116728287779,158.41616892485877,81,50.323
88900,417.36220138372045,141.0570688334518,143.6862804486571,148.74239785199282,78,50.966
89000,361.9844171905825,126.31288538506794,137.97945546364198,140.128235397187,74,51.194
89100,411.3673589968932,154.60635821834657,154.29700992351866,158.1550949622819,82,50.907
89200,512.1735731245249,170.27311544926044,173.75859747642113,180.28847765930365,91,48.342
89300,344.9136216159175,129.00119608469365,116.99052499933447,132.9441113460379,71,53.755
89400,415.3309559933009,140.73149860462357,140.0609121445851,146.76390970006796,76,51.895
89500,476.2884715123626,156.19372470531437,165.4422353051084,166.55995472776,84,50.401
89600,359.06129516741817,124.84507268335028,135.12781177106544,139.0348404915115,73,52.474
89700,333.80137597202634,131.3770397496595,128.86006215990253,128.59125710428086,74,54.274
89800,385.8362571611406,134.21238875262273,141.11711592986657,144.40534113212527,75,49.418
89900,373.32323781792996,123.26461404454655,126.31196323224349,139.61582040275243,74,54.04
90000,399.6077505973019,134.25711233396737,147.49961322148113,150.3259909810832,78,52.252
90100,354.77990433193503,131.69003754254544,131.2354361573479,136.79364832306604,72,51.48
90200,372.4229824951991,128.7470344174598,144.86619297639763,146.27200776564612,77,53.962
90300,408.7404150057125,140.31601008465222,148.8642656221073,144.07005834282262,78,54.258
90400,267.61977021984063,115.16997041630644,117.91727834369595,128.20767030241402,70,53.674
90500,433.0634521207288,146.4880429953033,151.1321024183745,157.40665031529613,80,51.081
90600,378.2909148034102,135.1807725828055,144.29891623818136,146.17192392685948,78,50.525
90700,317.97549488676117,100.85744248149686,121.23113565178308,121.48747695437228,66,54.298
90800,398.53972126856803,128.57946281590267,143.81844981024048,145.1460237813262,77,52.871
90900,339.61258798975877,121.2098313824833,128.73178222065908,135.33655432352353,70,50.064
91000,354.18038187733043,129.87660223536423,123.55222790758948,137.01396931196504,72,49.175
91100,446.932706125795,152.07752753518412,157.9210581270946,163.18109299561772,82,49.161
91200,418.4542880703919,139.435618658733,143.61586585868946,150.21548269009236,79,49.378
91300,425.98863126604397,144.2129956432641,148.0911723703617,149.83766592701556,78,51.005
91400,354.3614845069582,135.77118362135263,126.00080723213343,132.0287903571075,70,48.966
91500,180.01317282685338,85.53207493749667,83.51354040036112,99.86029511842233,55,56.087
91600,306.51121718423195,104.07002812633542,118.0514692167123,122.24949611456356,65,52.713
91700,403.51636435381204,138.73710106762488,139.68893020740165,148.83537673890794,78,49.501
91800,400.28000041891903,136.8447009012026,143.28605610305638,146.76442849225847,77,54.485
91900,385.04518982641696,133.5355046302042,143.58101589783527,148.33986703344638,77,52.352
92000,402.4993537609456,130.10392859852752,143.3116961318713,140.6340715519839,75,50.091
92100,336.49249680797055,125.55282882682832,121.55408314349589,131.4690234268063,72,53.305
92200,416.50485838161944,144.71942009966105,145.3053132629279,145.3323473105838,79,52.124
92300,429.6217803588042,156.54263074153081,147.43084451166968,158.50919814882872,82,51.872
92400,387.23758957540434,141.33940716689798,130.32378498204133,146.67770629731731,77,50.229
92500,367.4004669274901,131.31632877775388,138.07369106165817,142.11705135840427,74,53.117
92600,365.93458423381816,119.704605918511,136.36847553913864,137.8816685791709,72,50.388
92700,398.2650232349204,141.8362260113986,142.42821073227205,146.2704686767363,78,50.458
92800,388.2260686609312,132.10439093550215,145.136363294549,142.3418159334806,77,50.085
92900,411.65090932424687,146.97772369128649,147.55567780977967,148.67065822798983,80,49.589
93000,442.98251461764767,151.9100129702583,157.67449290955727,158.09843652809568,83,53.935
93100,446.2576263605369,154.8072244765641,158.01483962582756,170.3968507630639,84,49.648
93200,416.66425738510725,148.79647186864275,152.9840592258522,158.01006759741412,83,49.412
93300,435.5542515953818,145.38043402011067,157.81848083944593,156.3624132239543,80,48.16
93400,390.4205915342911,135.13759921689757,141.56479192682303,146.57165718059485,77,52.299
93500,441.9609959340271,145.18849576179076,151.39274661615002,156.7017995609935,78,49.441
93600,399.75778856195853,141.60446191558142,142.15844301207676,145.6249362304884,76,47.866
93700,417.7515284412885,140.81844777874562,143.46653710788885,152.82928032679897,79,51.751
93800,367.47828762182735,136.2440082813376,134.3676739441761,139.2750085451657,75,51.213
93900,433.25972210024787,156.31949145109508,150.8354201237056,165.55236524116944,83,50.096
94000,387.5672131878789,133.84066799979178,136.88437989438495,142.3893639967705,74,51.326
94100,370.64436594497505,132.32509205026716,141.36696689702228,152.779223094035,79,50.669
94200,366.62483368336274,131.79412691955716,134.9457982750739,146.59186371911412,75,50.362
94300,429.27617552815536,153.07928713363964,159.09651108130393,166.23654628713396,84,49.928
94400,363.0891954962081,134.21641604308593,133.47955242595827,149.07041051243343,75,48.474
94500,442.90719734629783,150.247377615539,149.59534611599062,160.87838789150499,82,49.985
94600,317.84910583224894,107.65391153343332,115.4780030612512,124.55797285519476,66,52.668
94700,390.03828359612555,130.27294610563746,126.17289344677776,145.50779733217053,76,52.706
94800,403.62933020096517,139.62527643944412,151.4428995061388,159.48062242771738,82,52.599
94900,448.91425917133085,155.52960503031386,144.42289754740983,160.31007010092318,81,52.08
95000,409.80480874788805,133.08137853450114,138.0634205305887,152.37421045547464,78,51.463
95100,427.51796595872275,141.1911283436364,147.90766079743833,152.1080971359704,78,49.614
95200,256.8155333741654,102.6804452871895,97.98668983617301,120.53719231664135,64,53.84
95300,439.97764735091994,151.3102489589842,158.5415077269481,162.97605087235016,84,50.672
95400,352.5111471735232,128.3967609112322,130.66079187663502,136.6676755498412,72,50.776
95500,323.3659540494356,116.86276556037598,113.81768440890504,124.6259163094904,69,50.252
95600,404.9067320643439,142.05139725166862,141.43512688807274,150.73636943696948,78,53.096
95700,429.80057448096727,155.31955656974554,154.46394635427896,152.1086599926697,82,50.198
95800,413.8516848932676,131.30146554235785,147.09047158490716,153.64048962884755,79,49.384
95900,327.20883482801696,108.34165979194437,119.1124521125891,135.07731770479754,70,53.873
96000,355.64598260121244,120.90678157748523,129.14447801775634,136.74367039264985,73,54.823
96100,381.1889659102968,130.47249296279327,133.97971521831525,145.24643033875643,76,54.838
96200,309.6644740652211,115.99278184335476,108.3824303940979,127.91727742990761,69,54.658
96300,346.04538192195525,127.06654652098234,120.45310884701692,134.7438368484494,73,53.294
96400,348.41553096089257,120.73790507745774,118.69357041980071,138.18633471422632,73,53.137
96500,353.9720876419118,123.15420856464745,135.68990983644514,142.20838760090766,75,50.753
96600,444.5044089001365,152.27168389736246,158.02579874076014,156.8465764626236,80,53.318
96700,376.7139005383594,130.57201417406768,129.54932784194406,142.9453334156853,75,53.367
96800,358.31788806340904,119.4075844857932,124.44207067175037,134.3961616841252,71,53.247
96900,384.7283180669803,137.90551680388077,134.40321968182997,145.8831566875375,77,51.846
97000,397.6605358290141,135.65575009595045,141.01142615457383,138.62491955586785,76,53.969
97100,375.31515410714036,127.37679686078953,137.79081448714152,138.11762144722687,74,51.541
97200,407.1849845026835,143.48067799502,138.7075416112342,155.95395326279186,78,52.476
97300,396.81693115822867,134.92103443782514,137.7217405133966,141.44775067429782,75,51.767
97400,378.876378298341,134.0623736826532,138.00718154224955,148.9782728946238,78,52.036
97500,409.6752955521793,139.140379028227,141.73140741858785,150.4796536387587,78,51.268
97600,351.1476792251776,129.880680369534,114.36861343165971,138.60428296963505,72,56.69
97700,415.13380835292907,146.16588340456724,140.5357693477978,149.85856001394646,78,54.87
97800,201.4267709798937,89.34253594728237,82.73751233987083,110.86912453511279,61,60.082
97900,322.3723173457255,121.23891513903081,118.04182765659057,130.49271271509454,70,57.545
98000,411.9820773965232,144.5013192403029,152.77261629311323,159.28361240352152,81,55.658
98100,442.9943372795353,151.2039311954766,158.2933224599905,162.35892197478452,82,54.22
98200,391.1958289922058,135.38746785781868,131.87192387530968,144.4513933780034,75,58.405
98300,451.95339771897454,153.46608176777008,154.84981200457534,157.75133273728122,82,55.573
98400,349.2333788350125,119.53484754700426,123.30604280135283,139.87769632212323,72,55.764
98500,323.8900468347508,119.42808885308087,122.98091516920638,136.1847467018567,73,56.023
98600,378.1192880601421,136.37200236300006,136.0988273437568,140.2132815169419,74,53.269
98700,399.51934886626566,142.1572054785608,140.49454594508458,150.92353917358452,77,55.162
98800,443.6711957429492,149.1908898074466,158.91456094631553,160.0740599498035,82,50.769
98900,362.91007870717846,130.98517033981508,135.11862613154955,142.43264147452592,75,52.862
99000,348.1141874561724,133.9618798919049,124.07249216907275,138.3337818098499,72,51.059
99100,321.484184877688,114.32236852609098,114.8124956948406,123.63109670827069,64,52.585
99200,378.87746998612675,144.92309420245925,137.94582097835098,142.55153661556182,77,52.189
99300,378.0443619043137,140.8215326307732,146.68242029257442,149.66423568277943,76,49.54
99400,447.310360391366,156.68553773061373,159.00585869111552,160.27837298430128,83,48.569
99500,437.111789234664,153.09687411395657,145.24085060599265,155.610011835784,80,50.925
99600,428.9733421961209,145.08734815286596,152.74349054016238,155.6610508733271,80,49.078
99700,392.2264939068175,148.472682957258,147.56258734390843,158.42892977865054,81,51.038
99800,367.30109588950273,141.93977741696838,132.6502869854686,147.0650887550045,78,50.888
99900,470.46949770457496,155.21255192792333,166.58668565228973,167.45179425632202,84,50.242
100000,403.2688784267043,142.4006834491653,140.41310822055138,147.77588865975414,79,49.276
100100,396.73574177261673,139.54833788362157,143.8306083350833,148.35490862478676,78,50.695
100200,494.9177682273033,167.3136600876411,170.77127884526547,175.95852598523118,87,48.567
100300,389.2067720571623,133.70055480586373,143.59877045247023,145.28752060119345,78,49.004
100400,430.3158190726092,149.08990809248814,147.84875941827337,147.03575054629445,79,48.431
100500,383.18158430149447,140.532584458631,130.10671396632097,140.9327321392259,74,49.459
100600,376.26250015748127,134.96309033960978,129.9956537619184,139.9952443469007,74,51.449
100700,477.57396608271995,164.22260006359127,164.3487673422007,165.46297123517218,85,47.697
100800,421.4417840699101,142.29174356713332,143.83733907145196,154.09662134466004,80,50.587
100900,386.6578601644598,139.59098410178302,144.8119515167519,150.08882921574522,75,51.536
101000,400.5376178695978,135.807314308894,140.7758712196828,148.76909244342787,77,49.892
101100,400.37933884305164,145.49875770954543,141.73831594347573,145.08572733006775,75,49.783
101200,382.4663371386772,131.02664460556133,131.970031424765,141.07107348356246,74,50.405
101300,428.39791232239827,149.65806950735075,144.41657480931525,156.48173868932057,81,50.508
101400,299.722302085178,101.21493918969166,110.56653315653644,110.13365656556446,64,54.306
101500,411.14280076531674,149.1636951119182,134.32107275866267,148.53588325507994,76,48.813
101600,450.71825773834,154.55297352234288,148.38904349376014,160.59306746166047,82,49.863
101700,342.0816508820764,118.97742398881063,120.59056543810948,134.5225969182276,70,48.578
101800,374.1482310180685,133.98309036222997,130.67112976121874,135.1983883757541,73,48.656
101900,448.6235808460756,153.60614893324546,150.00784704817343,162.43798845537214,82,50.038
102000,429.5102694836926,154.59002268046876,150.57780574927855,158.02461811631554,82,48.605
102100,340.68396354952273,108.53142532777606,124.08696258687425,132.4664209483252,73,53.19
102200,358.4113761637178,122.43126196804184,129.26240260205063,133.76109957271038,73,55.438
102300,331.01969170251346,118.02641020942463,124.44550555153421,120.85835306300052,68,51.387
102400,358.4551138288174,126.9295828624926,138.32843607227838,134.43630776746235,72,49.899
102500,313.4003203797489,122.89992251823605,113.717934723336,126.83523761750888,71,50.799
102600,344.0785187972994,125.53186164896893,126.16794059967759,132.83346952991133,73,51.22
102700,378.05066885961946,131.89023886805276,132.17423525625915,138.8117588129338,75,51.138
102800,441.65487549294994,160.21952214884772,160.58135067244592,159.54400654253166,84,49.496
102900,453.8210687001382,155.62006431992276,158.90147508843006,157.47193037302043,82,49.091
