100,35.29611747517042,47.284169556786054,58.25835209557297,46.02437563599291,41,41.802
200,29.850202667468825,42.25668479285057,55.038458323265175,46.928818907104116,42,41.355
300,19.583710609985292,39.844409326796416,51.200616737096354,49.78163783041677,39,41.285
400,-50.813401066822735,28.147246618219388,37.46582856273958,14.452524005719452,32,41.728
500,-22.535934557409963,22.047606047636318,45.97048064482099,36.56929981530715,36,42.162
600,-62.62547534484368,15.856041188512636,31.383378159034415,13.636671735776495,32,43.689
700,-31.54505826730946,38.78709186873388,38.78004425058372,26.165706115931975,39,41.7
800,-1.909421042963902,46.80465917446113,53.490670529245335,34.529428637770486,42,41.48
900,37.762739797369775,48.87930137972898,66.24006910509475,53.94095776745397,44,41.633
1000,-186.5310642465954,0.9584613156774799,31.9383643727817,1.9518821571010583,30,43.265
1100,-0.01749563411912618,38.248061052401106,53.452647329954246,34.96315443044401,40,42.787
1200,-83.54954710622502,5.839209926783967,20.875606581404945,9.80705968968213,30,43.416
1300,-111.35879630564918,12.87602312388035,29.450059740827008,24.06262893946367,35,55.683
1400,-56.40205738888046,10.860062513034777,29.111868528598,14.331807366366979,30,77.133
1500,-230.4984754005304,-57.18164155895007,-25.565409631004577,-37.26491575521525,13,83.817
1600,-204.28077410335672,-30.201816658339418,-19.827071389995133,-44.02998231289708,14,82.728
1700,-241.83479820897085,-49.41988756737371,-7.861992276855542,-42.524021624809485,14,82.049
1800,-268.61065501805865,-40.26997487112658,-11.477909805930171,-66.11907341214837,14,83.872
1900,-200.12110991161512,-56.23897965845844,-19.169091696286237,-35.6692865389391,13,82.7
2000,-213.37062813469126,-54.54151549997384,-7.991372591220122,-34.13719209205662,16,81.231
2100,-128.9083706881461,-38.37209051766179,-18.785611007611852,-32.044930679671,15,82.237
2200,-121.75406434536986,-22.015658356374605,-5.085509021398503,-36.00439385028072,18,80.673
2300,-171.39709988111133,-29.271726589587196,-23.842052613238497,-27.81087869416844,17,81.177
2400,-78.34283105288368,-1.618418820852423,4.561408928222849,-21.90437422515361,22,82.949
2500,-90.29211004984113,10.706700745884355,6.291573624810162,11.673342376612597,25,77.704
2600,-214.62621017386428,-26.236756696670206,-16.516996210631422,-29.9707172500443,15,80.775
2700,-45.23181372209963,6.7135674537386585,16.601478184333843,11.331168771790407,28,81.328
2800,-122.44739491036307,-16.263961564084525,-27.847855562437694,-18.440584677210172,20,81.731
2900,-66.77903448214956,0.9301112266352899,-15.456600196133124,-4.862809782203274,23,83.681
3000,-109.36490588853349,-4.798579668005626,-25.33541409055948,-18.372908405116615,21,82.041
3100,-116.51542501125597,-6.79588613663161,-45.86841907179066,-6.720345337169575,21,79.02
3200,-89.05916966589263,8.282279938183704,-30.013995493767556,-12.37223013364677,25,83.429
3300,-124.78973095528241,-23.56720443310857,-45.4539879148238,-22.115464924317973,20,83.887
3400,-166.3775207188892,-31.329944726237628,-76.16218903047319,-22.828527595172346,15,87.78
3500,-103.87503102323514,-5.412762340917777,-63.292063007800415,-12.044938507623813,20,83.431
3600,-146.56010356187642,-33.883292278299805,-68.90276102971242,-30.34153413715699,14,87.521
3700,-163.82338575293616,-26.74414878254839,-86.72007739061202,-20.940992988065247,14,86.883
3800,-140.34355153166516,-28.51245016604488,-63.30389652921692,-17.050534748829907,15,86.948
3900,-216.21222087415862,-36.24184472566655,-74.88571822725956,-32.69845849795176,11,85.831
4000,-220.6909443616296,-35.736535555031224,-61.477486205010685,-39.69452053711803,7,87.209
4100,-153.145625382557,-36.21459628133725,-50.178330476390414,-27.49056276855825,12,87.019
4200,-196.86508323437855,-29.998467344197493,-73.07458625468718,-30.893649335793793,11,87.623
4300,-149.92279084277695,-20.67473534242437,-39.81337184341908,-27.52310166289841,14,87.308
4400,-202.45109961774472,-42.7073842733323,-72.24047616099385,-40.00106457976758,11,87.887
4500,-80.16110613159788,-14.873075527498015,-27.50361417249765,-27.40676892437773,16,84.203
4600,-200.48571495553693,-37.63000028266146,-57.15507253293416,-44.412590162279685,11,91.083
4700,-123.86139686252842,-32.68081646121176,-43.34993635927306,-15.737422473617526,16,85.933
4800,-191.09109240871894,-38.43949162398837,-59.03966770204169,-43.30688679066464,7,89.003
4900,-131.4126658956802,-27.110629251017848,-29.34633407490483,-25.103456769511162,14,87.414
5000,-163.0946086743917,-13.935700820186495,-41.14947807568151,-32.70776887228181,15,87.14
5100,-163.06913943021277,-25.101779398617268,-39.597007353940974,-32.78291769847263,16,86.404
5200,-67.65687623200508,-2.3276522156809913,-14.642416244816529,-12.799406496434008,20,84.379
5300,-116.62959964270212,-19.000507873337884,-33.967510010470825,-41.025129161186726,15,87.76
5400,-116.90752433600566,-24.033191059620577,-16.013104255189216,-37.178169896572115,16,84.884
5500,-104.18212212896292,-21.23959738467693,-20.756557748467227,-11.797355002134685,18,87.673
5600,-60.8199957225426,-12.726299499300735,-18.178009924986355,-4.676366254120254,22,82.477
5700,-62.93656774205084,-5.17657973982333,-8.817205086454857,-9.52478659431481,21,85.24
5800,-139.6431475682496,-27.55722480579278,-34.718104098026785,-25.058311123472627,15,87.774
5900,-224.5643526286214,-44.71344998156733,-68.72685021921023,-63.61545617095633,5,91.416
6000,-168.0600457649768,-28.636993652078424,-32.97829240978269,-53.48372133476407,13,90.138
6100,-108.10877825351139,-22.076693890855495,-26.76897878189751,-27.370439791813546,16,87.626
6200,-90.78066055778908,-7.037441948701388,-32.42636569312749,0.4711341349743371,21,86.082
6300,-121.18093301894478,-12.924113040078314,-33.70781966841151,-22.848995715592036,20,84.319
6400,-138.073116375562,-42.23690572160765,-44.26124857747659,-21.606053743120636,12,88.626
6500,-91.86635174988058,-15.568550670732083,-26.81517575817146,-6.632154338342329,19,85.022
6600,-88.8178002378807,-26.642354022313953,-22.879912750625127,-16.462134740072877,18,87.777
6700,-32.36826618380338,-0.9583819213016863,-22.05886335701192,5.899404540224234,27,83.94
6800,-22.223014367920815,5.17356008385676,5.1393292959638845,-0.7117590631186212,24,81.135
6900,-141.76407600988426,-29.631889264784462,-33.70150781431916,-34.62225421261221,13,88.406
7000,-60.76374151655578,-3.4417762154289715,-1.4497723797162587,-20.02264039424467,21,84.051
7100,-168.22676242656414,-42.83561226809199,-37.55380643706656,-25.161081798739723,12,87.12
7200,-119.82398116809576,-27.217764442116653,-23.736451883254773,-11.806236070325165,16,88.84
7300,-60.74460477184657,-8.82463042298092,0.6695587429183846,9.079590660735438,24,82.801
7400,-87.71815992258375,-17.22509174122997,-21.875138411659982,-2.2465640859330374,21,84.473
7500,-119.62235518244326,-40.200359012204274,-37.67648414938191,-13.365626949143063,16,88.771
7600,-131.61945537433724,-25.837936831900105,-17.207975909700245,-18.53146016971677,18,85.861
7700,-138.41231084556827,-35.18094546813859,-47.020969621720454,-26.22233339850551,12,89.926
7800,-83.64308380305106,-23.961345580797488,-5.908229719180504,-0.7958887545135775,20,87.082
7900,-53.63280748295249,-1.6998247954371704,-0.22731788206341094,5.455486027637153,25,84.551
8000,-121.83996079329731,-31.943592950448966,-40.89706655327561,-18.21570679072204,15,90.47
8100,-120.5402197312325,-36.18565120206725,-36.15160544100408,-15.546950898660294,12,88.221
8200,-110.4344994719662,-22.809014660816647,-22.78601378696966,-16.454065605593772,14,87.245
8300,-151.96583104453705,-24.613237611889627,-26.14642841687479,-27.869353265579548,16,89.677
8400,-24.631869814107922,10.943778000438467,-1.5898517003933177,6.415270382915955,26,84.024
8500,-133.88587328750262,-36.73273538063916,-28.023285362913466,-33.249368753625326,13,88.983
8600,-99.37952430217575,-14.939155003588471,-20.70966624047446,-12.069545252686362,18,87.866
8700,-49.63190220223608,-6.494632274632454,-2.397362092701528,0.43539913061974644,22,87.416
8800,-116.25270835572887,-23.716385512768824,-27.213777166498677,-18.77213431663337,16,88.005
8900,-59.75768140745861,-8.936136254729849,-21.381089150839188,-8.336996850533152,19,86.828
9000,-92.09255823664027,-10.41602755593187,-22.00249146705544,-14.560927330944942,18,86.239
9100,-120.76198666853088,-23.877534803335006,-22.61649265590833,-12.884205500490982,17,89.013
9200,-163.81549134253385,-33.762493711741556,-48.53754279764844,-33.24681320835776,13,90.623
9300,-55.148498749819765,-2.1901076200708087,-12.351993848367753,-5.082190521737689,23,86.205
9400,-63.77967175658513,-8.332864462551981,-10.35272886105295,-6.718749492515293,20,88.754
9500,-69.11184029190198,-8.679021724616755,-17.76215575226495,-3.4772146683077265,22,86.997
9600,-96.76440644236538,-18.472045501410665,-29.163116703487358,-4.130274249669994,19,89.194
9700,-104.99622752661861,-7.500732678022431,-1.4984721371982008,8.10796413392188,22,85.277
9800,-83.32282635174325,-14.89981952647706,-21.31100732480042,-6.167161531370941,17,87.231
9900,-91.35909055810454,-9.203436471009347,-29.723778982678606,-8.902258191292116,21,91.709
10000,-110.57099650963602,-21.29650677429013,-35.76259128246525,-32.62579760929337,14,91.172
10100,-115.89308182333596,-9.908624881196522,-41.51370043900787,-16.856568355678093,17,89.328
10200,-25.78239266657792,7.454409693223919,-1.025011686135055,2.534056745579075,26,86.018
10300,-51.364220079562074,6.871399829844369,0.2091865340934021,9.567860234575923,26,86.998
10400,10.89714084193867,23.210716069537874,-3.108192194525433,17.654266761827177,31,86.507
10500,12.641374244067565,21.6434530245621,9.639967876681107,8.253254462906547,29,86.426
10600,31.15301065755463,23.169766781249386,19.38413061095004,25.85439752099251,31,83.743
10700,-18.325313719855817,14.220014640440949,8.145453339715672,3.395076366482164,29,85.61
10800,18.682504583573774,11.899700820359087,16.108641265778306,16.775910346667736,28,85.483
10900,60.97240674467486,31.72614857836102,28.954954077731912,30.26149106086391,34,84.278
11000,37.51321959001337,25.53823781382896,24.45616395531563,24.3180817502665,32,80.605
11100,-3.737602657200256,13.65498815654008,7.309645478930947,21.834085074454492,30,84.488
11200,-27.06870132859936,8.604456229024471,4.054666965403644,5.901467864624724,28,87.384
11300,40.45483849074694,19.300483959184653,27.495915410088017,24.97734969298556,34,85.988
11400,29.43863781904973,18.535279850476094,23.6660387296593,13.679038407590998,30,86.917
11500,-30.465058464427393,1.9304701013180199,1.1737124408850723,-0.3217950034303532,25,89.801
11600,-16.149242323108197,1.7286550383331067,7.961689190836621,0.6033057412212374,26,86.994
11700,-60.12370956919322,6.562979853116117,-4.637938570534568,-9.761043542987862,23,87.96
11800,-11.29854368762829,5.8409064138475015,16.175807355730857,10.37833607822148,28,83.173
11900,59.85202173349935,31.340273372579773,31.063105043555783,28.472042363597776,35,82.112
12000,-3.9044656528818167,17.173721397377285,18.352663483536393,11.845193076395569,30,86.452
12100,15.742872701855692,18.299724329870937,24.482647705028295,9.174376173234155,33,86.501
12200,-0.2982141091075459,12.093536320742219,7.7273378236234995,1.2118611972532451,25,83.52
12300,-42.236981184136724,3.9358261636997596,5.245415028185984,-2.8117089464332774,24,85.666
12400,-78.20753422958212,-7.4059664279571935,-19.378408805014995,-15.045803767317572,18,86.972
12500,91.48635047156415,53.060879302913655,45.19284313517706,43.03234348905402,41,84.422
12600,44.96940033444649,34.062356657938444,24.45068992168077,22.914425061766305,34,85.271
12700,-3.0784299622612696,16.255659242409426,17.347283190442223,10.316228437265119,27,84.881
12800,44.812264539395535,27.15494933406495,21.106346435604074,30.173234423398426,33,84.498
12900,77.84517752182438,38.10815626756335,36.413918652601524,30.76388369703101,35,84.748
13000,-20.77910456239226,21.433804750661675,7.257271642171477,12.900036537848225,29,88.65
13100,60.60595450087153,45.342641027292736,38.783289731548685,36.05871395178108,38,84.256
13200,66.04308886528437,47.385920212224285,31.30188076937847,30.53869750823648,38,81.88
13300,47.41245088527265,42.78660363355175,33.29952817246163,26.529047936922066,37,84.277
13400,35.3993023201573,32.529047032278065,33.936727599230586,24.554606724244422,32,84.009
13500,0.8948891909331576,22.837185208184092,19.514122416409737,19.39446002236295,29,83.841
13600,13.867511359296634,16.104391960137658,18.002170319628913,15.42410238751711,29,86.163
13700,-49.66703056859414,1.4356484699503316,0.8886894343131633,-2.5209229108269486,25,87.715
13800,55.94719663696309,35.89530225867766,28.072962140129874,24.419641318668088,35,84.843
13900,27.88045691845468,41.90333276611214,33.77767332260782,35.46213208700397,38,86.45
14000,55.15990842601141,41.72941992773054,24.150644435258332,34.23218519939158,37,85.183
14100,91.87532207957118,49.44030842717342,43.09682687894568,37.0443923560038,40,86.763
14200,96.86810547903228,50.01322261296458,47.5685754877212,48.381686604007925,41,83.994
14300,76.58158112449044,37.55691754366075,33.91717951460609,35.97230687010874,37,86.118
14400,77.75121826236648,41.49027068122886,42.88471405880821,46.61493264681078,41,86.113
14500,125.81949635823696,50.793235067078065,50.2595991309407,59.24292221820815,44,83.699
14600,27.17085975902918,27.328724270909415,17.614817969632167,25.52996846010298,33,86.368
14700,92.23797721584248,48.76751145858832,42.88158204643448,37.79718155731156,39,82.641
14800,211.80400132675157,78.2804662389115,80.94965931399152,78.51072866226232,53,79.251
14900,202.78034172101513,75.0590610315623,73.6545738395316,78.07072944827688,50,82.067
15000,161.15269333517165,75.40391364348406,61.24314876427321,72.59760566923639,49,87.349
15100,80.44150733584151,45.147535036034405,41.55525372171665,45.21945695950486,38,83.477
15200,165.33556509920595,70.25014740800731,72.59635594802175,67.71209464597314,49,85.531
15300,152.69508540425232,63.9268381283215,71.4369946483766,66.6622606064041,49,84.016
15400,109.9507183735036,58.70809894470062,48.5003234260236,54.42584546498853,43,87.678
15500,97.11601032381115,51.50609278484259,51.803585595049135,49.58697214448046,41,87.752
15600,151.49450234810217,68.4541973694932,71.98283169965906,72.35809459040897,48,84.414
15700,162.2626446792568,61.83428361271497,62.655389325758186,58.4342849618947,44,83.872
15800,122.55568774683263,55.98938336807754,63.99383768146296,63.23764004692212,44,83.311
15900,207.40282785002182,75.55268942383917,79.97824108745998,76.91735463023241,53,79.837
16000,94.03591556374387,45.41788793912549,40.736539642843326,48.62354151261734,38,86.113
16100,-13.634668384571093,19.00596156722532,5.223041427090086,30.86525631425482,31,87.914
16200,136.00939633438512,56.745075498841004,52.301930927177274,55.95397093865972,44,86.419
16300,145.57905211071972,67.85165212200381,64.53049663147131,67.26264114982973,47,85.938
16400,81.6494300210607,41.77408991301404,37.39714828189617,46.996673623864766,36,83.299
16500,95.23563425106528,42.627307103906624,43.66894213210153,52.04320308759724,39,84.034
16600,125.54189121838863,59.21183386172645,55.37098469046573,55.877464749797774,44,83.514
16700,115.15409990424645,47.92695654752819,46.71434928610239,51.60802981959429,39,84.825
16800,140.77780431895945,57.11021713109066,58.17404829216682,65.06247851060617,45,85.058
16900,111.5071915101824,50.57107970453879,49.120157238548245,55.683082556155306,41,81.882
17000,102.46634498267336,44.596603897766656,39.658852959079674,46.056954982145825,38,85.996
17100,63.29799276279585,34.54694390141574,43.18348698942308,49.19130365416963,38,83.222
17200,130.29793144144412,50.267512270525096,52.152315040764705,60.176926884781516,43,81.679
17300,109.91172025761982,51.031025354031115,53.09069395677403,56.16767129472744,43,86.33
17400,122.98087172968117,58.50042980465044,61.18816692148134,62.20912356569027,44,82.314
17500,119.20367591060767,51.34974470280271,51.08557034810288,52.88104283745067,40,84.173
17600,155.98262500487698,66.351927119905,63.76538302007099,68.32564525796485,46,81.364
17700,90.23487863818136,43.63299152837321,46.73887865880799,46.873919564276164,39,86.606
17800,129.08032600977683,50.60445646114132,56.94998541012197,56.833712232336126,44,82.262
17900,70.93564687430624,40.88561950828516,45.143074444889756,38.24765438296656,38,81.908
18000,97.96707891806771,48.73499290547686,43.31199965426553,55.13815594178036,41,83.649
18100,92.82949008214459,48.37289423557793,49.05799343070891,51.270899083845755,41,82.496
18200,210.9415649751837,82.79612732357381,76.88529344780457,90.3658489269209,55,78.453
18300,158.15485530460236,70.55310219365317,67.61852533872734,76.09590480761558,50,77.527
18400,154.38578739443537,60.69099427369692,57.237335353827824,61.50297268757998,45,82.942
18500,160.94795396298673,65.36462827772083,71.42462623159088,77.1828787466982,48,82.378
18600,157.64300556113773,63.954688121875726,66.13604299316609,66.3466083289193,49,82.183
18700,209.17741715715817,74.76013122953657,77.13683091798956,81.56412038643792,52,80.778
18800,130.378682550748,49.41142437520421,56.74172313536437,58.06354329812112,43,84.347
18900,118.72396182078778,39.368567270637726,52.276780372417896,52.42038546332398,42,84.344
19000,132.6262972688165,55.50072596244213,47.220393543892406,57.71334161701257,43,81.006
19100,83.02476560134552,45.239682828228524,35.72884531748369,42.91661840535487,41,82.346
19200,101.30341926515258,40.46720144026396,50.55542451516879,54.20203971478327,44,84.165
19300,90.53697052900117,37.07031269772563,50.41243255998351,51.147874531488206,40,81.661
19400,104.66155345037181,33.09046397951505,46.8791740260087,45.96127272098543,39,83.689
19500,132.32603934566066,60.45312412253095,56.339205779652815,61.649610330944455,44,80.283
19600,116.95574569694885,52.02048403997559,54.90319482830903,60.08339355271416,45,88.214
19700,94.9928555070969,39.544821177609926,25.64302650203331,56.190002222611184,41,83.278
19800,33.546042230456024,31.84024111927562,23.315940223149138,21.93160547311386,34,88.377
19900,96.00347667135298,32.53329577380075,41.87245917506142,45.90197352530081,38,83.276
20000,126.16888735171163,57.49820584324393,54.01121956991976,69.6384435127165,47,82.545
20100,129.16058588353727,56.866654408756546,44.20113209234477,61.15058342698932,45,82.237
20200,199.623969856892,74.7145690597362,77.9467391089025,77.27875600324171,51,82.035
20300,120.86330037832253,49.506914032701744,56.54129025413275,54.170555632023124,45,83.037
20400,183.87205718123715,60.67653059781787,78.62935480222782,73.32302767708009,50,81.209
20500,166.6545252785059,64.27317620309815,66.56662645805588,68.99424621279555,49,83.52
20600,164.48581046529134,61.71583564807524,65.24917294449804,61.84335130466356,47,82.103
20700,218.3552195186503,83.90024911060532,82.668440288617,88.03668963847791,56,80.143
20800,174.99067693205473,69.68546501214202,78.60332404332962,74.15752277610147,53,80.916
20900,139.98144507015405,59.802623029871775,66.69081486482344,67.86981763965606,47,82.978
21000,137.67683273363815,69.92697317202541,80.34384324557982,76.43221899226128,53,82.774
21100,161.42049001213584,76.33655268788607,72.95835214892782,78.62585253817912,52,82.529
21200,132.35592158729048,57.95806820776502,57.666926971265156,62.995405191288974,43,84.449
21300,250.41413810887835,96.16386065227118,88.71621349785592,96.20425245302579,58,80.594
21400,162.90651430574232,73.35708629451055,54.69792466169377,78.1528562573351,52,80.68
21500,162.85332871359623,76.37110680797318,64.37414956628481,81.06009595839203,50,81.413
21600,242.0216602721909,99.57077793052802,88.98240326880543,100.99546286091812,58,78.204
21700,264.4884305519538,109.55150473094648,109.52637597983995,111.93185671056445,64,78.325
21800,282.24203691803444,98.93198495341028,98.65159561705161,104.21101794990454,61,78.874
21900,194.1376205500618,70.70247723537298,75.52236066503308,76.50772904671366,52,79.01
22000,256.467169414227,94.79198925665224,98.18475318300898,103.56838533184303,60,77.58
22100,236.58373389263,92.09493655961492,92.72149939688028,88.31822510195461,56,77.285
22200,217.0359167619505,92.31696888864371,94.24432116328114,91.12051345616254,59,74.728
22300,203.06344146636604,74.28807711038185,84.12589833247439,66.52979209006567,55,77.699
22400,193.99545206927053,84.21381885355531,86.77403139042822,74.70525696424914,55,76.57
22500,210.64209186988973,90.2960355945653,81.61838553488128,76.91094101165146,56,77.494
22600,227.5340812797502,87.14066993828969,90.15277532238574,82.48732812083513,56,78.987
22700,84.68980140020099,46.064135575850216,56.71841592297467,40.16333085612242,42,82.508
22800,220.7683313909565,89.37568569852763,99.2539258372553,96.3335437561445,59,78.586
22900,295.0811169816345,111.3313395146059,116.38127925992785,116.53538341658182,66,74.302
23000,200.1599391861428,87.00163768233116,82.2526207638311,78.36022435928298,55,77.061
23100,245.72212502777157,91.17318301550834,96.77085984430704,93.61017990397178,57,76.498
23200,244.3154019138148,94.06577800510051,94.48495674923034,91.89001875511303,59,76.057
23300,231.58997740708367,98.71975165576481,100.63861121892626,103.91157953671691,60,73.82
23400,219.49845667827793,98.98267417635547,109.62168330390146,97.120961316658,62,92.682
23500,187.6377906889171,86.72149933474789,95.30502265577269,92.76757186223884,56,133.19
23600,204.12536598560422,75.72902659902206,87.6253182307043,95.05407188040631,57,137.592
23700,233.1256193485208,82.96486237472713,88.90627730735815,96.77362378549728,58,133.119
23800,262.6926161690415,100.55221703050927,98.04771982043245,100.10801273223251,60,136.259
23900,281.3101341862645,103.83116432696886,104.12312182029815,108.05144005592943,63,135.221
24000,260.5219148236199,103.10381525138975,106.97410642064713,104.03504145818368,63,130.864
24100,299.1022545363319,104.16128240874333,114.19088838026978,122.47891368602768,67,120.872
24200,400.45179435634054,143.51450876384737,144.83828274249265,146.32694130127612,77,111.851
24300,268.74562951690694,97.10651230380493,104.34259813890532,111.0049911769926,63,127.407
24400,265.6330200741951,100.28476692621877,107.73091241118007,106.39537945248145,64,128.178
24500,261.78395256272574,97.18444874249197,103.80268471810001,102.55008194867324,61,113.387
24600,182.17430936050172,59.228002158796926,77.00627408078257,70.01697777489596,50,113.605
24700,226.8789221995737,87.08799615565327,86.78084773597413,88.86800674596441,56,113.741
24800,273.62788099611805,102.47576847331793,111.74142518461444,109.23687337542935,64,103.124
24900,217.33884047965958,88.5954651033767,97.64136648657892,93.17695577762035,59,106.07
25000,219.72398065543356,78.6198946916552,85.85256033391039,88.40500789541733,57,108.386
25100,247.9923655176317,84.00092472342865,102.2316738419583,101.89640315641223,60,109.52
25200,266.80632874764046,98.36752956334307,104.26963556933816,106.5133897900998,61,113.571
25300,261.6481437713806,100.3856332273751,108.90657403506744,105.16063045957031,62,108.572
25400,273.08522672492,97.06990617572166,107.76687224450596,98.34423262909606,62,112.998
25500,272.4250959213353,106.26292079241665,100.83401334688986,102.11159880955353,61,108.608
25600,245.1272153369451,86.2691744122869,90.27587934135595,97.831609589736,60,114.778
25700,324.00927476717237,117.14872951301224,122.64854915591293,125.7489055170838,70,106.487
25800,260.27417609123864,96.19214427569588,103.17607848778239,103.09007631041779,62,111.503
25900,310.8644107043455,118.78044371119243,114.66786562337853,123.90943200699519,69,102.451
26000,301.7184826807881,94.11615128088924,111.82581871072425,110.05645681568703,65,102.235
26100,306.3747220962084,116.48395663949549,114.79204117569614,112.76846330857408,67,108.287
26200,267.8162378827399,88.72116724573361,104.42667824990363,93.23499953698754,60,110.653
26300,251.80162751350773,97.03261497478147,94.65905222549831,100.96627579348232,59,112.952
26400,418.2304968862772,139.52101843758854,145.15832274326402,145.9455459700223,77,97.959
26500,316.2643282968609,112.00412284474545,114.25921501108265,119.54607132089536,66,106.448
26600,340.57917178223477,117.65873485585693,126.66506404358084,131.68886640690943,73,103.106
26700,306.9406976596602,103.77369100483106,107.87289924380579,111.84856326766717,66,103.946
26800,175.71315117024668,62.99133672157495,73.96480466393517,76.70657538079293,52,113.734
26900,319.3787356792014,113.44609809680074,115.42540508038614,109.20242619845783,67,108.001
27000,244.44523957404425,94.1781206678935,98.32198736770934,95.91821975744777,58,108.289
27100,351.4268800787574,127.51188838203402,122.63863930106795,129.3259206226293,69,102.91
27200,306.66253413568575,114.08113341224922,118.86708123863167,125.19595881484422,68,102.45
27300,300.9948968552273,110.23438441068974,111.15609568217624,121.24366525767317,67,108.96
27400,360.0757138590363,126.14244735720344,126.1786139869519,129.15309836714593,72,102.895
27500,322.1826108796982,114.74320063571312,120.4734713075358,121.19609765093844,68,101.987
27600,300.7040656214529,108.3649484033284,111.2556754925813,108.25943089800992,65,108.438
27700,263.81446195992044,97.0775423000757,86.7081648990444,99.89763140198416,58,109.754
27800,308.85776785937406,115.67356071315442,124.01909050422827,116.87681314745144,69,102.004
27900,295.57400106414013,109.4836467731258,118.50438676983244,118.65188983320418,66,102.288
28000,398.7338072947143,137.3914208106501,142.70771676641098,134.19381179247378,77,96.903
28100,325.1287792954626,119.03620678461215,126.86960194268119,127.47995753536725,70,103.35
28200,313.2338147492155,112.3682664094125,111.30336052760138,111.37026193761143,65,103.963
28300,408.72829389629214,144.40134886184072,145.11723826498238,147.68987232271718,77,102.301
28400,298.2097976187569,105.54700870767681,104.76264370158177,109.60208655004752,62,103.434
28500,288.13325085319633,109.04189607325878,105.61295114387096,120.03353287757476,65,101.782
28600,381.4375607179481,129.37168091211527,135.66240080794242,133.71261735664166,74,96.869
28700,355.62937236359124,127.43229667176126,129.34140013156193,135.70371651628898,71,98.708
28800,273.7030507596093,103.41156187409639,103.9687297552477,106.08845590578495,63,105.042
28900,323.80765797448925,111.5059294315647,117.30112143010773,120.5279824922384,69,99.015
29000,369.2821198073674,127.67277293952547,135.06625161030632,138.90579720456307,75,95.781
29100,335.61979860661995,117.61905995299159,122.4089610328395,124.62910449727912,70,101.099
29200,183.8806925887842,95.80915551991887,84.4689907894919,99.97055367965919,60,105.795
29300,216.37272297516247,99.06373625144057,99.95275876438849,106.8721277039009,61,98.965
29400,258.97880395804225,101.39557714017066,100.39019150366182,103.47316717436516,60,105.92
29500,361.4268481341801,129.36583863655005,137.16992001086763,137.77207263798408,74,94.205
29600,321.51137763328217,116.424510171149,114.25176235371671,119.79864235179728,67,101.24
29700,268.5985417484328,111.49461510033953,105.39047372427447,115.66629640441921,63,100.38
29800,348.68411792955527,126.55599505898948,124.61789768888754,133.15323236794956,71,98.305
29900,408.1096802725873,140.2283952259229,138.98997855172945,145.12717433684074,75,90.132
30000,329.44099337437837,117.5017932231976,116.7274991802361,118.88895744370161,68,100.179
30100,249.27764548172553,101.03228463824678,106.59512750217215,113.85560037775717,62,99.275
30200,280.8599844164002,106.27771047926745,113.41320575237842,117.10641644142618,65,98.583
30300,311.8128800330361,106.96790916178699,119.03336474833543,124.3799724188466,66,100.114
30400,411.78652393867657,139.8952074247784,145.55307399459235,145.88778950873836,77,94.176
30500,329.36302730498494,112.73199794963473,116.91180303437817,125.39471780861942,68,99.867
30600,342.35908479812184,122.96887145302219,128.29304100619092,134.14118499003075,73,95.5
30700,296.8865050090844,112.75157586848192,118.1062099090798,122.51424841254435,68,99.248
30800,412.5752593612265,147.04404402915318,142.63553610297296,150.7328723730341,79,92.95
30900,460.3348981249685,160.15792300976355,160.7468411912654,161.08270581303452,84,91.498
31000,386.4535166524405,140.58429239731183,145.10487197555,150.79046854252164,79,92.793
31100,381.3351971671675,134.1225416420572,141.60710326553158,141.54439469825942,76,95.576
31200,339.1674667789291,120.8336086181649,123.92979875801232,130.90679710124533,71,98.773
31300,384.0169628524866,133.24572787213597,132.97802778782483,137.19357851538754,73,95.706
31400,302.8382260212364,117.46392430918782,117.75432972767354,123.80501778606222,68,99.148
31500,413.45029105471406,149.66095516748467,144.20728902886827,149.55848080082768,78,89.811
31600,272.75965105904004,105.45370484497789,110.30288115828549,113.62159755717317,63,99.881
31700,330.89035353233254,119.36375815063685,117.35389346674597,120.33118511086245,67,98.595
31800,385.2670589437883,132.29371062018916,138.577372227022,141.74450817204533,76,95.654
31900,319.77420112414535,135.6974621034864,131.4820300566223,130.68847025659935,73,101.243
32000,368.9297561110032,127.59579886987511,132.47596844230958,133.8684561113567,72,99.213
32100,378.6913537191956,135.33577982614815,138.46217742451978,137.57686928997927,74,93.97
32200,339.9318891286123,119.60189209855929,125.31737606970577,127.3218433756627,69,99.988
32300,268.13869772434026,114.45777279020668,112.09096360471213,115.55408215870017,65,100.296
32400,317.1678304156174,126.16938615953049,120.66991439969907,128.74731707757724,69,94.198
32500,450.17365243463615,154.2168893813613,157.60791155902405,160.9766857850226,81,92.485
32600,401.55985144645814,142.99057936031454,146.3363585149087,148.06744733139914,77,94.945
32700,365.02790267160634,131.21911141660897,136.66094964532766,132.20837773118797,74,94.374
32800,399.6595545795033,136.97472880362855,139.98380564250988,143.25281214929942,77,94.695
32900,365.464955486426,129.01464453904552,130.3408715476785,129.52665636749916,73,98.707
33000,305.6243561276479,112.09819478388947,118.17129007223437,121.88960529336049,67,100.308
33100,356.181084539858,120.39659484179752,133.59762532123725,132.12567439517989,71,100.01
33200,384.1747088348725,137.14684595788975,137.17082161840443,134.1430891612152,74,95.986
33300,271.93054778821727,107.45190198316628,108.99079097463198,114.97317562133782,65,104.284
33400,332.02162657134846,122.13504401083803,135.8143076025352,133.55311747000394,73,95.253
33500,339.1714864871908,125.33524614915677,130.71235606102908,125.42996320975747,70,94.692
33600,306.60076039130223,107.8078379686191,118.70245823652306,117.29599181044703,67,97.486
33700,364.266954339108,129.81226631180954,137.19041923916757,138.70269629898002,75,99.595
33800,322.3941065887593,113.99742400012309,121.32409039854448,119.07590495585535,67,95.784
33900,334.40518045527494,126.17410410386051,122.81780865454726,127.59756178876341,71,99.238
34000,448.19699868334305,159.24913280409777,158.7635871778195,157.09429528572136,81,94.378
34100,410.29566414406906,137.0149542670347,147.15212460583157,146.88052110828121,78,95.3
34200,342.6723966281052,123.60585707843252,132.36703140360277,132.8169871450308,71,96.357
34300,341.14950749433973,125.68005661259377,132.77798374192182,131.65604581618302,71,93.791
34400,341.09430938288807,122.71181420433616,126.34597431153998,128.34061369657786,70,95.058
34500,395.80054070717415,146.11256613226718,142.30435040302507,145.33245679420514,78,93.217
34600,388.2567152231995,141.1366973093554,139.09562268606095,144.8189087377484,77,90.045
34700,402.21345583283824,139.72939738080782,143.71079316614762,145.14946677199856,77,94.368
34800,427.64038859711417,142.3407902785871,151.9445542007336,149.89256422082042,79,94.876
34900,363.678350074287,134.98248605712715,129.12473444686603,134.09469356341134,73,98.611
35000,413.4018377742898,138.05734607274618,143.6516522432409,146.52029383883337,77,94.204
35100,312.22994756667094,116.38107175279147,116.99849987880258,117.28849873975321,66,98.747
35200,350.4393853289798,129.39378320413024,132.48186358162405,133.14115318096574,72,94.201
35300,270.278698071814,97.09710325242936,104.4266771787812,104.69585223126278,59,95.263
35400,348.2065418733635,131.47932518389896,136.17944119935382,139.27060062144494,73,98.474
35500,386.8189098620372,134.66764051450107,140.07661615740722,143.3087886801353,76,90.524
35600,333.51820264421127,123.70778457418807,115.24303588789375,124.1396908422958,69,99.612
35700,391.8510732887157,137.62113075014628,139.90474618759072,140.7533542380934,76,93.083
35800,349.0671810042532,128.67354344098044,119.759909800491,128.9649183449394,72,95.658
35900,371.1568204015225,136.5087747567538,139.0035577887573,141.8094433528177,75,94.14
36000,332.7305469167269,119.46779855470466,116.9511198149412,124.14990426651916,71,98.407
36100,389.29204112182674,132.7898023031946,135.11785627486293,137.9495349904996,74,94.069
36200,425.71280400080997,150.5579679734196,141.6384660232487,154.68723375917293,79,96.25
36300,335.35406384737456,118.85676027954263,125.71470905426605,131.02519503036453,70,98.406
36400,478.46359157869733,170.973268440271,167.59459594516375,171.47775999531615,87,90.118
36500,395.297557458623,137.38574118084068,138.16966025825988,137.73941697015488,75,95.626
36600,348.7019262987555,125.38711507095935,126.61090444195581,134.81393122771306,72,99.986
36700,409.08246329444825,141.25821295109768,140.96132095485922,148.47943642066622,79,93.203
36800,380.8543004946165,137.22016928909628,132.18386690908446,141.5160066002986,75,95.269
36900,410.5462038959849,144.14150062951904,144.69519177554682,145.55247038027497,77,87.895
37000,389.6713618640181,141.684298911851,135.39391145665712,143.2587947594335,75,93.876
37100,387.1178338699007,142.60432162809357,135.52458393227286,145.44098686990492,78,98.743
37200,401.31714661020305,142.90478020865365,145.04453929097713,145.99171069051917,77,89.022
37300,398.95347015787075,148.8326713108117,142.0460034620746,144.63242839103526,78,92.352
37400,393.2372178809268,136.25139433067451,139.3981771991583,142.44490935326303,76,90.314
37500,459.0925383496676,149.80773005109768,159.657463900723,160.3661658351362,83,95.007
37600,370.08314569165617,130.7935391494647,132.8310770428152,131.32155719380563,72,98.4
37700,392.62205305540795,137.17275167955665,136.5040906711055,140.35406676483572,75,100.254
37800,335.00472364534585,123.24083734605288,115.60285230623978,118.79351129201854,69,100.921
37900,349.27492555789127,126.64872865559944,124.74453223761567,130.12295835416973,71,98.575
38000,402.658868777116,136.19588892241353,139.06071533435264,144.24202694606709,76,89.945
38100,370.09023601312185,127.1243088007376,134.1033965109153,135.96091684202418,72,94.03
38200,432.2666674074989,150.33832280628684,146.81153368763614,154.38588022199886,80,89.894
38300,391.32447478540786,136.30921868375447,138.1443460631776,141.25045762162821,75,93.817
38400,392.5605994588032,137.56403557538937,131.14765065404913,142.17502927707562,75,94.876
38500,421.1799244448056,150.39783131729956,148.30838705452314,154.70654343482383,79,93.949
38600,322.31814953393774,125.21178215729441,114.77192747627996,121.62803206883181,68,94.395
38700,383.4860417162192,137.31079536670006,136.72447754617303,141.91915023703564,75,93.645
38800,398.8916476477989,145.34293200592344,145.00155315857273,141.0543027672529,76,89.774
38900,340.9085786898086,127.32603450091504,120.78607568678602,126.3957465824742,70,95.992
39000,345.55304203787864,124.3574274907313,121.39172682889283,123.77151592110138,68,91.497
39100,418.718055633232,149.60755219419653,141.51783091254447,151.30881834181957,78,88.495
39200,404.86063898522536,141.0997167879817,138.51455513195336,145.98134048782697,76,91.655
39300,405.6964970913808,140.54340788859486,149.21321877204184,151.55395563135394,78,94.137
39400,387.72334803722123,140.19534559202046,133.62061982528806,141.48840677753842,74,94.204
39500,330.86229196874535,123.20638828280651,129.10556060606092,133.55226429435675,70,92.079
39600,421.21804387875943,151.56080861916595,154.56040726517088,155.96353568758968,80,95.065
39700,428.29474266307966,152.59949225191016,153.82882666434742,159.2210245355028,81,88.711
39800,437.94579450458485,153.38145528439716,154.40500337018048,155.28621251343836,80,89.747
39900,415.90918439443516,148.1842381248319,146.50466329985073,148.41702942892107,79,91.896
40000,364.01269672335417,131.37081658815055,133.09333558565868,137.69963462937858,73,87.587
40100,346.3649463390412,123.87265885917894,121.01963828568795,126.00216274556885,68,93.419
40200,392.67950650006173,141.4260852914749,137.94791386237858,142.80220989622092,77,92.836
40300,413.2134257425081,148.73733618579763,140.21732263105045,149.24967481019428,78,88.544
40400,362.6694123548805,135.973286816026,125.70599379958541,126.34763110357952,74,102.527
40500,370.78731465358766,140.86700627485732,137.57159934968837,141.07883651529244,75,88.434
40600,400.26734430136935,142.830207037113,138.64501475759468,140.2348785857568,77,88.68
40700,350.36921697637786,121.64225987256728,128.1129896942146,132.6145350241818,70,93.789
40800,449.5973997625219,160.4399128290301,160.0695686196634,162.46002273373804,84,88.52
40900,344.37881641592185,128.5176412612883,125.0737566306406,129.54745453486177,69,93.282
41000,427.8056129041727,152.3530906937518,144.76630544490123,147.57189608872088,81,95.215
41100,293.02525995136324,121.59442245465125,102.05952003148512,117.97408147363433,65,97.052
41200,358.6969561716919,136.41026539154007,132.9126698098305,136.20342559033546,74,93.717
41300,347.4005498212522,127.81187269843535,114.78339424977547,131.16173082254338,71,94.2
41400,439.886716557519,153.32639208742694,153.58228383754638,154.55930020218452,81,88.647
41500,395.6664595205035,141.63457597455402,141.18950555566832,144.14535340145915,76,92.682
41600,380.7852723334298,139.756212908972,133.65236558596035,139.4003930849122,75,89.05
41700,417.2511086224958,147.90206198255302,149.5299052411897,150.30889041531628,80,93.064
41800,412.8050708133794,149.3812970423488,138.92896579013353,145.93414987103685,78,88.458
41900,445.2205878621376,162.0448731134085,156.3223755922651,163.89845586349387,84,90.179
42000,454.47765461806455,160.21334507372643,157.50548228841345,160.58098179446765,84,89.039
42100,392.8780456573975,152.4272438951889,137.957435242554,153.3693274817047,79,86.614
42200,367.41177626719264,137.03505780096876,137.0617588010212,138.5998264539767,75,93.792
42300,459.2832410481876,164.18234467441337,162.85682108889085,158.14657974650092,84,88.558
42400,335.75328051853677,127.13628885810158,129.84459437844595,130.6316344065333,70,92.685
42500,466.29105254538956,162.77065738570775,161.7348361967517,159.84549849972015,84,84.225
42600,427.73953035866356,144.26950166780946,154.61720666320872,150.1715824550495,80,88.835
42700,374.8644252120195,131.3462599111411,136.68488834900344,138.66090495970784,74,94.791
42800,341.9034910083117,123.34780937247854,118.46796238734673,121.30402991868662,68,93.083
42900,441.21009876593337,155.48229173647084,152.15277369134415,155.45886394864618,80,90.088
43000,400.3090027533801,141.79748433592096,141.41916405566965,143.4693132677383,75,92.899
43100,393.14225301707205,137.78756921782636,140.87809176158038,134.84856357612,75,92.738
43200,390.8664409790825,143.28472440285714,138.4737688274289,142.69257364897973,75,91.315
43300,396.3501259278964,143.58133884638832,145.26217290643058,147.99991062603075,78,93.277
43400,444.63214427755224,153.55673613565196,158.56783250270885,153.25928060653723,82,88.551
43500,397.732752548077,141.87661217946774,146.33225397759668,146.21503536180646,77,87.061
43600,396.8054838413078,140.67125249165042,141.34715553642485,150.09371494616272,78,92.894
43700,399.59901162099663,141.4071669671579,140.6541210972645,146.8936440798011,77,92.996
43800,423.33797238678505,153.42711291232163,154.4456793307843,149.37984491919002,80,90.693
43900,442.6250734625869,157.54989731986714,156.57961260808221,155.3511179525205,82,92.661
44000,341.87023244526534,126.75703714503176,113.565699358366,132.31174466889945,71,93.182
44100,365.2768149723823,137.13534837234002,134.35876338712578,137.80962835941972,75,92.999
44200,371.1035685908945,134.8054184389902,141.95242088825773,144.45990647526315,77,87.906
44300,421.3736359579509,145.72878094216424,152.5185419610984,151.21360253283794,80,97.327
44400,407.7722507744583,145.19106873891727,143.50346498258602,144.72113049489965,75,86.713
44500,350.3092231402074,131.29664991409868,132.55510177466212,140.10680654440878,72,90.269
44600,418.0094728618221,154.33493569864712,155.1602896666191,158.45939718182126,82,87.185
44700,376.32154610902757,138.83240141395328,146.2123440866988,137.20403534013803,77,86.338
44800,418.0486834140328,148.9702029620036,149.855635961301,144.57510623600282,78,91.36
44900,375.7686772697385,137.57165027251528,145.07602859025147,136.15683743315495,77,93.226
45000,403.52070366330395,145.5466309283891,142.2836871762421,145.53984579288567,78,85.952
45100,349.41521993801695,132.72130912975302,126.3467028790352,130.04776843358633,72,92.713
45200,327.2408666024534,134.71208730906417,130.98846637212347,126.9976005804885,74,92.369
45300,364.7957997762169,139.88564788313417,138.12311594083317,138.50728105509202,74,90.967
45400,406.90351227722704,149.30590484597738,149.6773060541219,151.37765805288333,79,82.008
45500,422.81358887372653,156.0011311280713,156.2153782473403,153.50606844768205,82,86.123
45600,413.67727177097527,155.23937682961358,150.8407780702599,154.9935102102407,81,86.574
45700,348.0641990409655,137.05629459923182,130.63132411255393,135.8057880077751,72,87.545
45800,354.69589305558725,147.4569840623252,137.3749888833538,146.21482558080714,76,85.78
45900,357.7745781348651,136.69361219008843,133.36914804494228,140.29709264033553,74,87.686
46000,325.65668474580673,132.92258106367012,117.43331073947718,132.29710443981332,71,86.956
46100,363.03686328773284,139.94628598761167,133.61670268468805,136.29861655531886,74,86.961
46200,408.6855542450956,151.62070985456955,147.2413604695488,150.23770713126055,79,85.386
46300,280.82350380044164,115.64333789668666,115.83811249927575,120.34172003665455,66,92.51
46400,358.05714572865077,138.8888062455691,132.7492046426341,146.42349699614883,76,88.228
46500,319.57302338552404,137.50610176468922,120.419411767903,137.166712389949,72,91.222
46600,422.50792387816347,157.74814626320364,157.2746332231841,157.50259933097988,83,82.582
46700,328.7204361487665,130.4763483858506,131.92395914841347,136.10634910886964,73,86.201
46800,356.49399570691384,135.57525844657195,136.06721753040753,139.33446656130607,72,84.841
46900,379.894374524356,147.01323455894294,145.35126141671645,145.23117033196536,77,87.456
47000,301.282266111326,123.11923488012987,116.04997587434156,125.28091288820048,67,85.187
47100,304.7760010297627,130.0379131694302,125.60865754651944,127.86558462902278,70,86.38
47200,242.4899199441361,119.5115052143952,96.77917445283464,113.93084862515614,64,91.784
47300,418.357909495669,151.15996036599404,149.72944251592406,150.51987502141674,79,81.518
47400,341.17434789595194,132.3275328432782,131.31524718847476,129.5800411072117,70,85.912
47500,323.1268268453109,123.71620413414745,118.41283288679406,120.10839476481375,67,86.207
47600,404.32178243970236,147.1596382181252,138.42080415566335,143.5968482645463,78,91.865
47700,409.459337804102,142.78025766378857,147.2843727185854,141.01300591474583,78,92.218
47800,407.38494673779905,141.28381505594953,147.87591892637568,145.2200147897319,77,90.376
47900,364.3629935794295,130.05380038993334,125.6849270198882,132.14700177528093,72,91.443
48000,456.3302168900234,155.39708972405177,156.58901591298837,160.04675684666609,82,87.295
48100,386.68063017923197,136.319526374839,134.02549941853414,131.6406260384969,75,92.753
48200,408.3298298891703,149.81969337994485,148.56272505491722,145.2905628575285,78,86.426
48300,268.65020821353966,110.6284245459464,106.0189982938209,100.52653973397766,63,92.189
48400,310.1828155932638,118.4125208357,112.87248714022294,111.50277517150691,66,96.089
48500,414.9622164245009,153.20565146062197,153.64841775515345,151.72860575254975,80,82.013
48600,359.83830781866016,129.48087280332084,136.93348759740556,132.4545661833542,71,87.779
48700,351.2345408171467,130.91235506838188,129.6682960435619,116.4336182806312,71,91.674
48800,359.07212790932937,138.21475905347054,146.07207439405678,140.06483259011725,76,90.958
48900,350.9653786573548,139.93476619997256,138.81677591787488,130.57355846048392,74,87.179
49000,401.99604692182714,143.3327382237363,144.86125508204879,144.63454317775856,78,86.92
49100,394.30972987462883,138.699965638655,138.22251545275245,139.22232049076518,76,90.383
49200,433.7759038927876,150.4644353177745,158.82314920245727,151.9125304074574,80,88.502
49300,319.44635290028486,122.85928996515095,119.55893033674795,115.32936112140051,70,92.407
49400,408.5023664712024,146.35473376869993,142.21988360971832,137.1310303184615,77,90.859
49500,201.17668016679752,84.71539724259314,87.57075407975167,78.66788707214054,58,103.443
49600,330.5746390840658,124.20163420258103,122.77680703485274,106.0957941030304,68,93.087
49700,332.21201149240704,122.11076973377502,126.13428199377664,121.10418966859942,70,96.452
49800,282.48283396900626,109.73824887173467,114.79115396823585,118.08567861645541,67,98.449
49900,343.1992397564775,126.91350318791774,134.45890347099032,124.93905932016877,73,92.369
50000,410.21324219254166,141.02503856585219,147.18020284344306,142.72878086108025,78,85.146
50100,353.80215828502617,127.50804498805472,133.55041884312595,123.99467347509166,72,91.63
50200,356.8842530490061,127.13788296059211,130.8342656380593,125.37733006434296,74,91.608
50300,411.7789359184005,143.93116842207496,143.6360745103641,140.19506003958412,76,87.025
50400,327.42539765854127,124.08560944468292,112.73843054341343,113.57587501068507,70,92.485
50500,394.68007413203554,146.14839189683278,145.56433577787277,134.7018388190056,77,90.972
50600,379.21793498227305,142.96830930822568,136.11930606780524,140.16702219515832,76,87.164
50700,362.33687186003675,135.72659165901558,135.2849153944357,130.09836005531798,74,91.56
50800,376.077681771055,137.632770368474,128.0089676255731,139.21590285983555,73,86.73
50900,370.04567498525125,138.0895187419868,141.48754708197097,133.01958916352095,75,91.258
51000,370.27201351348987,137.02607048059733,130.43629047292015,127.30332980735784,74,87.655
51100,281.75016330713487,108.02830764656628,113.67108987354901,111.72177613848253,67,96.39
51200,395.63338438980213,135.55493240446046,139.61156388288467,136.12194196624932,76,87.665
51300,399.4426878597554,144.20745676875515,143.86885884801174,143.21067901697467,77,91.656
51400,353.96353852363563,111.75044193652337,131.31722836533393,129.15073845816073,71,95.921
51500,295.8129771795525,105.59047938823433,114.24302918249354,115.71934752829371,66,93.282
51600,447.46404968957586,155.150229717817,159.87731645123446,161.17853967786513,83,91.092
51700,448.4572770912562,153.91295554040312,160.29432080857512,153.23934995138865,82,86.437
51800,347.521156851363,123.86357135503204,125.920980120815,131.76854905251287,72,87.816
51900,401.1509396208071,138.04668497577822,137.75917570399676,139.582354611449,76,91.375
52000,420.9543640484485,145.0063048606385,145.73399062727273,143.17228361351573,78,86.128
52100,436.06003274015274,156.4561600786965,152.37522242358943,149.20883062156602,80,86.297
52200,409.0861181919783,139.6138272020513,149.17457396444993,147.63159128767822,77,86.33
52300,348.234045524027,119.03489163697118,125.4102992791503,130.77225592134565,72,87.575
52400,369.9162886530155,129.07754198731595,127.57253867314893,136.17258343691242,72,92.093
52500,372.3007668589257,136.07103097159796,140.1979483759246,135.66462251608507,75,92.12
52600,440.19042899956435,154.29941419828853,149.86368312865946,154.2312679584356,80,91.366
52700,383.9966587018872,136.93743340282984,128.6223750655798,135.75368737233205,74,91.94
52800,404.4546291685245,133.9543612428357,140.05252994615503,147.92154129827497,77,86.589
52900,367.1073389370845,139.54737740083834,130.47495095234123,128.87003558789925,75,92.197
53000,308.6682409969349,111.30837685304343,114.40781353508737,115.6043134280224,67,92.491
53100,394.7016559370154,140.8102035500126,132.85850617247112,141.6712992089026,75,86.668
53200,400.35064295634083,138.6700502375519,142.88262802002532,136.36820564634897,76,90.846
53300,403.39589680394715,139.54711294050523,141.94226036977963,143.49639430981455,77,91.96
53400,434.24332164733175,154.78095898522278,151.02177195089286,157.40093453229866,81,86.405
53500,295.82785087196896,113.86009030844174,102.91648816711871,108.28684258305242,65,91.827
53600,300.4059442249332,116.75516834554772,107.86465900899495,114.9345594371858,68,93.724
53700,431.5145621079795,157.94738948604325,153.15045832570655,152.20461242992576,82,87.312
53800,404.5455099481341,141.71779902501285,134.01389517655466,140.8258008062183,76,92.032
53900,433.6275076327648,154.7416110150012,151.5330314074046,153.37886305621555,82,87.372
54000,389.63082101799523,137.15738061357516,134.0545760186819,133.96584778326277,76,91.203
54100,377.1433952225367,139.1372026027681,144.08284115767896,139.3338595785295,77,87.777
54200,396.15999979699075,138.61099071054477,137.48314984218874,140.39137393990026,74,90.2
54300,406.47059748263354,140.0851794696151,148.45593104465502,146.63786496048147,77,86.498
54400,436.3506217504514,152.31772853070726,156.0794135144535,156.52107724135857,81,87.359
54500,413.877071149272,137.27122020906054,144.7665388702518,144.20846977261283,77,92.133
54600,386.47155076151125,134.18922732458384,136.12764252696434,130.4787656971186,73,93.079
54700,412.11083667873515,147.1916716358077,141.51013305423285,143.24436047079834,76,87.673
54800,333.14691239461786,130.20445948839907,120.06750884858764,128.5008613903221,70,92.538
54900,344.86934123136217,127.85810104515895,113.87809506214568,124.856091678936,71,91.572
55000,383.9708992152072,139.36424726358808,135.3020655884538,131.1321708172403,75,92.649
55100,401.0722701262291,146.25775536354269,138.49604721618851,142.23466598822122,76,90.954
55200,327.8893898932903,122.91723134797451,117.42723931377881,117.43063406374534,68,93.318
55300,441.3336795405599,157.5914081217453,147.60939559495415,155.43618879955645,81,86.951
55400,427.2176025604468,150.49820633834463,154.4394462614592,152.07555847505347,81,87.361
55500,435.442142279979,150.95876471389502,147.38957584145615,148.18143772411318,80,83.49
55600,361.33269843618064,129.36790377228235,133.854048181167,129.52090097410587,73,91.843
55700,319.4484622141637,118.97410879205171,113.99064583585954,119.98713417145532,68,91.317
55800,327.9279150322549,110.32447633805317,121.04738234264693,123.1520732296842,68,93.2
55900,314.9332014067552,117.85423115458558,105.73638740709248,120.04993426022948,67,96.036
56000,390.0680842511808,144.8778355369964,141.01867844721576,141.36773157742945,76,86.377
56100,390.17458086743846,134.56074575619493,136.9813959804409,140.81249060773575,75,91.938
56200,398.3028172434209,134.9727576389474,140.74976258894947,139.78700144710368,75,92.475
56300,401.44523941548096,138.18328232905603,147.51760898656283,139.23319818993764,77,88.519
56400,400.8705312160362,147.24412872476967,145.166295934221,141.48349176455955,77,87.112
56500,338.9613008254339,117.30431351759349,118.67220392168615,127.43928773372554,71,97.497
56600,421.4642153362349,154.61207966596592,151.92040286098472,151.4377457456222,82,93.586
56700,365.89530900554996,127.97394855902249,130.6044510770547,133.05509765780127,74,90.662
56800,257.2509330848368,105.86850599410538,106.553334722059,107.21873119830472,64,92.086
56900,370.33604293689933,130.04872828163286,137.65592453722866,128.68352533908134,74,92.298
57000,396.4159155059461,139.13712226334653,141.77952870448965,146.01658349105355,78,88.455
57100,272.29396082395283,104.11525384480514,116.3044588470288,110.46897092276629,63,95.879
57200,388.7417002409384,139.87242716914525,144.2595604122195,139.94367210558997,77,87.218
57300,349.63319631915493,128.57286063956425,133.49874671951505,129.79453772226736,73,92.042
57400,368.700492030765,129.83976241840097,134.44390471145243,139.1503161891858,74,90.967
57500,377.9270730531818,131.9934184409447,137.1927796292503,138.31871623591246,75,88.115
57600,340.8514988130765,126.5105476608993,127.16938549345787,128.50568758844068,71,91.907
57700,395.6778917906176,141.0791648084134,143.43159439721077,148.29864952406788,76,90.64
57800,318.48125164125156,118.19090381623575,121.44455445766012,125.23477224646246,69,93.048
57900,364.8132981554678,134.59535224207897,134.4578296397113,137.93846475365504,74,96.135
58000,338.93817457265425,119.83439805050219,123.83264853423438,125.20083969853326,68,91.454
58100,404.61984099383335,141.61470483108414,149.013097127155,151.0327554820413,78,86.894
58200,266.9264672890731,95.73299704744895,96.46611257060378,100.41376569982047,61,97.545
58300,349.9446737754733,122.84785301552012,125.94469568021937,128.50263306082678,71,91.808
58400,346.9574818911665,120.47293699194546,131.5372218376206,135.30790585447397,74,94.234
58500,383.79421628164937,128.1508530746844,140.6981635042189,140.5850288098303,75,91.39
58600,403.600802238994,141.56464559638454,143.14809621823278,148.92420063669135,78,86.961
58700,414.4610836557289,151.89043198218144,139.41012797647628,151.88548428875663,79,86.608
58800,411.6026532829599,141.04963922202617,143.62135453360682,137.83013180962814,77,90.282
58900,352.35477772802534,126.21172729720566,133.46953009132653,138.58833182236586,73,87.792
59000,363.2422927261833,127.20217397865314,133.67192493749565,134.6984184000029,73,91.758
59100,396.35961311079353,140.55407440848236,139.91868615964106,135.81650265300988,77,90.391
59200,380.55925397586,135.4121384670404,140.63490428063824,141.06198805304476,77,91.824
59300,376.2994950162725,132.05606723794648,132.35109503019274,134.35808480496874,75,91.822
59400,423.40110096909996,148.41102324149662,152.3522261887983,153.83193018475816,81,88.719
59500,379.71108047580367,135.11838343944208,137.76603005800453,133.62573029402495,75,96.269
59600,352.15862822928443,128.23925141877314,125.3121332022742,136.7536967660506,74,92.077
59700,384.03513067159093,139.80994305417488,142.92718739920846,140.03906295981227,77,91.968
59800,391.82833553923933,131.87160322507728,148.16411426637248,148.32706299804383,77,87.069
59900,325.04215583474996,115.26898439276019,117.23960936234977,120.56681220981811,67,91.479
60000,331.47771985644647,113.67784516722426,119.23630009963523,122.84695287075687,70,93.301
60100,349.2930111889231,124.35183502701315,124.79561753443053,129.39199290542135,71,96.734
60200,363.0851664830022,131.96461285604744,130.595390907102,131.65931045340386,73,97.648
60300,405.52248069584084,135.57182546216967,146.98937896428524,141.029966195595,77,86.951
60400,402.4820175652267,141.46126364211435,149.64805766268134,144.69624720419242,79,91.854
60500,402.02384641934555,135.9257164725179,146.35441988027316,139.67123254990054,78,94.179
60600,358.44276928050897,123.82839722505683,131.46087406710288,128.1997293107996,71,93.995
60700,289.53945792662864,110.4024703714193,117.05214339952086,118.13196724012971,67,96.142
60800,383.6868798223966,133.6553731971847,139.04256107774864,140.83962057979429,75,91.606
60900,284.8802126264116,99.43360105249856,108.45266616078007,110.69940917560167,64,93.421
61000,308.76385427109335,105.2427693031299,122.7772022248066,120.37536294670757,69,101.532
61100,415.75480209823274,143.91447538271453,144.47040649940467,144.4246553896928,77,87.685
61200,415.22970031045634,147.89540390318072,151.38239684348434,143.1751020856386,79,91.295
61300,337.905759231592,120.30472753519217,129.68545032596185,122.61956443666843,72,97.389
61400,378.6799992669846,131.17341820475283,140.7088482521786,133.11469583442414,75,93.894
61500,277.80704959627275,100.04314736837765,108.89149071493681,106.80028405003927,63,97.884
61600,364.4508039449725,122.37285170538412,132.4496443897591,128.48017592100044,72,91.936
61700,364.3510634367464,126.92745359931885,135.5114997509728,123.18063403165007,73,96.377
61800,398.31320978210476,144.03441781689472,145.1581365624438,148.19093039819035,78,87.813
61900,289.52279335959116,106.15022101101998,115.96219074657455,117.62973445191884,65,92.025
62000,365.07493405695425,127.95717736952292,132.37866379353062,125.79146069468466,72,91.723
62100,361.4639895479852,129.10335777701636,130.63419867452595,132.53985480768742,74,96.93
62200,334.73943567625344,107.83286640744724,127.90370326156595,127.43183318096551,69,91.716
62300,364.0235335976911,126.49287298279869,133.68863176987352,118.69709491158568,72,92.983
62400,361.68867022814715,124.78707644178107,129.95487409755387,133.91556285805444,73,92.743
62500,426.4547228327572,143.86923552386213,150.9262527314152,151.7633009263938,79,90.706
62600,336.46074418396216,119.12390400835922,125.47795024066443,124.38182016837656,68,93.462
62700,387.3606827295056,132.77856069500996,131.8349265782808,133.5580959265033,73,96.788
62800,386.0706974246036,133.99003654912264,138.5071999163669,135.10848150993854,74,91.826
62900,380.3015211063253,132.87894960573144,132.22971906088836,135.33935852750471,74,87.09
63000,346.148503880933,119.23341006584678,126.45141113998896,124.03304527261493,70,97.313
63100,396.2456906726959,129.99633495300967,141.02697885813026,142.60200504623035,76,88.444
63200,376.93515179458615,138.95774677973665,139.24902987927945,131.74180194984413,75,95.892
63300,342.02103411994534,115.81401448456923,118.13830334829457,122.80644124003199,67,93.647
63400,403.79031655738845,137.25706551134883,140.72233776837047,146.35494049458646,76,92.007
63500,371.34996124988595,126.60879652634742,135.2051884846807,132.59393715558838,73,91.962
63600,371.38730947959016,134.58477194943066,128.37898111769482,135.34298480279426,74,97.357
63700,419.6362397648195,147.91380590957334,155.00081962640104,146.95252787103033,81,93.133
63800,363.73237726037166,120.61501389365289,131.98384512234304,136.05310227765548,73,94.076
63900,373.08453098691433,125.6752276017561,130.51177337436255,132.26015808796274,72,91.794
64000,449.306543642834,154.54216307429797,151.22938456970468,158.71819486913927,83,93.542
64100,344.96498200393546,121.4434808986828,120.34623124149547,132.5246049454604,71,96.752
64200,302.3092128777634,117.46073647460982,118.53786366502021,115.36049311910236,70,91.929
64300,439.01016071686746,156.62810738266379,153.9506137014245,144.88142607921478,82,87.89
64400,316.80970277250145,119.12177606370676,117.0759877122227,125.0173348738475,70,93.521
64500,402.1859385330676,142.8569022308154,140.68768483647128,146.18606830907294,79,91.714
64600,257.18597746120207,97.26293534997144,108.1154217429514,110.667465007251,63,98.038
64700,328.88799866076516,112.85382234572154,117.94867743150955,118.1300685306221,68,92.337
64800,405.18886302597934,141.4808004494578,146.74521286140575,141.85820670461987,77,91.234
64900,403.68615560097334,129.92795160522277,141.91462896111724,139.13451298099054,75,92.862
65000,276.1564805116503,99.6240681819299,108.26204971432807,106.01933055812539,63,98.465
65100,280.4968200574965,102.19145301998387,103.62282780049286,101.8600602841601,62,102.85
65200,345.5204931801548,125.58879048689147,122.11572881472401,113.46062623320807,69,95.014
65300,398.8751712173892,142.8878274983773,141.81102614121403,134.90855870100694,76,97.209
65400,386.8581204367405,135.98252908094832,146.7432158586963,137.94472179308116,77,87.726
65500,404.95991673333265,136.36565424427405,143.55328723622446,143.55106352445762,78,93.182
65600,343.63988928607563,125.19554551711032,128.70018038174854,125.66313911561805,69,92.891
65700,352.16055618920103,113.8402187909953,127.83600226445003,127.46134121535879,69,96.428
65800,306.2568134758353,101.74052195232,117.83344558882564,112.18541773710552,65,98.328
65900,313.04488700424713,109.45651952060754,115.95071179534814,120.63802617649785,66,93.323
66000,419.4451370403913,136.50751523427715,147.32393249913443,142.93979986295105,79,91.206
66100,365.84346159537165,124.07358165470596,136.0841391303479,134.04426219424232,73,94.111
66200,398.4834712695116,137.35287655371044,148.06832095801673,140.751795585685,79,97.442
66300,287.77676067374006,99.71528864017397,105.24831269952476,110.54927302475159,65,98.102
66400,315.91978480322524,115.77915718193995,122.99932381093869,121.54460795915546,69,97.704
66500,357.8841212834879,125.9472907324281,130.5461632175346,129.64900031706335,75,92.51
66600,338.82205781168545,116.91793404009742,121.71650426950332,121.4607626996431,67,93.152
66700,340.4375032760413,117.7268371092559,122.85682295652526,122.64300713056454,69,93.612
66800,309.7207396858434,119.8456824127285,113.44366268640223,121.46255497813972,69,92.522
66900,335.49166054961506,119.92667017772355,113.3502150529212,116.24808130325948,69,97.392
67000,290.24670484351316,101.96831466734739,115.16991273639422,113.38088325428393,66,97.737
67100,350.33610887749694,126.29559072845989,124.63788319477277,128.85657576191068,72,97.761
67200,302.0906605192266,105.19738122262139,117.51482015600213,124.60728129648189,69,94.215
67300,299.6666989385736,104.26133370582315,113.27166127674522,115.12095647466256,66,91.778
67400,348.4570690171154,128.4419659117346,129.32484709863814,129.1672480811215,73,93.254
67500,333.2194190419942,123.45288464484594,121.67059657884538,125.75029325854344,72,97.632
67600,324.85711618786576,117.55472691547195,123.54977916579868,120.29356660035893,71,98.202
67700,382.79069788841826,123.85760014855187,133.93261912814162,133.28855585407794,72,92.203
67800,329.7529677008291,111.58317463837948,112.64869100315444,120.30311875219112,68,98.056
67900,319.11132506812953,110.99094235238876,115.32898941792604,110.83899955685574,65,96.268
68000,312.89301156523703,109.85875991909622,113.15846811589041,118.26009827545617,67,97.516
68100,350.37937611015445,126.3908979139207,119.80247784847882,122.47178500595885,70,93.954
68200,280.2185081260783,97.21676818938802,103.51389883505134,107.31986220807434,62,97.471
68300,391.4027626909371,136.8897082057346,136.42006389680355,133.19623076435082,75,96.692
68400,347.1251713532664,117.32377905344525,132.35114557112675,131.8373372271204,73,94.092
68500,357.5370363037845,119.32115341111562,132.4686641419945,130.51573653276847,72,96.428
68600,377.89545175531003,129.42629718772972,136.78820805931198,137.66069144445618,75,92.368
68700,376.0973520368791,137.26989493434007,135.59183413240197,140.61850043740412,77,93.581
68800,419.0579831446494,139.98353955059267,144.9031080834418,141.30792187722838,77,92.311
68900,349.95279258515706,126.60096568271435,113.71007228340802,133.26424789052467,71,92.56
69000,350.32554444032,128.40709738701497,127.90112534591559,127.13775959813847,72,100.396
69100,377.9562157989432,130.04562965942833,137.9788806271079,130.81174114223842,72,92.887
69200,339.4117148347284,120.80907705647083,135.88608309638676,124.45157658598066,72,92.859
69300,324.4738730168087,117.07303894423458,117.16861612951823,122.13250125473765,68,92.489
69400,297.6868957821443,110.14530240286297,113.361258266525,106.88293799544036,65,97.872
69500,390.6449502461391,130.3138348986009,141.75680804748575,137.1396458776074,76,92.882
69600,324.51620156483295,116.03843653441832,126.2364981594348,123.98405898292248,68,92.107
69700,282.9269373633477,104.94699115074374,116.94265327455838,116.29920265282053,68,98.767
69800,397.2402960619449,142.53181807448732,144.9784662818033,145.79534988482885,80,88.136
69900,367.4554063340277,125.92098537567762,131.04298257731162,130.00826469661274,73,97.454
70000,436.19883570759225,148.90432026684275,156.77939129045834,156.91273163001853,82,89.702
70100,362.290456694957,125.0130165210162,132.31002419332174,130.2324450482845,73,93.132
70200,418.6940366958815,148.30024215768543,145.98523842684153,147.9986920719078,80,92.203
70300,364.06730508508537,126.50475324060172,126.41616117639593,132.76334846291712,73,93.45
70400,347.51141634921953,127.61392165736679,122.01269118353498,123.97026722078829,71,97.559
70500,305.77257178438146,113.3134922519921,123.01923662118881,121.21613526771591,71,92.295
70600,400.7701750783836,135.32613335147903,148.4268938043922,144.404748854194,79,86.981
70700,258.38103450910916,91.79193215213876,108.2488247634058,107.47787025407064,64,96.988
70800,381.56458860619875,132.41501424897913,143.66251879457545,139.23068660090385,79,92.486
70900,385.57842745833847,137.52878578016373,139.51755893686754,133.85033320346892,75,92.751
71000,435.34964701448524,150.37251294444678,154.36386133117787,148.93209329176716,80,89.726
71100,414.15843599587026,133.23565445683712,148.91374025694415,147.79313719443803,79,91.601
71200,361.4196126579465,130.96180365067798,130.98778617911546,133.31268582884235,73,94.396
71300,386.5581220446201,138.6510409068981,147.42655770300888,138.82670046603945,77,92.303
71400,379.1424946572937,134.7395126836467,143.5121604245958,136.87051810309086,77,92.577
71500,288.2669344864505,105.86604906481574,122.0380904153016,116.35848429391622,69,92.805
71600,344.9187717198339,132.07497348356918,129.54567047380388,133.1717277190764,74,88.655
71700,379.7217966177414,139.71179526833433,134.7808813355991,147.93610080648295,75,91.192
71800,408.7482556417198,140.74558266668618,144.8081637838524,140.52013653095335,77,93.098
71900,371.3247551336558,132.26479281449113,122.35271055398321,137.54074398193765,72,92.985
72000,353.8034396304587,126.00458649090548,126.90355717364073,128.19890802642973,71,99.965
72100,396.25009857049224,138.61276279335917,145.20976775153986,148.5999986417215,78,91.663
72200,396.6054890991222,141.2973767351968,143.39009281947122,147.70386403183,77,92.854
72300,423.8834626216888,148.94673888183166,150.7734209176969,154.3487549629097,82,93.314
72400,365.9100826015799,131.66208981772212,129.41266417862695,133.35438926163485,74,96.56
72500,336.57472650510556,121.98290556880063,120.29053217755687,118.03970664596234,69,93.126
72600,306.5211921005201,111.67663965396495,112.0441577899606,106.46399586673202,64,96.998
72700,304.2358199742479,113.73718769868,118.13790391718338,118.94688666185846,68,93.44
72800,387.9988063122938,132.24605522081475,137.798067840584,136.71913771829347,75,91.824
72900,444.76435467866554,155.3201104421808,154.28675051517473,160.75389707145513,82,87.283
73000,407.33936311006886,145.20270544669586,148.0398262450343,145.72614815132718,77,88.148
73100,343.3190062747258,118.89303145550367,127.96487520840496,122.4171840882463,70,93.095
73200,387.91307150501393,141.43933695661767,138.66983212645724,146.93707961485217,78,91.171
73300,390.97958868270763,131.61895778769517,141.852958886202,145.35629207652764,78,91.766
73400,395.0847816137479,132.0167489667645,137.16864211321118,140.35764751810694,76,93.084
73500,412.69925953068775,148.3802270190406,153.18446147172511,143.1265009652218,78,82.393
73600,373.94143228987656,134.52058109356548,131.27783486139342,135.475034523268,74,96.374
73700,422.549668163967,145.60356751283658,148.4022188608661,147.21595441619397,79,88.135
73800,379.48519237497334,138.80095837473812,132.69676834865015,131.86284273371635,75,98.487
73900,412.36358633612195,140.301333033911,140.28671061219907,145.4148553029633,77,87.173
74000,385.7819555041341,131.50023907978925,139.07281314116338,140.2811779906575,77,88.352
74100,385.935184244823,134.8238818975103,137.51053119111558,134.83386551608248,75,90.789
74200,373.32363863118485,136.60368487499625,135.5793768087632,136.51968127811872,74,92.078
74300,403.4695915627347,142.2547346369365,141.22987541867806,144.0312019587438,78,87.772
74400,413.69310672450047,142.68787694024863,143.74826559212747,143.93534845164788,76,91.4
74500,376.24848679400384,133.41678420175214,137.57013304753434,139.91517224836068,75,91.792
74600,419.99400301078197,145.62938068214154,152.15535746538598,147.00040318306299,79,86.956
74700,354.1690668774499,123.36331133189027,126.09521081141396,122.44621919277233,71,97.524
74800,372.22007543588256,126.96962613884097,127.50658252278924,129.10664375558108,73,92.769
74900,411.8540678100029,145.61665372628934,141.6183497868582,145.80429897696632,79,91.881
75000,377.01362045064803,138.87266738089605,137.7227653551564,138.48354229339452,75,87.278
75100,348.9070393492355,122.34531271542188,118.88335944443983,124.17887000945524,69,92.365
75200,371.03315824436766,130.47503771448623,128.33832609555992,123.22534833574991,73,98.757
75300,283.9023832821011,97.56156982457625,99.84980778788211,103.63931578221742,61,98.58
75400,396.5305919410992,133.54532988687126,140.35108796879857,139.1931654467241,76,92.203
75500,462.3634592682895,155.16172359475235,163.87574859423933,161.2001900149374,85,93.602
75600,426.5290383204558,149.43978629779113,146.46582035602975,150.00815394036908,80,87.704
75700,362.5996578624137,123.98330779076677,127.46568722341377,127.07387462351765,69,97.172
75800,414.558814161199,136.91600335364004,145.28736712015092,144.505201714045,77,86.704
75900,377.2664696749635,135.09855188612255,134.52262096330102,131.54414130941447,74,91.864
76000,339.68049174973356,125.96677811868899,125.18588655534711,125.79843164867837,71,93.482
76100,347.9834484739929,125.76585499484403,131.71435432229967,128.78417861877764,73,91.744
76200,319.20029316609845,120.41931496046402,121.2541630819452,118.91990340877251,67,93.295
76300,287.2758668260886,113.30611306386659,115.59701310828852,115.18863774104211,67,92.251
76400,302.11572275877893,111.41650512006242,109.9658257164968,111.40201363127562,64,96.415
76500,302.7861351242324,112.04444431893867,115.94664012933379,119.83887319364919,67,94.055
76600,300.9769565178742,110.47401563465459,113.95207903912394,108.66839105036662,66,97.702
76700,361.08491029913375,131.71694241629103,136.63222088339273,132.0279973665724,75,92.072
76800,354.04719159847633,122.19629242718878,131.75430531699723,130.2341523170921,71,91.697
76900,377.2084608061912,131.46009109153246,131.7592531047601,133.09108425434235,74,92.077
77000,427.28968443706907,147.42890132440883,148.36352986881738,148.84755060150619,80,88.037
77100,404.8461744945871,140.25887848184055,145.66156940569644,141.8015981237876,79,96.23
77200,402.0261750921436,141.7975424373686,143.42953735654032,147.7843926643955,78,87.735
77300,411.34904921422685,142.3597094956085,142.24552066098167,147.33297276377414,77,91.609
77400,368.3243890196313,135.9465114380334,135.14846580196863,141.90475574927086,76,92.582
77500,410.4530837240681,141.86241915343564,145.41154249322398,145.06397358403146,77,92.388
77600,341.81676350982593,129.62227272436382,123.98039825946998,131.26964543022385,71,88.558
77700,354.9050559647564,124.08297247227424,133.82610917979957,134.53457347437023,74,86.808
77800,364.12240343004754,118.96090067720746,130.7064703867037,131.33760652150238,73,99.596
77900,426.9303528688771,145.7177782434114,149.75123131467072,149.98429610857033,79,82.928
78000,329.8512701906592,109.31357034064487,118.67110894848149,123.2564805514002,68,96.423
78100,347.5565310857947,125.77615036807562,125.6798069531711,122.86476564525928,70,93.226
78200,338.1063800437562,117.01716849011356,126.65458021841161,126.33755079706724,70,97.405
78300,304.9781753891415,115.473260426595,121.20043905378708,125.43037776019561,69,97.922
78400,427.41131741329866,150.15905541814078,148.31344889632857,156.83311317916034,83,93.42
78500,339.06696694834295,114.38476482036147,120.39035685537903,126.43997284886018,70,97.054
78600,376.96111191812844,134.42736259447807,129.37304312498398,133.03277827593604,74,93.777
78700,410.45491922783117,146.58353441428793,145.35197516104014,150.11719204657447,79,91.199
78800,382.40114460417215,129.00504608303294,136.8709459141653,139.0925089539292,75,92.48
78900,333.8922867784536,123.13861610939763,119.21726868209764,120.14580747627447,71,97.381
79000,345.06800733642376,120.30461918996669,123.57366061529746,123.01749475550143,69,98.123
79100,335.77191019322413,129.78015666355097,122.34083410570273,127.50099690706307,72,99.095
79200,376.95200049491075,129.74728381832495,137.36153439456058,135.13119177699983,75,93.515
79300,331.2608894358714,127.9934327585494,128.1306369278917,130.68982195119713,72,93.164
79400,362.6106914207645,123.87848426549618,127.21144562873982,125.41240003353882,70,97.835
79500,417.8851752273272,150.72860404392523,143.58531192471366,147.38747761498803,80,92.334
79600,325.2091166807725,118.26287187701267,121.81953159767416,112.08389458553813,69,93.763
79700,389.1197080399873,142.05566871298097,134.63118410090988,142.9068277936225,77,90.951
79800,397.25785136798896,146.6958388320963,140.5733744992347,134.64580441654275,77,93.609
79900,400.428197609652,141.931744481004,144.33650844147758,142.9905631575571,77,91.319
80000,453.97027875118874,162.25561267084376,158.86839934939678,163.153610843408,84,88.56
80100,398.35065134544993,148.76713083702444,137.6147092902619,142.42461112791742,81,93.715
80200,359.336836839993,133.85572621896748,127.10964285268034,133.46440010515732,73,92.248
80300,357.503742099811,128.94341794877343,122.45308362975084,134.23784304770115,72,98.652
80400,371.9029951167969,132.64647837991146,134.68541603258876,135.406354151006,74,88.414
80500,379.9539888764299,133.61122086481856,130.18580986945824,138.2521813628383,75,93.785
80600,343.5788044311534,125.73665824995567,132.2074228607429,127.25410952251093,73,92.211
80700,407.5022488152135,140.2732735151646,145.28117088792567,144.52486960659192,78,91.936
80800,347.64945167880364,130.88247449893046,125.16486140011031,115.19235394555017,70,91.322
80900,368.52266489736604,132.84907632473931,130.1456765289575,135.29568043883575,73,93.083
81000,405.31076089528653,137.6524673920222,139.0374444002171,137.3256296715239,74,96.5
81100,354.7809105916617,123.43460222919624,135.80877498276206,125.2141279704734,73,92.8
81200,434.6117442142437,159.48112144448066,161.1888063479894,154.94713990825105,84,83.347
81300,403.4142790063338,143.52670583477146,140.79426603120166,147.70799679058436,78,86.969
81400,349.55116876364986,130.90103803567885,124.38427280650738,132.15591958426648,73,92.191
81500,365.23624398166504,137.00025965145997,137.15338751702754,137.43133605890299,74,86.505
81600,305.7770284671676,117.17117229083762,116.16308443700348,109.14572170359621,67,99.137
81700,379.4218019821434,136.64590811886433,137.17961065457527,142.18428577334993,76,91.248
81800,403.24548174670747,143.89432500299208,139.37503380089674,137.26895016542085,76,82.257
81900,371.278727086309,136.89407434283143,132.15685244112836,140.56724978680575,74,91.933
82000,382.72698203350154,131.25041062860578,135.37792658536387,131.95643402738853,74,96.474
82100,425.7478290826633,154.82129384781692,154.59645706506262,142.56577471020645,81,89.263
82200,345.78264537424553,122.2791383902428,127.41872212999908,114.25652322258773,70,92.755
82300,362.8831424601075,129.59289247756962,133.14022181579978,134.4285878835981,75,92.639
82400,410.7822938130981,151.76915379436355,155.24317106514312,145.66067120748704,80,87.954
82500,304.30862036733305,113.2295965675612,109.47476548787841,102.10559893572591,63,97.266
82600,341.58986057145574,115.34049473115063,118.07171058739559,123.19230890800725,69,96.663
82700,429.63945168893747,149.00865575275435,145.1729204775812,149.94817156065693,80,88.849
82800,430.85609310430397,147.98405522583897,152.74472420381898,153.05265975589128,81,88.05
82900,408.29980379139977,134.37238736863483,146.32518495987154,141.34129237093853,77,92.536
83000,345.0832594554406,128.2533807359683,119.79250607328692,126.6650369644751,71,91.909
83100,338.3040692316483,130.01994012023607,129.3794370882571,133.8991030928704,74,92.921
83200,329.0477660400726,117.03309818297373,117.14256391543397,118.25626349227846,69,97.616
83300,352.75262650906603,126.3741874834135,129.91813600739496,128.30516911101014,74,96.961
83400,350.28862082399775,127.5764491348196,128.9272859527922,125.26101428741809,73,98.782
83500,345.2701666505631,130.41467424401662,127.13418948887214,124.71503097526387,71,93.999
83600,442.81973299703816,157.6706478656456,154.50752425160744,149.50772708003865,82,89.344
83700,452.76263414647724,157.87006383052824,158.9349793539813,152.84455369059148,82,92.102
83800,348.4704391662869,120.3021788903652,126.01902508622736,120.93207337493895,69,96.127
83900,365.14630578729043,127.05654944848511,135.94312180477624,122.9759156580785,75,94.757
84000,385.4298107711121,134.36711661789016,140.55490175454872,134.33635446902505,76,92.177
84100,362.59000405609544,126.9224360123741,141.2518109979524,123.95685130752753,75,88.742
84200,303.34945826423956,112.80425716990827,121.5937625837271,116.09103283872379,68,97.794
84300,360.5773796798678,132.5509077677889,137.59622262330578,136.04750146233152,76,91.021
84400,373.1229246925185,129.71208705033342,135.88764205025927,129.5471962209268,73,88.17
84500,349.11321588120086,125.63260248585435,121.96736235532451,125.60659300606942,71,96.853
84600,341.92461289352826,129.492755059927,134.9350713894645,136.09813243763284,75,92.302
84700,367.60164352219465,133.46072981005852,133.11624717961348,138.0124221815099,75,93.451
84800,292.0161616094449,116.63983446519164,114.5613148041834,114.77296734089839,68,96.987
84900,410.2351802648645,146.3359926189647,145.38629037162357,146.61197211746327,78,93.73
85000,380.62667816424766,132.7050897318354,142.88338450791014,133.94669636484295,76,91.652
85100,424.00059621822686,156.26310342346014,154.098999212938,155.75168303612514,83,83.747
85200,376.32210002226253,140.20065245110385,144.49076560314822,139.40073720591212,77,90.677
85300,401.6397020062104,148.18324347548108,145.295630401532,148.057395575432,80,89.563
85400,352.5878204346809,136.22143925596828,144.6496624018775,139.73561006172716,78,96.767
85500,378.2184391734593,141.06292018983683,143.470289926601,140.0582680443984,77,88.536
85600,334.10940135355236,129.11074660170715,133.87263681367438,118.96833184773703,73,97.398
85700,356.4518951912021,129.2425746431033,127.99437476002737,126.78509269105669,72,93.149
85800,423.9937220586039,158.06715000931297,154.9535390031523,149.8366342959837,82,87.097
85900,395.6255269375641,142.72152986492517,142.10041427268044,140.14227948091516,76,93.775
86000,318.8169222625408,118.25777858298092,124.73195405626602,124.1244695137446,70,92.102
86100,420.29183197490255,155.99541032415846,151.57297686687465,144.37880403362297,81,87.841
86200,431.7164432503004,156.05398611137852,150.58325965136913,155.88490750861402,82,87.016
86300,356.07049643918486,139.25129391514108,134.33201783064112,134.50027018360927,74,83.091
86400,269.065592983122,110.08151563141828,111.0695251294971,109.48370465438173,66,97.007
86500,291.2714199407683,120.86225208527704,118.87351681069482,117.37803319036968,68,92.379
86600,339.8452039809892,131.24195914528292,133.95468949133593,118.46504402720738,73,92.054
86700,365.62915404683156,136.65733714747142,135.47779005540335,131.1566501654029,74,92.416
86800,397.80828406069253,139.1820081941696,144.20097722777615,130.29594936429942,76,90.797
86900,421.01912673974175,148.2996831808195,149.35421283014352,144.5619597639955,80,87.939
87000,443.37688689611184,155.81257796902923,155.41894023735887,142.90957273792162,82,87.98
87100,344.7727876531178,126.63825591064708,131.2407507466001,125.78100250425325,73,93.879
87200,371.1225246279828,124.92781053052575,132.7512943703397,133.04275531394177,73,96.13
87300,423.35034320499057,149.26571969885944,150.64716246967006,147.49158859545304,79,83.51
87400,339.05826897612,125.42868291483457,129.55257238342324,123.32531848052922,71,96.44
87500,373.9865997165339,134.0091315620917,130.4196567733664,135.56866496137857,76,92.605
87600,376.2901835112005,128.8743478832773,135.7765071561403,130.6505141709589,73,92.66
87700,410.3036104332017,148.16996822485723,155.3357029751882,148.53596024373783,81,90.365
87800,336.88466499369815,126.01656648823959,124.46037830082845,124.08695839136861,72,96.976
87900,368.76993386340223,134.71843214974777,128.18594024883376,130.49170937473528,74,86.691
88000,427.2804576024246,152.67957471704185,156.12188690810848,146.8946027589971,82,84.146
88100,323.29503711260656,127.79319505397996,126.83657628401772,133.7880028633623,73,92.585
88200,430.67823168717945,154.84856074691388,155.46482042863488,152.57770241559956,82,89.136
88300,375.5220499098874,133.7135435753062,134.75288611596994,130.65573840864218,76,92.778
88400,313.4828715870515,118.88191365263343,114.30654661927053,121.4435252501929,69,92.537
88500,352.90878073576204,131.52388343577516,125.06965998999756,134.50011553969827,73,97.092
88600,312.6619457026208,123.59683177506692,114.56015417308518,115.3896593950111,67,88.155
88700,398.87674496721985,138.46370331162387,135.86779036164478,140.7734053287025,78,92.516
88800,384.1612838674365,138.16199551929984,131.92114163810072,133.275531748085,74,92.99
88900,358.946487582259,126.89867219035841,127.60998056949956,128.4947113936092,74,96.403
89000,342.71030872833563,129.28572796634973,127.12633321118666,114.15630337675897,72,94.563
89100,339.55773521224364,122.47616830409541,125.04430035572595,119.63137636836174,71,92.928
89200,387.89487826840735,139.29971085289026,139.18949903452258,136.8349389296728,77,92.53
89300,293.7561195725029,107.19275746072398,106.5980571813677,111.3002822996343,65,95.98
89400,363.94240063593185,137.68630877165842,139.8611959241514,136.6215783783144,76,87.365
89500,327.972656349302,124.80427207169161,130.80208699305442,124.83537222584317,73,92.577
89600,423.4623648260014,159.03037588260136,152.8369525694724,155.08259093282766,83,89.674
89700,373.9439235359408,134.05520211238624,135.97301923673825,133.88032928006768,76,92.029
89800,353.11880273723153,124.37535172532853,131.3637127148525,129.40222312513194,71,86.72
89900,408.2802746388076,146.93461489192893,143.94163144621155,147.15116838910353,78,87.895
90000,337.48865613122973,130.8835102871212,133.58319169724098,128.66242850380291,74,87.999
90100,372.58264587954295,136.5203758686382,133.84489706732623,134.6814456413653,75,91.315
90200,379.2838880555282,138.59047123269164,139.3096508159735,132.72970622738367,78,88.095
90300,384.8930057309015,143.4510463314394,151.1223606759076,151.99340950040988,82,88.931
90400,336.47643740795024,129.08779281798442,129.0202761539147,120.73020579278007,72,93.006
90500,362.36004134032714,138.34922342092096,133.4819400793374,127.81126282778615,74,92.112
90600,357.1035927859491,133.69817687376425,127.26987478341076,129.5516011763282,73,91.821
90700,324.21165820757574,116.42544597101903,117.38685893006772,122.35934860826512,68,92.588
90800,341.22099838204986,131.4501179603552,138.1292338588781,138.16324434555088,75,87.913
90900,429.64463586886654,151.10212158019505,149.52017920727056,142.8810121604831,82,86.754
91000,375.8633483965595,137.86130291183244,142.4455189346807,135.5925784095956,76,86.911
91100,346.34527241809985,127.88926796763873,135.66331101540604,127.67550063359185,71,92.444
91200,316.52707602126304,127.46918318877451,109.71303250834015,120.41534046149064,69,93.86
91300,342.0355073455279,132.89320313125813,132.22527543524143,125.76066585892718,74,91.283
91400,354.2931268678478,139.06596585909912,142.41708374078604,141.6692466843613,77,86.63
91500,334.82617629016306,132.18587204535328,135.58097240470818,120.91836870676612,73,88.468
91600,344.75003883386876,128.0242281177511,124.74389975601636,120.84563852685832,70,91.972
91700,420.7987821543077,156.45336749379106,149.49760697754132,159.11298971988336,83,83.645
91800,379.48731348312924,139.73094815007158,136.85578942347237,132.98829849645915,76,90.945
91900,284.88757216774843,111.44022784892148,110.99330705531182,105.45882321457866,67,93.844
92000,397.5737988152541,151.67937273828255,146.17858732166806,143.50679708050782,79,85.534
92100,340.1214586614449,129.29254384032,125.38225726580775,121.84452975699936,72,88.148
92200,379.04347059528214,140.20117241117163,142.72862029141228,144.30238011879925,76,91.193
92300,440.61160683066896,148.2152081728895,153.6096816857724,155.17104347582102,82,89.819
92400,382.6100345418677,139.0712956469615,139.7185502147213,137.93474607067256,76,93.18
92500,379.00366128608687,136.61043643828737,139.09070888188253,135.3494953684436,76,92.566
92600,418.7852272805632,152.2363329611461,146.8059218748782,148.62427979091646,81,88.286
92700,373.2025992795253,139.73399515029772,138.10485843330727,130.18888934995815,75,85.093
92800,352.79558798943856,135.22778510683688,128.59501121852068,132.73377193255592,73,86.528
92900,376.8433651656676,143.69631168986317,136.8842784417545,140.47651293640686,77,83.472
93000,377.5964063584441,150.63496382533273,135.2213644930696,138.64711054875795,79,86.702
93100,399.9178337883649,145.59011134857454,144.28737972353412,138.4110125055722,77,84.739
93200,356.874440978671,139.3736305798887,131.42852622566585,126.81608563171689,74,88.153
93300,353.02303287229654,135.82053845364246,132.49551875938388,123.43523276713007,73,91.645
93400,391.80845782558913,142.41119550522856,131.42054808979108,135.85309704279464,77,92.308
93500,385.72155138010936,138.21461733325847,138.83740557220355,144.33414085277846,78,88.672
93600,370.15586628020327,141.01134321072536,130.41299186424183,135.71733396370385,74,92.506
93700,353.7430181681076,133.88157505962886,129.03539391321607,127.00771759280808,74,91.591
93800,412.4149088249261,147.877940751798,157.32289539502665,144.51954508765277,81,87.744
93900,363.5957682898526,143.72901985820963,136.82851496780415,136.71015643999334,79,88.617
94000,352.9410988714041,130.7401554339627,137.08916455199977,134.7196337154495,77,92.542
94100,445.26973919900934,159.56046578201014,154.79241001359506,151.69326654627127,83,92.86
94200,326.7048659445226,127.14058272622714,114.5333063476241,119.85364969530117,70,88.079
94300,348.62930486617637,125.36088847057569,132.82739302155372,134.5919696080883,74,90.717
94400,352.4115282282444,135.59634440835845,122.32041649958006,131.9895668355441,74,93.154
94500,408.8358129852966,144.26602875439028,152.25392237609015,149.51091460529867,81,93.569
94600,376.7065495128829,144.68523536448413,134.7020576427774,136.35821205975472,77,88.069
94700,418.31797920508274,152.33632204062218,146.30690487591826,143.4818484772502,80,92.527
94800,345.74426161443915,131.63318901805488,134.20332111574905,123.81847315677791,72,87.129
94900,427.350711206638,153.96854756182987,145.22381466543592,150.38118211418822,81,89.467
95000,371.4600717571932,133.14813265784673,137.01818998029248,130.0802348495319,75,95.004
95100,364.85601936339276,136.18307613089382,141.2629218528749,132.89848719997227,75,90.178
95200,420.1639842699473,150.8751912809928,148.265498174078,141.74017165896998,78,88.348
95300,380.4928505795288,141.394176191402,139.2381685787211,137.8643514641549,76,86.784
95400,361.78597576852485,133.60593000092345,136.40639712407722,126.70724416863895,74,94.038
95500,342.03958993860897,128.4775560999319,130.92417423263373,122.02333570492264,71,91.763
95600,431.61786813468467,151.94986168491675,155.18220436248782,150.6417245199685,81,87.544
95700,385.2521011741792,134.41064064869036,143.07269976987675,143.3599287600963,77,90.322
95800,356.37328657223077,126.37199422260792,136.6866769588615,128.28357820178226,73,87.834
95900,363.52237062174237,140.33379874330805,136.11693726535327,126.26420679431361,74,91.715
96000,432.0581825200763,155.50289995823698,154.11948932964523,149.6929372508656,82,88.671
96100,356.8059807775249,133.00616889137473,139.70735475675232,129.68601033587785,73,87.676
96200,416.62317940703883,151.20191108837892,152.51986915551896,145.70722418593732,80,86.973
96300,421.1926070211043,145.78502938685685,149.00925531600353,140.17949140695126,79,88.566
96400,416.0502266408285,145.40147936468549,149.00379966017016,141.92652949372012,78,86.272
96500,390.86493538712455,144.02533408582732,140.29817534879,134.52443506605655,76,91.369
96600,391.7249222256495,137.87418236909724,144.49873726933637,138.98155797008175,78,91.849
96700,388.42305726848,139.0309032038024,142.82477771443132,133.91519864658855,76,89.551
96800,413.1455522248879,150.58046597115046,158.01114601197625,145.36933682694192,82,91.801
96900,347.4738479578578,136.70064736120756,130.63252956240515,128.85415077128678,73,88.967
97000,370.41323367001337,139.59861629072077,141.29457341297436,122.54697394737583,75,92.772
97100,406.5382912240122,154.37267994483213,151.00438892204414,147.5786620910601,81,88.944
97200,373.89711550064584,139.2562866206947,136.67538224786463,133.33424008767963,77,92.804
97300,366.56364862375847,137.68598476400155,128.91473700285295,128.17345804315386,74,88.126
97400,374.5092419466969,127.51860577843871,131.28022244617,129.21021162443196,72,92.327
97500,324.66577066445416,120.96879587031792,119.89806875024291,118.7383736433072,69,92.039
97600,397.90719052638815,137.28812439531865,137.33344949897787,146.78834308819663,76,86.365
97700,386.8781684106613,142.59019584403276,145.20719259220482,133.84483779119762,78,91.207
97800,301.8658202513256,113.80064555446478,113.52875120798095,110.83968847745415,67,88.305
97900,372.2520886030923,128.4106950957514,137.47230586825506,135.16804068980963,74,86.381
98000,381.5108397166204,142.22375004292022,144.0439832008292,139.52090544258763,77,92.797
98100,157.01724253658116,105.47277605469853,84.65096235741794,79.91356778574065,61,103.242
98200,215.88937856938955,104.56681475924155,114.63963595715599,96.13381014958735,64,94.431
98300,378.65003637060187,132.8690718703436,141.8235128716223,131.1540711091657,75,91.727
98400,266.5280376249896,112.00051296357266,117.73678833819635,104.81607344516956,66,92.574
98500,339.43866959512764,116.50787334297013,126.569420413019,120.54915110428355,69,86.951
98600,329.80282132754286,126.34652764490085,128.44220328087457,127.72591633236092,71,93.893
98700,421.0766014803583,151.82035004404688,153.26578990969628,148.69763523878885,80,93.01
98800,372.83691164403825,142.40760520227474,144.2429757663803,122.26250682894113,78,87.565
98900,391.3840206001369,137.45545811508103,141.18212907252692,134.78422118542318,75,92.668
99000,420.99166092219605,149.13502209883947,153.46796455203025,146.78002755327853,81,88.237
99100,420.10367189376865,153.21058456773525,156.33970273310118,143.2360273746751,82,86.763
99200,434.2338252555865,148.27751442138654,160.03785665254136,152.10322046064744,82,87.537
99300,440.0366893679267,154.3102731792331,158.18753200405467,154.6300705662867,83,84.075
99400,416.65677007809995,149.84185124150406,147.07913408161704,153.8211193328726,81,92.562
99500,448.71489415514793,157.246541343981,155.88685814977163,157.79984335213913,83,88.765
99600,368.9001279367478,138.77368281111552,140.74920810306995,144.75782292984331,75,89.894
99700,371.644957627742,136.9804969614388,131.82276368741924,136.1510061529988,75,90.98
99800,355.16163491606426,138.45840107643278,129.93860850745668,126.82334586492854,73,87.537
99900,345.54873174618297,132.1765871887084,128.91215693737405,124.81167787651034,70,91.332
100000,413.1835533096195,152.1871717817532,146.46183322234143,146.80993739923196,78,81.698
