100,-48.67787576483203,14.637777759242828,36.80980091268774,23.212597305589888,35,29.527
200,-90.04688964698397,24.30422372536428,38.17632205034154,21.434944967267967,33,27.78
300,8.945517601634384,27.254151990022102,52.05916114364991,43.94809990471402,37,25.526
400,-111.8341174646224,14.285856460119044,35.64113107897644,14.519659884001788,34,27.609
500,-30.761383209297595,19.218759380574546,45.87907211567375,31.815216748846478,36,27.285
600,-68.56944622143041,17.780912469876046,36.18956857196803,19.91262359031275,32,28.341
700,28.86186708175228,52.42469465529027,57.90943001327735,48.29742439926696,43,25.766
800,60.93483169322137,48.84212219632758,58.30165198563356,56.045342583804604,42,25.355
900,-69.2545487244822,7.392790239291596,32.78914026594239,15.58004960395932,32,26.912
1000,17.840979278263642,35.28233376408354,58.065862751577285,45.78850738334617,40,26.866
1100,48.670003887381554,35.31242576087825,54.41607712095811,50.510074044833466,40,26.862
1200,-50.37479737838519,6.852633682682226,40.55585264846085,23.39767387790227,35,27.203
1300,-2.150743983729912,35.31167094056743,48.22466793844039,26.237967443682383,36,35.756
1400,-177.0999118721376,-2.2107892287126942,-10.447820460681564,-29.725006667463862,24,57.664
1500,-335.68605532955553,-26.120266577723132,-27.349120823870372,-70.57210765028655,14,58.774
1600,-333.5267508832833,-38.699898622420676,-22.92655595615765,-48.71847534381645,12,59.784
1700,-200.89033350830704,-33.11456988607112,-25.26066755898089,-45.98577982320812,13,58.225
1800,-115.09213518542188,-18.4234422328649,6.304092251682729,-12.870918166136214,24,58.1
1900,-163.04237439780547,-16.138548935725765,-0.9339622426717452,-35.34175464480787,20,57.338
2000,-102.42655955610819,2.8434572388926096,22.557575448404332,-11.100397211177048,29,57.4
2100,-42.44532228555,-8.606140009097196,-0.6925687631445138,-11.981532611330012,21,57.564
2200,-106.04016831199723,-29.54678829715632,-11.821511476341877,-26.898589188196805,18,59.47
2300,-97.56263054364469,-37.4940078423923,-21.354804689689285,-23.16727876887689,13,60.942
2400,-99.4382208866409,-21.130832774541126,-11.400181792634472,-19.368150649982734,16,58.735
2500,-159.13815900549017,-36.21273234309315,-28.8454124497195,-43.52558355039419,13,60.061
2600,-65.01952776457497,-11.426021864740251,-0.00825689802139607,-18.806055468257146,22,57.643
2700,-106.69962759334545,-25.73725502076967,-23.181446129041884,-26.671469266307703,16,59.214
2800,-137.37461888876973,-29.40409470054809,-26.55047213972578,-32.975802135641246,14,60.6
2900,-98.61974615876976,-23.44418941518341,-23.649302495056446,-25.163542055956032,17,58.114
3000,-128.430143579708,-31.361436675184677,-15.846709407847111,-34.82632196047134,17,59.193
3100,-188.33766200487537,-56.21337294187902,-52.289366538846316,-51.26520162212586,7,64.058
3200,-177.4250744021687,-42.85262680828178,-49.00521115668196,-32.96861660912109,13,63.282
3300,-154.79986586048085,-29.39982667542754,-55.45835239905302,-20.06057761114783,16,60.681
3400,-133.484326503497,-24.084382687021474,-40.07421137029862,-39.118159880610186,15,63.327
3500,-155.26323936678992,-38.9757988769596,-41.24164996868583,-35.4903978983872,10,62.551
3600,-156.67643772161145,-37.04421017946539,-30.149277565031397,-14.80442022645031,15,61.88
3700,-195.1098312335407,-49.373394866979034,-52.60810348938071,-28.471954561411877,9,60.901
3800,-227.91576501650508,-37.469094415821445,-55.53478145746603,-42.70870916519427,10,61.398
3900,-108.20179810597847,-28.87683715779342,-26.840469067109613,-14.565909351246539,18,60.438
4000,-216.94895348328996,-38.98142711638372,-51.724757962396716,-55.854376953354794,7,63.844
4100,-253.39378176074334,-46.53936904725052,-73.43507432471958,-41.69104066491727,6,63.811
4200,-146.99164882782992,-25.84108492776374,-46.71651560896119,-24.726397032382042,13,61.974
4300,-131.7104342687617,-33.55474577437529,-43.846569096777046,-21.911288084503216,17,60.54
4400,-163.7422356076145,-39.2586263983743,-47.80014953758122,-24.33693369293177,14,58.967
4500,-217.43736972814116,-69.05327570855496,-58.894338709525215,-43.98991022891571,9,63.331
4600,-126.84637727327775,-41.81481224949363,-19.917873772293486,-15.628046101073869,17,59.836
4700,-194.4320759698613,-33.64400002010279,-61.694438481161896,-23.627500220001025,13,60.341
4800,-197.0951839107157,-31.64993771837698,-43.68266463494944,-24.80484538985343,15,58.826
4900,-109.11439044299088,-23.99385534463621,-20.57329492505626,-4.723817816446,20,59.592
5000,-190.85981456268965,-40.56553199582083,-55.75118726069176,-22.98004862413422,14,61.368
5100,-86.17956400389969,-25.419251332159696,-6.896568806621599,-1.1897737401816777,23,61.17
5200,-139.31986503736024,-28.75775875540568,-54.166344991274315,-23.50493296746984,13,61.677
5300,-53.512312558573115,-3.881771258734716,-2.8561040590391387,-2.5078135570592406,22,61.72
5400,-111.33832079128771,-21.54277295791098,-38.15704874595832,-20.43943679783709,16,63.746
5500,-115.51310485013624,-24.05915924955294,-26.86355103406225,-8.53695400275569,17,62.665
5600,-110.69624811190148,-11.933416175138097,-26.172587851405638,-25.222910106105232,18,61.745
5700,-143.09962088511477,-33.123984935000834,-45.962407347265064,-7.792686264604369,17,62.271
5800,-152.78210181299804,-28.01737975192697,-64.39446913677077,-15.898988083201969,12,62.024
5900,-141.80319135737582,-28.047729334022122,-73.92870372310993,-14.273155905282795,16,63.398
6000,-149.50362840131288,-26.23528613187784,-49.88351111404406,-13.538968003012908,16,62.65
6100,-156.50155589584335,-16.962774717216988,-67.52442982944928,-20.268362441753307,16,61.598
6200,-165.1573671558647,-48.21065648273849,-49.3208514848325,-22.5235252799673,13,62.621
6300,-170.38231178971407,-39.07659900903048,-54.08417978697156,-25.889240434921025,14,63.276
6400,-224.78950489913706,-58.76495967103643,-68.31060042901846,-59.83851007942348,8,64.254
6500,-144.4488044771822,-31.638422455987325,-46.35121808670766,-24.351875677787945,16,61.667
6600,-182.8433338789765,-37.09890056880623,-50.994004143832555,-19.562863738896613,14,63.464
6700,-189.66133114587322,-58.04404984509931,-61.36282347504322,-22.570881873535033,10,64.012
6800,-118.38465815964376,-27.730308092286283,-40.76999828029227,-12.590395972664169,16,62.471
6900,-101.545478454978,-11.69227287087698,-28.33478483354572,-20.061819606991204,20,60.758
7000,-35.55349992477295,-0.2080447251670742,-15.101991667063015,-3.262061803903401,24,58.25
7100,-181.79755079068215,-44.068486392520974,-40.6915473896872,-45.705277393665256,11,62.761
7200,-156.29616349777473,-42.61599921489179,-28.560498043255098,-43.45162010484933,16,61.378
7300,-101.82072079251046,-11.915160790120726,-19.705462571232864,-18.246871132354073,22,61.758
7400,-119.60892797092875,-7.914627885758501,-27.30328183388286,-20.543827023822264,20,58.891
7500,-277.2909267995952,-16.94379045377109,-85.99611771335181,-33.97000308460652,13,59.983
7600,-216.67099905439352,-32.78599293034019,-76.178619633976,-57.15873375444583,10,61.391
7700,-151.21491885049372,-7.255682757689089,-30.941770031627605,-6.121166458353406,20,59.909
7800,-147.76798503082173,-16.66011073349236,-48.387080736703204,-24.67691684353878,16,61.195
7900,-178.8300754276201,-19.745021758987086,-49.86395951423824,-20.115923396371688,17,62.882
8000,-178.50063368973312,-22.48488425812825,-55.641845998994974,-21.66850121058357,15,60.033
8100,-182.79303114206007,-27.29917807851897,-72.15816437509083,-27.241878318197195,12,61.949
8200,-161.11874640702624,-16.74616232778938,-69.45549159786104,-20.915831947854457,15,63.444
8300,-197.23836785450516,-37.169809077842366,-63.431622051673095,-30.460113994843184,12,64.585
8400,-200.19521764662247,-42.141975143964764,-68.42776562741012,-29.007703522612772,11,63.204
8500,-161.02552242034525,-42.99787970899766,-70.57699543225043,-12.158551252819208,14,62.482
8600,-216.6826883919844,-35.841108312610466,-52.83083171734145,-29.795045284372982,14,66.271
8700,-193.60031727137422,-43.34653507328233,-54.88224379149538,-28.055541165751837,13,61.695
8800,-179.53765502098886,-36.984419518151405,-42.82492605839651,-39.92148137434156,12,65.142
8900,-121.62549564929185,-14.735478162804164,-43.02365329476064,-28.42822388997812,14,61.847
9000,-141.84435304474226,-22.166667928386655,-35.32855715347277,-18.026999536117806,15,61.325
9100,-201.11241758247178,-43.577427690858684,-50.2368011852815,-50.14623346022262,10,66.785
9200,-129.67285213379319,-10.735747097998113,-39.956205482672146,-28.158850361953956,16,61.847
9300,-154.47033842629153,-15.28753190202114,-43.174539408785684,-20.152239655373165,16,61.538
9400,-325.44515583756294,-33.18701716885109,-60.48754882706599,-34.262754653686414,6,65.458
9500,-148.51750653393088,-14.258475284902422,-33.398851071467966,-14.224718934632289,16,60.322
9600,-150.33324438649134,-13.648811195165553,-50.38819018246012,-12.526262693106396,15,62.683
9700,-189.60185628691633,-25.529933328084418,-37.14142441693455,-20.540466931531384,15,62.809
9800,-92.30178498075962,-12.980817806535233,-30.609632948902366,-11.215742649961317,17,60.71
9900,-161.26154058395662,-31.81528545119792,-19.28908534984564,-24.52510218662434,17,63.433
10000,-173.67112111077347,-25.24160870918021,-52.240534521744124,-32.29429569624885,10,62.114
10100,-142.2168703514071,-36.60195173962626,-14.943747252581453,-24.18648212746364,16,61.677
10200,-135.28553562913868,-12.993483519891406,-28.663448532665665,-14.450445026108849,21,62.408
10300,-121.050665011914,-15.51452284475333,-10.821524181659418,-45.74424097286796,18,62.393
10400,-102.58372320720204,-5.039130609700534,-16.78682515840186,-22.619256293070137,26,62.121
10500,-147.03002934508658,-19.30845496985702,-17.487874015840845,-28.952354187092965,17,63.163
10600,-67.23446816139807,-13.486348179390689,-5.386448777514768,-15.233955156571417,21,60.923
10700,-77.85068339839445,4.637924176872673,11.70456330541497,-12.746447689640672,25,60.574
10800,-11.6679561112829,18.55290708958564,21.190138473222472,-1.2772862239795295,30,60.086
10900,21.424345292216707,34.11172968852146,36.28440276851655,17.845300657243683,35,60.584
11000,-9.88672680014195,14.67459085139523,17.738076978029614,10.74619834876785,31,61.343
11100,-27.185541954835045,14.137845762336271,5.686885804665684,8.616286971925764,26,60.556
11200,26.595478176416012,30.375490105837354,27.836767108444718,33.501858895924926,32,60.251
11300,52.06093435616728,19.41264938692105,23.87167955927499,25.632992850960004,30,59.968
11400,20.18287264860278,18.28503256875751,20.62635300718794,13.610915123246755,30,61.391
11500,6.929624870102313,24.555486849610134,32.9816791332811,22.633476223637885,33,58.218
11600,-65.43902228799965,2.329673492983878,-0.7442847174065577,-1.7239347772274847,27,62.689
11700,31.825151619251137,19.96438031145841,32.90387001398288,26.0068490839742,34,60.299
11800,-38.90449175177261,-6.227384477182845,0.24500017355885084,-0.20179293114570457,24,62.156
11900,-80.6607614869241,-8.335892105823296,6.079694785318003,-15.588168117441558,21,63.202
12000,-38.05665304530846,12.746586611971193,15.617881617190422,-1.4746464822875256,26,59.793
12100,-77.32817022525154,-6.580425090620901,5.740138326747957,1.2922185504288024,22,60.602
12200,-45.64585715266373,0.2699185732695413,3.852232835805177,1.9794083021460604,26,60.689
12300,-47.9932506245524,6.49741240166875,4.104108941888869,0.35889473469459054,24,60.516
12400,-25.104213655682337,-6.184114032597035,3.080669849723551,12.4229023285302,25,60.999
12500,-80.5409665660219,-19.97006057193009,-2.781193760483468,-18.646258988750795,18,62.515
12600,-12.934144888514805,16.23116187501666,13.215248235137047,9.219127298132655,30,60.374
12700,-71.6489482454962,-8.563087427764232,-2.9887443314596807,-12.80877924591588,19,62.795
12800,-72.45420487917778,-14.141973833937852,4.7271959687672345,-0.25374185500818136,24,61.026
12900,-52.302444628935156,7.222719263927572,4.042552984098398,0.8368507903190437,26,62.688
13000,-81.55702057091521,-19.11750223566859,1.904662226451513,-4.08503997208131,22,62.79
13100,-4.461283048959474,13.526360263209705,17.75575209678702,17.62655961636167,30,60.673
13200,-20.408272970592463,1.6957167812254377,15.24228539204317,-2.8764705489225446,26,61.42
13300,-5.765116595175602,9.694849179458785,18.05564434660959,15.566825290379029,28,61.14
13400,-19.104848520208776,13.022728799119077,19.616138215765144,7.4518671477148635,29,61.77
13500,27.631595753869142,10.7189243199087,21.964235612340254,21.280665435944215,32,62.513
13600,-39.36808947972187,-0.2583370408536119,16.80576082982808,6.499070980975026,26,62.831
13700,-65.59681976283836,-7.347071144089301,3.82718684543536,9.233648600664594,22,59.53
13800,-55.52832468771633,-6.969227421825089,4.178843283074801,-0.34539061891427975,24,61.612
13900,-108.82957765849804,-13.481311131683194,-12.647908883078204,-19.14293283236378,17,64.188
14000,-80.7683321028536,-2.8712075369414465,-5.27374863468199,-17.745235125840416,19,63.171
14100,-104.05480242736532,-4.715332348536645,-16.068614468969667,-15.147571838434374,19,65.234
14200,65.69440253127334,28.702327632382772,30.94220397173964,25.171212908331462,33,60.418
14300,56.68178656776049,39.0308794080027,29.596908704820862,33.02480141868169,35,63.412
14400,-45.12885528838773,5.677776047403208,5.824165176435677,-2.5067987578935846,24,60.377
14500,17.885972608629594,17.555362050185412,21.67760423422864,11.258828736432283,29,60.715
14600,68.46385819996483,39.54988486628233,36.60900254926658,31.70466124120773,37,60.501
14700,-1.716786160478722,15.897508113188337,17.615941066277195,4.906372097191385,28,61.202
14800,-56.359161246938605,6.780061636771887,6.733288731416358,5.479809759384421,24,62.265
14900,-3.7121622481207606,15.702235269587007,14.716674029890473,10.488049903079416,28,62.558
15000,-8.259092853956895,25.119458423565238,25.305648495360916,22.395677028517255,31,60.114
15100,46.491948571481004,33.592628829575425,34.35579093340787,37.87399851612355,36,60.241
15200,41.60795809061799,34.454736451071874,28.507930484977383,29.53185718927027,33,61.029
15300,15.971618671404844,19.905622991102653,17.965492232021383,20.912181636871313,29,61.122
15400,-15.452911508070494,10.674911558249692,12.833108048087949,12.460628618222502,25,62.883
15500,23.251598408116653,20.7146511372384,21.855443585746162,19.887338749397575,28,60.237
15600,119.17068139863014,54.82447823606567,56.42521370859823,46.16169702848935,41,57.568
15700,97.5563209863634,50.489071961336506,51.61916574440118,41.3227098145761,41,59.976
15800,11.539057748525419,35.131054869976,35.585749045392156,27.477528371609793,35,61.603
15900,99.10764579289815,59.776034742263164,54.33245776123967,42.712308190440964,42,58.18
16000,167.48696054514485,68.91120330195719,67.90800392732567,54.24468672924774,47,58.504
16100,122.66157378010395,54.32190876081439,59.82160709366683,57.40594096820701,43,57.121
16200,75.43879119572566,38.6007783251523,40.33922481905247,35.506498882742676,36,58.907
16300,81.6258784701924,51.74431911071357,48.67105907674929,42.61012854166651,41,59.076
16400,100.10209568020667,50.90940863320339,51.49565146075757,46.3145844122083,41,56.996
16500,120.56334605650306,58.49921195644542,56.66240487601661,59.96830246783758,44,59.02
16600,120.86593987283388,49.013222849058465,55.13425540296653,45.727278360005776,42,61.046
16700,163.3375946328151,67.50834427833469,61.424372880949115,53.184178544496575,46,57.554
16800,60.40565009557324,42.24633313661005,40.68503204474188,26.056069728991226,37,59.776
16900,103.15630249631187,50.97391418866028,50.570225891653074,41.89391708702786,40,58.508
17000,78.58583634413178,41.59334144678992,45.879677319111124,42.56822802702771,39,59.084
17100,46.540571943698644,25.336825242575905,39.00210485224103,31.78902353789515,36,58.552
17200,119.44707103111452,60.52865958391776,59.49838534514473,53.85391271966022,43,57.953
17300,105.98351048128339,52.053703467936955,43.675200723666364,42.898953771186754,42,57.975
17400,123.57892892458773,59.316464694809646,59.99969769490927,53.87803221463082,43,58.974
17500,4.58063089905,42.21808373152288,37.677199035553706,27.261991242699846,35,59.302
17600,72.60619666702432,38.479900185970315,39.25098788037872,36.01328960442498,36,57.604
17700,92.21728263005942,48.17557607902855,50.584529512641346,38.33645730807541,41,59.523
17800,108.16033785691263,59.33395958422866,58.72820728910008,46.50377704794413,44,58.76
17900,185.7831718998454,72.80091824163435,72.32199476428623,69.51020068313768,49,55.701
18000,95.37975912175744,44.67411081550486,46.0939336120429,44.06257554629071,38,57.86
18100,15.999782220532689,35.4082465003261,41.10321248169754,26.12841041121555,37,57.356
18200,121.49429457339775,59.34039535899526,60.1876294050922,51.18164423955909,43,56.546
18300,101.17334939054544,54.872725789154565,48.8745233631785,41.78870507009335,41,57.624
18400,48.882095509079655,42.06069868744889,39.229723594970686,26.03895109384577,38,59.017
18500,143.43860457975896,62.52805083917091,66.22335217785717,62.05612809061471,47,57.14
18600,98.55143737405601,54.225109852582634,56.013313663903666,48.406495535813356,42,56.571
18700,97.55838091881498,51.93894820227676,56.41912900249317,52.864579499609945,41,60.992
18800,175.060717251453,63.93193828302155,68.01797588840135,60.64511944600587,45,55.696
18900,206.57269494238574,76.26216449259792,83.0530187128953,74.29758475051054,52,55.55
19000,158.41870134836503,69.38014171176955,61.97605069261565,57.23226378974498,48,55.212
19100,99.4154184206374,57.803427311879815,59.00380162957431,44.860609756095776,42,55.81
19200,68.53102766457218,37.52696788752286,44.06203727664376,32.53911902167952,35,57.815
19300,115.88522296926618,63.713875326236035,58.14843336317572,52.262641180446174,45,57.318
19400,98.20974047117596,58.56416586516877,51.379515469640886,51.295935523375995,41,57.75
19500,138.26143578849704,55.68322756767777,55.34417337939766,51.037514714911076,41,56.04
19600,202.83190799272663,71.79391008631255,78.94220357495409,71.4363263333894,51,56.109
19700,88.14625979409311,46.615850300977925,54.613222813722786,43.73270160913626,42,59.763
19800,138.576332614601,60.77309434169553,62.597734920678185,60.66169288728517,45,56.991
19900,23.45233808209046,35.03655980983605,43.167214771491174,35.27216743122535,36,57.417
20000,3.3507089609734417,18.69048824928883,24.8607070916952,16.977119716631407,30,61.251
20100,47.02802539394494,32.376804807436024,39.77825082504539,26.524425614925576,36,58.688
20200,13.311366451284165,11.993790539174514,25.635424575762286,7.795754230868466,29,57.36
20300,-38.73645413572627,1.6990585920516577,16.052458037954786,4.741036559815189,24,61.773
20400,105.40054278307153,49.55445580530832,50.70623579967616,48.521721108080484,40,57.276
20500,182.79318799361877,68.31542261803183,72.22419829417674,64.19065628091852,49,56.024
20600,133.10056146805974,54.11738061921128,57.515423666909626,41.102112643933694,42,56.256
20700,161.2485303693918,61.92252207131388,62.04827848098683,57.04703913651949,46,58.327
20800,180.2746376735435,66.42851113563542,71.39212192018712,64.21046669517709,49,55.642
20900,102.92927938666156,44.444953917659795,50.812404594773724,31.546388010935157,40,58.811
21000,96.35465641325217,43.24498233955776,51.20286816089224,42.574207310659695,39,57.711
21100,139.08057400417906,57.463553542572136,56.155552410901635,42.57000009626063,42,56.618
21200,120.9862589079591,56.77774934987993,57.584515823311484,47.402325812152824,45,56.195
21300,145.141988848989,53.84399415089966,62.621110194213976,49.40221129465521,44,57.022
21400,110.10110204365955,53.14702264892078,53.34771055704803,47.857392898009714,41,56.201
21500,140.77423218419918,64.55675173771297,66.36559629721708,57.388244148120876,47,55.554
21600,171.62653044498708,77.43847588110776,77.28013618645046,58.80282560731177,49,54.952
21700,122.80358122198314,47.77809808042273,58.00488026005144,45.886804868040535,41,55.863
21800,144.15221642194928,56.20673101738283,68.0708041393187,51.65616758276048,45,54.29
21900,150.66730033535282,56.64085810298288,67.63649971429105,62.420379203783604,45,57.571
22000,137.81581550442272,65.29169421872203,67.75859685858799,52.16391839998258,46,56.722
22100,149.53412155679936,69.32570519718394,71.21471462235259,57.43056363834169,47,55.381
22200,194.98823888823011,72.37764634213104,80.73100448206725,69.53179022915145,51,55.043
22300,193.9764142773821,81.37458905622582,82.83591422089485,71.05663034245367,52,54.922
22400,142.16952947475576,56.31531547015097,65.01984802204305,60.04111242964869,48,58.249
22500,101.88046910264235,45.883950728901446,50.52403115031834,43.54555147678787,39,62.002
22600,63.01811348079989,31.791105512066267,36.56414156729375,33.452539784253005,33,59.209
22700,205.2643450678682,73.07774386344725,79.6567432889903,69.82243517222201,51,55.407
22800,118.64722485550848,52.8517352725589,57.924166110049136,40.8406223367978,43,56.181
22900,103.35573752749484,48.380713646187225,57.03395759440091,48.69157577918662,42,54.669
23000,181.6367228367812,82.15273981398396,75.73336686998879,75.28384297544862,51,53.509
23100,174.92049916837342,75.50876037441013,73.83020784216606,68.08618941565801,51,76.362
23200,190.76406293051005,74.09255391747891,75.93283786155675,69.9236238303728,49,112.394
23300,193.32998965415882,82.37355183323535,79.97940909295401,67.48880568363771,53,118.561
23400,149.42266688024702,71.45117802613986,72.84710320322138,69.64409068685094,50,116.023
23500,188.92116898688826,89.32438074249231,91.52265230265293,81.1672347443811,55,113.592
23600,111.97472274010234,59.06661759698663,59.21919814041069,60.66686092069719,44,117.455
23700,141.8820494492071,63.85061473159623,64.13533812580866,52.27524643786035,46,113.358
23800,145.35941436206795,65.55448181885463,65.68135823441682,53.23725151789627,48,122.455
23900,238.2417743825794,91.08151442689032,90.2065380474803,81.66701066787276,56,113.478
24000,149.272868430783,69.46590291753984,68.31828008130009,61.28723451372314,47,118.299
24100,199.6259499655553,78.2834917729771,73.04341111040681,66.41920971431895,51,112.82
24200,228.0104866518829,86.90650782760662,86.05130425846971,77.447666332562,54,112.363
24300,72.91038025752265,49.15834109822479,49.90048818368967,42.70368361767512,41,117.622
24400,159.1606274651939,78.70557137211752,82.30935379848162,73.98334777582137,52,117.322
24500,148.26953333370423,66.21490503029483,59.48263160421843,63.114317926491054,48,118.213
24600,155.2903344677145,64.62007731391907,67.79048177802275,54.61684259343022,47,121.851
24700,125.19230170197972,63.83572527935583,59.03024909661092,59.996832988670064,44,113.701
24800,131.73372382768454,55.31837411834177,62.34946985644231,53.3543761728784,43,119.053
24900,234.4931958938252,99.13850022732713,97.23122385181608,86.65375428513352,58,110.662
25000,215.42485843142723,83.69941688649031,87.0895997918802,80.65788102940995,53,113.794
25100,206.332963923307,82.5509075079028,82.62251161977525,74.7562388133861,53,112.695
25200,214.17833411996995,83.5225479661122,90.23722825782279,88.26233047476886,55,113.037
25300,259.1041692574321,97.31653426448811,97.99170688842636,95.55779684963132,59,110.889
25400,171.44139883880575,69.22713124616963,69.05456512324896,62.14785856891587,47,118.411
25500,99.9602128400251,57.44914179587711,66.92688078324112,52.7425881099249,46,119.409
25600,217.13787754365086,93.30223459401556,91.15717069455404,78.23246405558979,57,117.284
25700,179.80427879919992,72.50770400180521,76.40948515570254,68.11358921140598,50,118.574
25800,208.36656088439887,79.22550420369622,86.32836357340278,80.65228463326676,55,113.129
25900,198.14505788886717,71.76139513334215,77.86869033017832,74.18072755228725,50,116.989
26000,114.65789546354185,50.77345678454697,62.85845202778728,58.70093494448828,45,118.692
26100,130.2762303904157,58.52574690908522,58.635501363990514,51.00779737334638,45,122.289
26200,242.85426158357507,81.57361849736004,91.95031143031078,90.48850407833517,55,111.385
26300,112.85603091215866,42.30135427474933,58.09706538787713,49.68670231865056,42,116.57
26400,243.90547157937957,85.80453207857511,98.54640976543713,97.55717281166335,59,110.989
26500,148.54459561865744,64.27447235541693,63.245434152457165,53.563346661545204,47,117.51
26600,98.01399663165293,46.52033950627305,56.90609721221341,52.78118575934922,45,117.978
26700,226.86067088971788,84.63506001370035,103.96678562017853,95.20832836950461,61,105.494
26800,118.17885078503181,54.06119022174731,50.41820311696992,54.385991569179524,42,117.039
26900,274.5590017709362,100.89470975788323,107.47871032422137,101.84651732160143,61,105.986
27000,301.70986571548156,110.30872794010216,108.52431735998638,112.90107616379204,65,111.015
27100,240.46016090455046,97.45960096629277,94.17899174797795,93.83512604016198,57,105.203
27200,211.9134857457786,91.895551833844,90.88308203116972,88.6297750255437,58,112.259
27300,167.04230225284803,76.34363243424124,80.86611689199532,59.992441776045396,52,111.392
27400,126.95621563372917,67.6924286201162,63.40297464638779,64.68897557416413,47,116.993
27500,249.62596129698744,100.40338045771692,101.94275784508902,92.72320576089852,60,111.29
27600,137.99254843637337,57.17998786744956,69.99762953852151,58.756762307525776,49,117.655
27700,177.70473071951838,77.4639052874312,84.67312407383244,79.43187179843758,53,110.367
27800,186.31624891887716,88.58157681994166,88.07712635941742,82.52464068388079,53,112.929
27900,76.37558770960703,52.675569948468485,65.69041264500237,60.99214297829648,46,112.177
28000,122.78428135044385,70.22650934366077,69.83478978571617,59.57384295305343,47,116.076
28100,111.80107113793916,71.5419810617789,70.30359040968578,63.86151818390179,50,115.127
28200,62.08750732778204,37.51898340705613,47.75256433550408,48.73254703733454,40,115.985
28300,62.97901123931013,57.126432561647206,64.60582735101676,63.76589931354815,46,109.067
28400,158.12705831673637,79.67640566889214,81.99529723516271,72.07417682602096,51,108.951
28500,100.47454321834361,64.7967313190971,73.34444053653195,72.36855618959748,51,110.063
28600,16.19354244144314,49.77326252344184,54.65803228853861,52.04164617940357,43,114.35
28700,120.30433077228055,72.76434426710546,75.49397679241942,61.7620976173652,50,112.627
28800,97.12836365839405,60.215598112303724,69.93019208581696,70.94506665096776,47,105.552
28900,188.41731188486824,86.26523730061022,83.15177060933144,85.07794609034222,56,108.441
29000,163.60958547732972,69.28340611874813,63.54088964869876,60.83865630376499,47,112.89
29100,51.621417160019156,36.287761030364585,35.07990669835331,49.476315706938756,39,116.167
29200,135.28988279223844,72.59787895465449,75.68224379233749,71.49997623352893,51,112.765
29300,126.0283712797554,60.0700692366783,55.629642094371405,62.42788598341847,45,120.025
29400,227.52661430377415,93.61152296166475,92.0933068293151,92.80857767784643,57,109.973
29500,308.1544831964686,112.49234349863531,118.70116403054422,119.20666211232611,68,104.924
29600,263.22037822973647,93.56970984264062,91.47728292353948,97.89225184275632,57,112.763
29700,189.23768077073873,70.97913363407412,78.34031979828318,78.87025398491443,50,110.16
29800,228.57428092519712,99.46792082898038,101.60422433595551,92.54078480017151,62,108.083
29900,142.03807932171992,69.74312982857413,76.83999870107405,65.6105194671746,50,108.551
30000,236.2498727732907,98.38939360235098,104.19541796690872,98.77218572419582,63,108.665
30100,202.95134260629203,87.70428454831116,82.79433446181734,83.18290660988258,54,104.812
30200,265.88050708916563,99.02878612523504,98.7264365708512,105.3313276588547,63,102.384
30300,220.2384141277946,94.02817678449426,93.30998485062548,100.08919587914663,59,107.72
30400,287.59677668680325,113.97515757844283,103.20806307431673,113.02590939916873,67,105.082
30500,245.46357322085737,94.261221510215,100.08829053927143,92.98838048092765,62,108.951
30600,215.09842748317627,94.01349387379223,90.12307750109755,88.54490921038153,59,107.671
30700,332.34712590167146,125.77677223830348,119.8782829298814,125.70563244186056,69,103.872
30800,301.9998437451419,113.27171473186881,108.2124235763887,115.0430655316535,66,104.769
30900,245.30192559997565,96.31687109828334,85.51134029149546,88.0447616631005,57,107.288
31000,249.70271417884803,105.58712427706881,98.7069256757438,107.21978698330886,63,99.65
31100,233.4737721923652,96.0580127984909,83.53859312680775,98.192480608543,60,113.163
31200,260.9494105076389,104.73733165313321,110.27426270006846,103.47981057000767,64,99.975
31300,265.82846197029556,95.23478185406158,100.52684539924822,102.9723455304474,61,107.448
31400,285.67727232280413,110.38669476588463,106.19914317000237,111.320165996336,65,97.022
31500,326.8241864894959,113.12294843992632,116.24627795826889,117.90662766585088,67,99.878
31600,234.37763372870904,82.21950500631057,89.00392119607557,98.37608170652786,57,106.566
31700,334.48384639189624,124.04136979067265,119.91506296519063,123.46309383046348,70,98.238
31800,297.6818527660413,120.75504009790372,111.06723131291355,123.20421661757662,68,96.497
31900,319.2707110323374,108.09999051388317,117.75557394570428,122.02053176461615,65,97.664
32000,289.15306283491526,103.57627050464272,104.20052409880236,105.41353707894055,63,103.4
32100,316.35182546573486,125.21884474988826,114.89663002215406,127.3005280254969,68,98.913
32200,328.48787279892383,122.29853137734057,115.29139577123777,115.03665940418061,69,97.686
32300,296.44290105196524,111.11625509076595,111.87483592916655,112.19880668176222,65,98.883
32400,295.5684551745877,118.10502812090455,107.39859028211863,120.60028095914905,68,101.87
32500,378.95764409838574,135.20985344875297,129.88717531159796,134.88773544776595,74,92.518
32600,437.5434137041642,147.84516742941435,146.26420315797677,154.77616377849986,79,92.084
32700,323.72973130373083,112.08005668408305,110.683183504387,119.18423609147126,67,97.363
32800,365.58257556193604,134.44971585903866,126.51325682859,133.3079393385085,73,96.068
32900,394.4125066177427,142.30141215716154,137.84219482774463,137.8850118572441,74,93.388
33000,335.8499724384276,126.02618138400204,123.67172154066574,129.0983066402405,70,101.681
33100,280.9082544945417,118.77657085057122,112.91190196975313,117.22935382400412,66,97.507
33200,412.122624107057,146.9575035871918,139.94619741468486,149.4920364596642,78,92.389
33300,334.31788080620964,115.28193504353709,117.8341799722158,115.20808036035345,68,101.556
33400,284.5151408403497,100.35160933077731,94.61260041844267,109.42479670832408,63,101.0
33500,344.4404241675799,124.39790590155643,120.26705929917517,121.48311161350414,67,95.407
33600,281.54520063749004,111.10695508455423,107.51639488633964,111.45798453207844,65,98.338
33700,304.3713553143353,113.79048988377815,105.32193550025946,117.36228030191398,66,100.231
33800,418.7625829448468,151.96814172164318,143.78904596027584,151.06176289062236,79,92.786
33900,297.1920759238747,111.95797221044029,106.96094763443112,113.79347486270554,64,101.945
34000,298.1773753952547,112.0844905713725,109.02494162422099,109.73657106278505,65,96.462
34100,354.86723665034,129.38618937930354,116.82358211267766,129.35125686079962,72,97.024
34200,339.9096259403948,131.79057047952958,123.7064186661081,135.70780901822545,72,91.936
34300,387.97956421858083,143.74973215307517,136.0061106168365,143.48787072045997,76,90.236
34400,406.0283606337831,143.27432024973086,137.6450212198899,143.75747606725122,77,95.415
34500,349.2660256815187,125.49640674394986,128.20212819713598,132.7016670860584,71,95.982
34600,305.0034409472034,128.1791146178461,114.05873368008827,131.23150420785672,71,92.285
34700,378.54897146674114,139.82203268054556,130.9244773823836,142.92186246595784,75,91.161
34800,381.4444857276277,147.0715211187769,138.4812931583313,149.0031254713187,77,91.173
34900,377.578095418847,130.37639551025808,136.2568808125246,135.626257175307,74,96.528
35000,439.94804188289015,149.6155347444971,149.87117571007155,156.64873335155818,80,91.083
35100,317.00389235052467,122.54653305786834,119.49386729021485,120.5318351711553,68,96.51
35200,419.14434136873655,147.8888408921506,146.75378813832998,144.85425802082776,76,85.901
35300,378.53536069645793,139.86672207546044,140.890826745681,144.83989343955804,77,91.856
35400,339.986611625684,123.60044397809423,118.770484344639,129.60662797024335,71,95.891
35500,344.6711495766039,120.87548063614445,120.90017479062777,131.3713294709838,70,90.793
35600,342.4872778599076,120.27643997185668,122.46036010445688,121.94611692432234,67,96.478
35700,325.84947707574685,119.55615722626641,122.91103176363828,123.93092180558007,68,92.908
35800,361.4098794989857,131.7230052183441,134.64833907529734,135.34416447777681,73,95.271
35900,397.6847200778659,145.9948564745478,144.97863336766545,150.2904372194745,78,90.994
36000,361.03142502105385,128.4720078722435,130.35448863885975,129.67155678328984,71,91.316
36100,407.73643992492384,144.6551363202695,143.74401365425155,144.91708185576059,76,87.422
36200,462.7343128411592,156.76116813503012,157.8985933985079,158.54987167103792,83,91.6
36300,332.21789313450756,120.71065300571453,118.07274557080159,119.42778581944917,67,92.445
36400,331.95035437620555,117.0016538010401,123.18514770084738,123.99980869563126,67,96.84
36500,330.0180713589836,125.54376891274418,124.6112106213729,124.02658106349172,71,96.175
36600,369.25532352803845,125.7373711455,131.02253685035038,128.46638601926819,72,91.338
36700,347.1361845281555,125.1821113726754,130.83281970672607,130.56709555900864,72,97.618
36800,403.00504082858896,139.87164811614252,144.59153170192337,141.60777893417236,76,95.397
36900,423.2120742565765,151.31595695334653,153.36157096294818,149.59983229800085,79,86.181
37000,369.2850723416774,139.8052424943423,141.65286626948358,136.8396767300688,75,86.989
37100,433.0221927214584,150.93909100734902,152.04022609775976,147.17033577828863,80,96.453
37200,422.95385487288263,147.34842335462116,147.38632622005164,148.24099652539786,79,90.858
37300,276.51146976187215,103.40365142930088,103.76179989130416,107.64624872311326,61,97.597
37400,339.97132654539195,130.19268538528203,127.87207342214552,131.9525690853236,72,90.086
37500,389.71121911217614,137.7610572249266,137.76695781211615,144.21229380142864,75,86.169
37600,385.3702961158596,137.16159579552382,131.1296221988389,130.25832991901808,74,95.465
37700,395.6011310233085,143.96616947149255,149.18520000036364,151.5108171851528,78,85.593
37800,349.7273463428561,126.86268542711993,130.0155540328664,124.8209537894092,70,91.621
37900,315.0824132312489,111.72061922040162,117.89697690442334,112.72829939977959,65,96.175
38000,352.30460139213085,123.46228580893835,120.88751789019442,123.53694125161755,69,92.151
38100,372.5062728594686,138.4654099041786,135.17065187956035,136.82351212502692,74,90.888
38200,362.21320741522345,133.33020709534046,133.1236579180819,136.15170997030043,71,95.545
38300,384.98602371285364,129.82324924680427,138.98940727098133,145.39538911428198,76,86.952
38400,269.8115535216009,105.84465267671338,98.98566475353175,106.84628064433238,62,96.32
38500,358.67622192327764,126.27598662709153,134.83922522415375,134.8231372084077,73,91.011
38600,297.03285016335326,107.27329912696496,108.94795226691939,112.7248600309907,64,95.231
38700,427.0281013714542,150.38960879594845,152.75749962281475,151.41260182825906,79,87.029
38800,342.95493109030417,122.24352564600451,126.31686572213304,129.05932081780128,71,89.914
38900,380.3618412543713,137.76565494559648,140.9249155319944,136.10314679696003,76,86.938
39000,320.9870737029912,114.00459661152574,117.46139500542132,126.32739160129975,69,96.554
39100,277.95717272763017,102.75308159012202,111.74307760994328,111.69648183050407,63,91.961
39200,299.98589790830584,99.25466104424149,118.8358674685693,118.15113415736356,67,90.793
39300,281.7787073456322,101.73454611434475,109.32871991777671,110.18921949197902,64,97.097
39400,332.72151819976864,118.80234015020253,119.50242079378042,122.92378554404814,66,92.2
39500,351.4783685071125,109.02642542154862,131.261597680893,130.07428774215543,72,94.987
39600,308.42504576434897,107.64278726350818,115.59102364392109,116.57144740837393,66,93.489
39700,336.22423070622403,112.44998283487757,115.75589929113298,117.80622797158635,67,96.632
39800,392.3110467360295,142.20537379931878,144.45752984484906,142.72556773892347,77,95.986
39900,426.9048464435726,144.41652712544877,155.29624290194886,145.22440511628338,80,87.077
40000,349.5865554726835,135.11738881953224,135.21947111979495,136.09939092294928,73,91.118
40100,387.0102551758529,138.3164447173713,135.24419028522473,142.8263533022715,75,90.947
40200,329.8002482012942,121.51850008455085,122.09703137153365,127.56658330156017,71,96.554
40300,304.2314242147495,107.79680166251467,107.82475219859184,110.98177256973113,64,101.437
40400,319.03369508128793,114.34266461529549,120.93813521347961,117.34403924259648,66,92.54
40500,400.5036284812847,141.50106743689122,147.6223815896371,147.55572075039402,78,86.521
40600,413.3102868004148,137.28402259776811,147.17612244162083,149.16074613798983,78,90.064
40700,359.58542401116557,125.0684371222842,133.14144324549616,130.53328501189554,71,91.613
40800,343.7446663812194,108.21464283766397,129.45194039560818,130.43483733630617,69,91.265
40900,344.873231303224,124.40940640249723,119.94103466514827,125.16983208757316,68,90.636
41000,353.546643246156,125.7634552702071,138.3381533195026,136.9395416114329,74,86.977
41100,397.2929241442026,140.99455192002495,141.0259105064656,142.61366458859573,76,90.51
41200,429.94429603296396,151.52760688021607,154.82497256311302,147.4491170273221,80,85.496
41300,441.29984727049117,150.6103401065086,154.84299783369235,158.07612111005702,81,88.111
41400,403.45321523126483,137.9767807790747,146.3206407082016,142.52202345171392,76,89.48
41500,393.5189062776193,138.68635667196867,136.11420986926913,135.60450245641118,75,87.174
41600,370.3998488748879,127.17920992596197,133.41659957972038,134.66454628211142,72,96.378
41700,421.6033494968917,141.64014168812034,148.8500390553594,151.4154974448224,80,86.801
41800,335.31724225653744,119.40948263430657,125.69175856487495,128.05770503302944,72,95.692
41900,381.6517244337363,128.55695569562832,135.1796415720809,136.77023888145493,73,86.453
42000,392.29064430603626,124.88309665026998,136.2180374644255,142.8952280559509,76,90.48
42100,391.9558358185698,133.23826138389433,140.81403792296993,143.80087889090368,76,90.524
42200,381.48780682903873,138.47243723992437,139.97806594080686,143.59092165614783,76,87.136
42300,385.0814852168463,130.62204036570608,136.53062641819994,141.33033625550652,73,90.06
42400,437.9910286738102,152.02982718670035,150.1690367263187,149.91296576909363,80,86.667
42500,432.2416854054177,145.1645843395483,159.3402812629705,161.36031641357218,82,92.775
42600,364.75694062287585,120.72499511671738,130.89874011111988,133.7949937437215,71,91.364
42700,299.5293094508737,105.50948725451994,105.10183697050932,112.56337555311467,62,97.113
42800,348.86108873294086,118.05648582961774,125.2435465101275,122.12613812705558,68,91.578
42900,379.2362016440457,134.25405861570877,139.65874951205956,139.32579414426436,72,90.697
43000,378.8334406450833,132.14617633609814,138.3362206308144,142.6459573663045,74,85.909
43100,380.14105358358097,135.40193344976151,137.15896547308205,135.29740497055073,74,85.189
43200,333.34170386460113,119.59672716239274,126.96867327521768,127.16651985849538,69,95.077
43300,418.2094141416328,138.9391021058663,152.15544961870938,156.9902052564211,81,88.288
43400,462.14419763775703,159.4254636352155,159.74369954244045,157.05946257700714,82,85.253
43500,410.97597736630155,147.0556650518712,150.59007908390493,154.15119305165533,81,91.548
43600,411.189888783662,139.23158123818325,146.48087569415944,145.57967196634812,78,85.318
43700,414.0369675321449,142.738282172588,151.5482946692092,148.40416189895157,79,90.952
43800,431.58360204061484,148.69922983385314,156.12175839880257,149.2287218944033,80,88.263
43900,384.563038468231,145.78901596629825,142.3634620127702,144.99824610190925,78,90.107
44000,367.1574664513035,131.03027146764154,135.52796226702833,134.41984306369474,72,92.521
44100,346.3025079356714,113.26231630357914,127.33580244207113,126.26334037417183,70,90.758
44200,432.5361775788652,153.06830043779587,154.52221698101926,154.4267962525614,79,84.732
44300,393.91847522750237,135.28049806332882,140.14775526233493,138.94507283805356,75,86.703
44400,419.9258896437977,144.16326300149925,152.37708397532512,153.49404026302608,79,85.286
44500,366.84893589431806,132.1446481511478,133.15228133743994,135.3127368067847,73,89.82
44600,375.0329940894495,130.66813667634867,133.40983615739975,134.50724328324554,73,87.114
44700,373.96804944015634,128.95832101811257,133.9667071418967,133.51853081559125,74,91.165
44800,395.0452259246525,146.03580230410492,149.66072917954457,142.57559217335447,79,90.849
44900,378.8870899075539,127.96914943260093,138.69285220063236,142.1331260373771,75,86.904
45000,393.21370501850726,134.9166067178726,140.4704853155204,142.88121539762574,76,89.411
45100,413.7654298381633,149.89613371480843,151.42940232316448,152.78731224637716,80,88.848
45200,403.9266274835087,151.18389459650646,147.24242636822703,151.49580647637168,79,89.872
45300,394.6159546215191,136.3720210242147,137.58948163001497,139.38088008137586,75,91.005
45400,432.093273042682,148.15453170089896,147.62014355502663,149.56294135927294,79,87.161
45500,406.9942298521299,136.0833378408413,142.33517760810386,145.61201112330846,76,84.914
45600,444.58011315739486,155.57469754692,154.73577207671488,156.90135283087838,82,86.765
45700,379.35305666132024,138.43410598576742,141.81973846036487,141.18050897981632,75,91.572
45800,404.47942254733186,135.92484267911215,141.74155657986495,142.92740202977652,75,87.04
45900,467.6862320734372,163.05217067245582,164.37895042647534,165.37172146984463,85,86.718
46000,448.9190492804905,151.6391427650404,157.16346101722223,158.73610895312788,81,87.055
46100,401.8136383335805,144.5851785674112,139.80045577074273,145.41954123860603,76,84.632
46200,452.3716303357949,155.86852579611113,160.02568436930224,159.60375944346376,84,86.966
46300,453.8224270713254,156.1599346372421,159.78067824805595,160.0114299579367,83,87.971
46400,355.08562311925175,122.23684449211905,123.1118276718882,128.26200872652473,70,95.973
46500,414.65867854409254,140.84722131261003,152.65058611854724,156.42423803295588,81,87.107
46600,421.7321660286972,150.1363681531792,160.11691779929117,161.57425590418237,84,83.311
46700,456.24947675601425,154.14126351108288,161.2153475871052,163.7148741567329,84,86.882
46800,458.3812547014459,147.49560219616612,164.17478671127407,165.85164122170502,85,87.563
46900,416.4557379957459,136.1202296519871,150.07818825056682,150.33313854025582,78,85.209
47000,419.51068158098525,150.2063661350615,154.0078522475728,161.6240004647457,82,86.793
47100,392.22115285898633,123.26167435011453,142.0258928211948,143.82754904835554,76,91.405
47200,394.7270398900321,130.4153188356817,142.9682877234396,139.80596292062674,75,90.078
47300,404.5490964860406,136.84363494657984,150.0077158101187,150.13115552688356,79,81.59
47400,382.85713806857746,130.03708267461326,145.05330847808318,144.70306634580774,76,95.238
47500,378.95470768627723,126.50601788459136,131.40143318011064,138.50772362439045,72,91.39
47600,435.3754977166495,152.7462344680806,162.84033889556903,162.4968793758514,83,87.265
47700,351.08994704182777,124.18559603485704,135.11248499378212,138.67004963607292,74,87.715
47800,364.74887157023426,129.6897104200274,135.9042930218461,140.81766734208247,74,96.18
47900,373.2733438175221,134.3996742376768,134.8774087774564,142.33200128933598,76,87.343
48000,414.7491672550633,148.324917098534,148.4471136218892,154.15261916231512,79,90.214
48100,334.90963652891446,120.13651063649803,133.0798679322715,132.2678554166393,71,87.428
48200,327.78193482795206,106.5087450182284,116.81907503833318,131.90049662516324,70,95.659
48300,367.81945794680774,128.58418332415604,137.033358693106,139.40881150349844,75,91.255
48400,355.8380079051663,124.03039512725445,136.3100713553256,132.719108102991,73,87.714
48500,420.53435308762164,145.07393898416498,149.20216623224383,151.68134918798458,80,91.324
48600,446.2200907865158,154.33192677883895,155.93836178582333,160.8789787711711,82,87.661
48700,365.996347740949,129.89057782315192,130.02191857789998,137.18663262669412,72,87.708
48800,385.6325229790002,130.73972315933213,138.6277772968214,143.1038882666944,76,94.013
48900,426.2401169809107,149.49384688823798,150.6036562231846,155.75206329883312,80,88.219
49000,377.6111924457614,140.76800150224025,138.65570961482317,139.36122276984307,75,86.103
49100,352.7389742518276,120.98732286253541,132.96857201774853,136.22408649326312,72,90.167
49200,325.0842036760513,110.02848449674555,122.13808272816478,120.33296830844594,69,90.962
49300,417.1003418178454,144.39608325337267,157.18461382745286,155.73846515087462,81,87.449
49400,470.4961156426427,155.42945319870535,165.34644419485937,163.87389547752147,85,81.644
49500,381.47072082537596,133.4563910199688,143.52741109964768,145.83714841968433,77,87.362
49600,409.94414591048303,139.10589082918796,147.4549367440012,147.33022268752282,79,90.234
49700,501.5419338713277,172.11131413325026,179.30495801093565,180.44183941056565,90,81.726
49800,365.7812216226354,132.29766610186556,137.3244554020747,144.4650852740199,76,91.656
49900,432.35763128318285,149.08025771726747,154.16453061903766,151.03754358868025,78,87.335
50000,401.200402122153,140.78158085476377,143.51681762565673,142.01239686333025,76,91.114
50100,413.44274428604416,137.92821345750062,151.3299938571661,148.0024214722647,80,83.76
50200,443.10430771071566,147.8588723431258,151.3847435954424,151.79681607732556,79,90.067
50300,441.30908642502766,153.48404523631677,149.99436481159097,151.89472499169378,79,85.761
50400,393.1123024667286,137.42605100732644,144.6494680193752,149.83230874878512,78,85.838
50500,446.30494774043177,152.06939219792665,152.5447130742095,158.79849910416854,82,83.135
50600,428.2621164579097,150.8997329335796,150.01783871401258,153.50222740694372,81,87.333
50700,450.37524496593306,153.36752162194463,157.13676837823598,158.92750650462668,84,91.625
50800,423.91290770390935,145.99815671462196,142.01524272551353,149.87752114811562,80,88.118
50900,435.66507805407474,155.45814405199596,157.46033371899276,154.21334769006467,83,88.055
51000,463.91710997002866,154.82032807935772,164.4582892280585,164.68943377842032,85,91.127
51100,483.54696767617725,168.09158867443392,161.462536055302,171.93283497361935,86,87.515
51200,438.4604567422213,157.82823600375303,157.7819731290374,158.05368474917228,81,82.629
51300,468.87122034206675,159.95229705918004,163.19062706512295,163.55306080448267,85,86.26
51400,393.53667884604926,138.3387358809456,141.14012112746153,142.67783890808016,76,86.624
51500,373.7482689980857,130.62877288103206,132.2896037200095,140.57343568330307,75,91.794
51600,452.29767197814857,146.25171261010854,165.53652023136146,169.27191642562642,86,92.136
51700,435.99434099478947,151.141011722088,156.48842151358156,162.8094775374024,83,88.973
51800,403.03078173637607,146.52382459992353,150.6871209790343,156.7215313910593,80,91.44
51900,435.883146900575,153.07299374915056,151.74175726165834,152.39318998695484,80,87.738
52000,381.708180429166,136.29121159230692,134.90664336934296,141.63434043377865,77,91.955
52100,404.50127436866677,149.2043286112637,145.7478697166484,148.07770496130615,80,94.663
52200,427.1115071457778,146.4589871632897,149.14711998201577,154.99299468020558,81,91.653
52300,352.7312733413247,123.97964427205432,124.58411721024136,133.5776066428137,72,87.734
52400,423.36212253286436,149.63873304103078,141.83762742604753,156.7861041099098,81,87.201
52500,426.7330880473856,150.51502181449382,147.99645737954225,153.16237350138772,79,91.292
52600,442.7959374894284,144.48974118150292,158.5917094371449,161.0184978884029,83,87.217
52700,413.3593112786457,147.80985379224086,145.0468143128303,146.06755439571623,79,87.011
52800,435.8796602471412,140.33348349605697,152.03868103107482,152.93817021283866,79,85.012
52900,436.0207071331422,141.82643895715043,150.7171533540092,153.57723968212736,80,87.678
53000,466.47418995271767,159.60850708142442,161.41921168960258,164.32051212543956,84,81.945
53100,425.67556305698594,146.95992927143934,150.93752173671427,153.1376511757938,80,88.014
53200,410.2027157149031,151.43237710355774,154.82668337091232,158.96245753493233,81,87.376
53300,419.4293333985818,146.28680253962975,150.50567857782093,155.79472961388873,80,86.933
53400,407.977016912549,154.19545566803006,146.86083302249045,158.49268949149896,81,86.795
53500,424.74498331086596,144.74631151210488,149.11319903552734,156.89983255207756,81,88.454
53600,433.47626533787485,151.56882388371346,152.42116021554847,158.93286978878726,81,87.579
53700,387.13165837929023,134.18915313368322,142.8357518820037,147.6780896166173,76,90.061
53800,389.6522315095304,137.1363563775392,139.6247333531304,148.60656830782784,78,86.012
53900,366.3956717719756,124.32120569032654,130.9326872603351,140.32880619923563,74,91.646
54000,414.7156438757513,147.05927320776178,153.72920471908898,154.16740586554965,80,87.058
54100,423.94027621794953,153.3779748462229,142.51895809053164,149.26121838354698,78,81.74
54200,396.46538793055447,135.38730087830567,141.34591419457587,140.36912682795727,75,86.591
54300,387.4637780051039,132.29712957728242,139.76303018877562,143.13777253641172,75,92.874
54400,429.1708803969856,159.7692791814133,155.3051595350049,158.09785726794973,82,87.665
54500,391.8874439719559,134.2713857436323,135.43155896029617,145.18175669277744,77,96.086
54600,345.9147670825715,127.01043217935721,122.63273176375911,132.02129743660015,71,87.898
54700,348.30068505439505,119.01919194056559,128.5087911573866,132.9152297643961,72,90.503
54800,378.116009942553,133.89803609602095,138.1808891456409,141.45972595362954,73,86.369
54900,334.7088697989713,117.35658837454658,125.97191420491947,132.01083341387258,71,87.39
55000,402.65716954625134,149.17705561686986,152.97400786568315,156.74690104417812,81,92.789
55100,398.2619630844792,141.5107924472557,144.4795943059587,150.58930497370812,80,92.092
55200,363.38366693423467,131.84570424112164,133.50812405447778,139.5905355155764,75,87.052
55300,400.9433695429457,133.99155985788022,142.80866779685817,141.987584397858,77,90.748
55400,397.3028452736127,137.2169699010294,144.99970121266483,148.7063680924628,78,92.901
55500,397.8550517409183,141.6217944398117,144.23822261862747,150.09075068583076,78,82.66
55600,429.3118001262495,148.44000134720295,156.3106236306802,161.68671205973575,83,91.997
55700,328.5864421646005,118.32466990709939,125.22649763647543,131.2967198448751,72,87.659
55800,470.5998091147252,159.11143821901942,160.73610916879272,165.8332700062117,85,91.992
55900,361.6930837643866,130.16593465228425,130.61554525175183,132.42699091391742,72,92.584
56000,443.8893424837115,145.31143792334578,158.30872937931701,154.2774418557733,83,87.855
56100,452.8870902216731,157.5751634989434,155.13425514841322,155.83595093577208,81,91.664
56200,377.73963047023824,137.9596338329377,138.92211410149267,145.3341579100966,74,81.854
56300,407.5776495534294,141.62646755105536,146.39995888366497,148.6189435942337,78,89.961
56400,414.96297426590985,148.23421123901917,150.58987209453917,156.11806814303375,80,87.327
56500,406.6583044996003,142.65476890827816,142.2926092842679,144.4040377440697,77,87.792
56600,420.23717218897497,151.2849024215546,155.1241212641506,155.4449169854945,81,87.257
56700,372.4216120527412,122.93551826131828,137.35163209331668,139.3635559707357,75,90.68
56800,393.90042224143787,136.41034369961,139.32740433385436,144.9211959480129,77,91.717
56900,416.94092477387136,145.18664649396672,145.84950145955943,157.86894190261827,81,88.461
57000,388.1967515490532,134.30264165514575,132.49860210683698,139.78490725598368,75,86.29
57100,399.95446487114214,134.34913968111195,145.3105739570515,145.1125939738332,76,91.227
57200,303.27501180797725,118.50748954414837,120.01685465434782,120.85818814115663,70,91.677
57300,401.00572201114915,139.55587761523375,139.72470762834254,148.02430160847814,78,85.976
57400,396.8572382891554,142.09773466696572,137.96207734567145,144.37505841895788,78,91.817
57500,384.80735084502857,129.84378796430678,135.53035338235037,142.72524792364783,75,91.825
57600,439.65564696550575,149.12472011105962,155.5090250582706,156.3872612542349,81,87.127
57700,319.89596332844104,111.98384985720985,119.82631457891065,130.49530837451067,69,92.095
57800,373.0114226841366,124.46811983683823,140.6957196055713,138.3960545517828,74,89.829
57900,370.84657530253173,134.3024702231021,138.33196518596947,143.0096188043018,75,96.704
58000,294.3958331297018,112.55323755853573,117.34470397494425,118.34762301546742,67,95.501
58100,457.16920498724403,164.544266375745,163.8101210094219,165.1913338567998,84,87.893
58200,400.48934004401957,136.93410383339017,143.97433521101405,147.18477449214987,76,87.214
58300,390.6104383355112,137.18356150327395,141.29855830818332,138.78543577419828,76,90.945
58400,355.85446553533444,125.63057719153801,128.38266762253772,131.85972171794614,71,92.295
58500,421.4625382675061,143.55832727110857,146.29061141537335,144.33540140857406,79,91.965
58600,369.1100486971108,124.24139479379413,134.16246907426844,135.01235599033453,73,91.557
58700,336.9575714554506,115.1111025363014,125.76312268520455,130.26399156535695,72,93.247
58800,373.5571571374366,130.8378110114476,133.02911219529813,141.5026400800135,75,90.645
58900,368.73061452432603,123.83265730674124,139.4436712665471,141.77056715714485,75,87.292
59000,416.2421765712659,147.44700980393316,140.58294174728562,147.79612421098864,78,90.827
59100,386.9192290152656,142.99411530866053,144.7305442529392,146.09988967289428,78,87.57
59200,426.6254535374882,141.16342703750982,151.77788711301687,150.72490221697058,79,90.213
59300,347.79292914296326,118.753252872569,127.76797631911984,122.4938118309434,70,91.772
59400,392.49079707370277,140.07629302569336,146.66376338869793,146.25625931400728,78,87.898
59500,355.97655628270877,128.37337477976166,130.15747027081233,137.38110163522964,73,91.652
59600,397.7690742439848,141.14342701847428,143.22559132140893,144.96888331277907,77,86.43
59700,315.47186297745236,116.96331628646163,117.37084570423895,124.2622199121725,66,96.13
59800,371.4769207468378,125.36887209792815,140.02260619164764,137.44330153029787,73,93.456
59900,374.8127538829512,125.39003023239182,138.24108193990497,128.33993780682513,73,91.289
60000,371.00038881867823,139.1321366828931,136.0647126246719,141.3207281374138,76,91.123
60100,368.1295227367901,131.367384474911,132.18428725568234,134.789444020543,74,92.122
60200,380.25185702499243,126.53042780575595,140.12927969413954,139.8035090550425,75,87.67
60300,429.83488055110934,144.2968076284198,161.33981542020297,164.37596093426626,84,88.2
60400,399.2668442271718,139.5000712901912,147.9380976536624,145.8201567754207,78,86.298
60500,413.51884164027854,137.43199494740892,150.39871070842753,148.632241968175,80,93.088
60600,437.67782764326506,154.343355403469,156.2350550371721,150.74870450860843,82,91.901
60700,332.1494007458221,110.80397882778735,124.89254421803871,128.92259644432679,71,97.259
60800,280.5668332237765,108.97688981377782,120.78237446086925,118.97391394935065,67,93.1
60900,388.08094683231525,132.93790025680758,140.7568936213867,142.1783455382952,77,91.702
61000,407.5442633061081,141.18272559937088,143.57457377366902,142.9024545980383,79,92.213
61100,332.91785835050877,118.88212796309412,126.56414555618106,126.56445961365527,67,86.782
61200,409.7434681979397,144.46491917540624,153.88874980548076,151.71698524653664,80,91.553
61300,364.13544325501454,135.5543397858014,130.2828286635321,134.79562826854595,73,86.927
61400,408.55827924387665,147.534370659189,152.55787456689654,157.7660004159862,81,87.479
61500,423.5486609071285,152.7213060150399,149.95206487276528,154.5304483849267,80,88.534
61600,366.68081016459297,122.10061397812909,132.48965410753047,133.0178705725449,73,90.568
61700,398.70297278512885,133.224240764964,143.92609159546066,145.88189478872363,75,86.262
61800,436.6761466970638,160.0639329739396,157.54670492642487,163.73107643709562,83,89.167
61900,325.03200760832823,117.91112340739184,120.38091105718722,117.14163415153409,69,96.876
62000,428.7299653673872,150.98507102281147,152.96131440924893,149.11378966092187,81,88.684
62100,357.1175351604488,130.15172864800167,126.07710334339252,127.87346783444544,72,97.47
62200,451.6892949031569,166.18309927794076,164.56163594978108,164.26344074726984,86,82.509
62300,380.72558821082384,145.01324125843914,144.3105313596494,141.91723009632494,79,91.965
62400,334.7707747390717,126.69133821472946,131.4300408261299,114.745302771325,73,91.848
62500,335.1389364562391,117.89978463823016,127.8062861047398,122.32703077363183,70,96.867
62600,375.727117616913,135.5905855106476,141.58397154811794,140.55652186470476,76,91.524
62700,398.8104779066587,135.23189268591796,144.79478371396,141.93141614583638,77,88.438
62800,356.59279023162,131.5198698803145,132.0625090040039,128.05494183407637,72,92.977
62900,402.0648477162278,148.8403990244853,148.78331796348039,145.64093037305005,79,97.25
63000,367.91595540453267,133.1260095751626,136.22823561067992,139.65666106811864,74,87.949
63100,356.0711085827737,124.99750997420949,129.0383750833158,132.3767376330484,71,90.905
63200,292.91848329146825,107.3067540291797,112.70946404397881,114.98899195523867,66,97.724
63300,391.9874624398415,136.90808236401142,149.5245324952831,149.49809879067706,79,86.13
63400,345.2803717419814,120.2846113556071,135.92617815907798,132.57805120126207,72,92.65
63500,388.30926691106134,145.47974760351252,144.54920931430232,139.40711583658984,77,86.906
63600,370.85201225668004,135.11192713784828,143.3288602030456,139.28720172452915,76,86.111
63700,398.5937539497543,150.02686673352767,150.90085212064372,144.20705528313434,79,88.058
63800,441.0954511698088,155.4373042874666,161.93820185587273,158.53323614250579,82,91.862
63900,378.39426375272996,131.90336249433625,141.11870825325872,143.84814867232149,76,92.548
64000,321.67143697363156,126.56690144834562,125.52440396169155,131.02936975235133,70,97.265
64100,405.8070948483468,140.17929162442493,148.2660769318892,146.32552135275566,76,87.616
64200,406.81675767144947,139.62419651139453,152.11374470321468,146.24858665535493,79,91.077
64300,387.9253588533974,133.03805673640105,144.16531082004644,141.55785214250795,76,92.283
64400,358.8061609843683,126.52292957212859,128.969462539928,133.58685372235846,73,87.226
64500,371.4402469110406,129.07780023137343,137.4820536740373,136.85226752076036,75,92.729
64600,457.1956939721575,152.8310888224507,163.00438836795277,157.97610761232187,83,87.923
64700,465.45214160752346,155.69974602818712,166.76408481823432,160.14833452028313,84,88.309
64800,370.9097544117571,135.25700549682008,136.19463608090112,133.5055577418056,73,96.539
64900,408.23647182079446,141.89779380103454,143.262736695624,145.5328365224337,77,93.975
65000,470.09916718453337,162.99022766326127,164.66248441419145,162.30409943036807,84,89.587
65100,431.8663031160975,152.99460399915574,152.19230667174853,146.8112052874693,81,88.981
65200,447.88611622908434,158.2239051504738,161.15763796106285,156.4636231745836,82,91.004
65300,323.6189813995691,127.7507178346225,132.0316241525011,126.78990119210624,70,93.553
65400,416.73551407480807,150.20809004633168,153.66894439457718,143.987308768733,78,86.661
65500,424.53321781029956,152.18415121481877,155.06777686392113,162.6937256081468,83,88.825
65600,313.5349814704086,120.51919206651915,120.19408930290099,125.33571418962936,70,96.022
65700,297.6635433833358,119.43796423194149,119.34672035602658,118.59518561223368,66,87.592
65800,295.87543503089006,112.59444295562388,110.75052051544637,104.55588220492895,63,98.217
65900,292.2030485716288,105.3099174284832,115.6494216897593,104.01998988364544,63,97.906
66000,382.5470846339407,139.31965940881565,145.35032863934765,138.41122411353783,77,95.994
66100,270.26206115516123,96.65583733082676,106.84943084276497,102.32318644145931,62,101.497
66200,366.1214786708599,137.97525984211018,134.5225708402987,132.89498197178762,76,96.654
66300,386.84786730940965,132.4472921601016,142.19464367702005,138.82617307060443,76,95.098
66400,343.81940821402236,120.15164848655319,130.9093074295049,125.97309597287502,72,95.816
66500,432.95598069159945,152.679992137403,153.79227282944055,155.46244806943042,82,90.656
66600,340.56911014403084,127.27245561173466,128.24704945788207,122.2705890498274,71,96.407
66700,395.8465905507235,142.5402910013035,147.58088350995132,136.97991989447522,79,95.261
66800,460.09443919485756,159.19944055705378,161.9059683003772,153.8889419513762,84,98.526
66900,382.2471493555012,138.45444450830993,140.01842403689608,130.81506845434546,75,94.63
67000,429.2481682355919,144.2483762901935,149.7144934405226,151.05064785924264,79,89.531
67100,299.94081474201363,110.22588188260207,114.67673429506881,112.90193718849441,64,98.502
67200,333.5208938050812,118.0547169706429,120.96077426444138,122.76057319964329,67,93.591
67300,414.05242084957894,151.35927782987184,149.96020037272064,145.61797882549726,80,95.157
67400,339.9335068248783,116.8770499374332,122.484284254357,126.10733800991967,72,100.998
67500,363.64190915722713,122.05790041236703,130.61848705081076,126.77376187079781,73,98.954
67600,356.49917059951935,132.20725360879402,132.77328461594277,136.57651553255062,72,92.081
67700,332.20374725264185,119.82061271804452,125.35292242279188,122.91814487850243,68,103.287
67800,379.0199943228875,135.45391892220968,136.74663682595502,139.08015048359997,74,96.072
67900,332.0340142678931,119.60154989635153,131.24927374617792,132.41009410272218,72,94.492
68000,274.5463984689593,104.86749192276949,109.7531970225245,110.79730370318497,64,103.339
68100,349.23543061761745,127.79748155692009,130.52235189990785,131.75384527848092,73,98.262
68200,428.36802468007255,153.26063132921453,152.63156908349885,149.77752428193398,81,96.785
68300,260.34300434574294,100.25210097774853,103.16751459020402,106.50644630605495,63,104.198
68400,279.3341712231328,106.30406122551531,121.72033543113625,120.41572997279334,68,102.212
68500,390.50761595471636,142.03223671900912,148.08792548103153,146.08449960201833,77,97.174
68600,426.41365451825783,149.80142512188868,154.38991830210446,155.71764619243004,80,94.064
68700,316.17277303544415,110.9439138352633,115.88168889420388,115.18479107639756,66,99.911
68800,350.1382333280118,122.68162771342179,133.12418411398914,127.04351441022418,72,95.222
68900,358.25967061347814,126.8426566258785,128.32336441020797,128.54162113282254,72,98.456
69000,361.9180304681483,130.5967347558438,132.85196660768733,137.50309719911505,72,92.564
69100,317.75862237284014,115.1331102223965,122.42574266155808,129.19742436274956,71,95.798
69200,288.9206214616833,112.8127474295581,118.46781181093033,112.50336042772297,66,103.463
69300,309.75506328789146,109.9042789859239,115.61479927256991,120.85677197661502,65,96.658
69400,390.37868350344024,136.37321418067827,136.09247632482882,140.60480581049416,75,93.604
69500,331.356392116825,115.86982132713133,129.9061521738822,124.77475770383619,71,99.92
69600,369.43142847850504,135.55769066028978,144.1528774416003,138.06055190068003,76,95.289
69700,287.2930346378993,114.58239229527602,110.72570259698256,126.97266032319725,69,101.841
69800,336.6242153208243,123.73217132419136,124.23225565799581,131.4077293499826,72,105.913
69900,300.8975324370981,115.59064914805101,116.43892494249765,122.65401369336469,68,101.181
70000,360.5499006088737,130.5052559952808,131.9118769606558,134.73803862851278,71,105.282
70100,355.2691606551793,134.31744411853006,134.44697801013206,141.91445655175477,75,94.9
70200,312.76601861140085,123.64292105413878,121.71274945903222,123.44629364509773,69,99.457
70300,360.54041541224035,128.58744365742285,135.89249295289187,136.7404668792009,74,104.758
70400,231.26896563181762,95.57205643176678,102.68002952319371,103.82130286430005,59,104.699
70500,362.84733850713076,125.98657012110843,130.39835001479796,125.83493166678595,71,99.741
70600,275.0594228425676,96.67230088816788,113.53523516981726,117.78326107371879,65,105.74
70700,347.94365260952407,125.31405994752602,133.6955653400709,130.63679913853915,73,99.584
70800,354.25985641436216,133.97705640418087,130.11921610553765,141.2920754274282,74,95.494
70900,402.51372271309083,141.50011471001278,143.90571360414623,149.82770325734998,78,90.019
71000,402.5493773539635,142.6184737900152,145.11389866719318,140.56037465231282,77,94.089
71100,345.17813196007415,122.33611880786106,129.5457803473586,123.62648332200462,70,97.402
71200,373.3868608959198,124.098472643891,143.37497386618261,144.53212629165938,77,97.857
71300,359.5268835642353,130.99239841127294,136.05517746527767,139.04597833818084,74,91.519
71400,273.62699880712285,110.84082525790738,112.23261568110887,110.74206605248145,65,97.545
71500,351.80485777055395,123.10179631709293,126.56763573562596,132.36808249974868,72,102.953
71600,341.8240642502699,120.66478523658056,135.21078949838736,134.01086560431847,73,96.213
71700,296.14086677932204,104.038400317548,118.64763104585282,120.83485024305556,67,103.647
71800,403.0901825022957,146.86547696006267,154.87320536991976,155.69209139117484,82,97.855
71900,324.9829431919054,113.78859480527206,128.03239142709617,121.86452954396391,71,105.435
72000,404.0826426543725,143.964334020439,139.24245460321168,148.871223723126,79,96.285
72100,348.5672613993392,125.01461435334478,131.29851313593844,128.58471384107864,72,104.85
72200,337.6156628296704,122.48883683648145,123.35120861753161,125.46934667372639,71,98.926
72300,379.70171094431726,134.66017668036196,129.53815006305535,133.04399519096577,74,102.436
72400,396.6830641665039,137.90846878800684,140.82418192710404,137.8624034706977,74,92.96
72500,440.35416926789935,152.99564805685287,154.58706805574622,155.52187287589015,81,93.802
72600,364.571890346002,131.64187554866984,131.8489884338845,126.81895806006703,70,99.254
72700,370.4712978719999,130.17323323137578,131.60245458951013,136.24545339217448,72,106.794
72800,319.7307899450384,121.98839134757682,127.785527291537,127.78502145279236,71,101.918
72900,392.5546131837511,137.0993023123043,142.99702448041845,135.19928642142898,76,101.245
73000,400.12066696413586,138.45463250561968,144.27212230393778,141.02549224329047,78,105.243
73100,371.1558889356545,132.57373269355764,129.6184167180424,127.92218126672597,71,95.926
73200,397.1095991763359,135.75063280435967,141.46748835506642,141.55923801109236,74,93.674
73300,385.9248427920062,136.30824216215277,141.44831507078598,136.59650518802894,75,99.101
73400,380.8436899887417,137.973331904727,135.55011691241995,143.03982421624156,75,95.697
73500,359.0783511250923,122.19430114127076,127.71871575717789,121.69492467850719,69,106.625
73600,335.9587975758033,121.72356446844084,130.27550219232936,125.67239904087229,69,106.375
73700,320.0613262710195,117.95404725775383,128.5298375741032,111.5043799361018,69,109.037
73800,335.7706863485112,130.91358847663312,135.98491282391308,131.98859392412425,72,107.582
73900,290.2097636115875,111.51815199298814,122.05300085424318,108.70767648121333,67,107.501
74000,441.8472497622429,160.12365780800133,160.1560147095659,148.9308835810657,84,98.652
74100,337.19339535466025,117.18121836919562,132.03076830406576,119.32214939005975,71,109.449
74200,394.5376291843185,135.5980847879495,149.76564942842805,139.39042078305567,77,96.382
74300,336.64191104605504,127.27695772072494,130.3779212453979,121.56633283882034,70,106.293
74400,413.30114748048334,148.57010449444888,157.32556213979169,152.88212218327442,80,97.625
74500,357.0403048311032,122.99833669255808,132.72526542480108,136.28295241239098,73,104.429
74600,343.62626874520987,117.8293698007117,129.36301306797813,124.28482381947873,70,106.109
74700,421.9773367419852,145.09059163486182,156.27903958912788,152.97206341047828,82,95.652
74800,242.98989265250293,100.69544386247284,107.33633442121771,108.21628074329804,60,101.899
74900,347.72442382676826,123.53142870853812,133.18585896265768,123.17444374696153,71,100.518
75000,407.62032895513715,145.09509931553848,147.82183893534838,143.41693037439813,79,99.825
75100,347.12892505469216,119.82985835059259,121.83797015518266,117.86413391265918,68,104.818
75200,329.5153416688762,119.8797366596081,125.16705344240786,127.28271359483163,70,105.335
75300,305.20401330406895,117.29134489095686,112.77467914336557,121.53986895965208,69,102.1
75400,424.8092421430498,149.79707980830344,154.34297055850877,151.2864674681213,81,106.393
75500,359.04198458433825,131.31962882394112,136.27044305866153,128.39069749079795,74,104.63
75600,336.3583222770608,122.45889580177962,124.16521324269841,119.44143786847772,68,101.248
75700,337.38211138108085,120.64990210851167,123.9918569818497,119.94485534219615,70,106.008
75800,287.6150597399817,115.65512415315374,118.93589575885045,118.7393483354839,67,105.362
75900,353.1010501055113,125.75541392892976,130.14075931135866,131.3285192304111,72,107.169
76000,354.1881577165838,126.20696744116705,135.52293777634043,130.60640127145015,73,99.976
76100,296.57557017361796,104.08117576757033,106.493895480962,105.1887398811426,63,106.164
76200,308.81750073457164,105.22760072959753,119.74902484468312,111.39812654295089,66,107.376
76300,364.5305814267834,136.73395763694853,136.08004259891285,132.53732308711025,73,101.373
76400,363.48281416580875,124.51566237503643,133.1414266249542,131.93904888850665,72,105.462
76500,378.0447572130639,135.01119170434006,142.64274962713205,140.4802805903758,76,101.863
76600,403.29133611921765,138.69255291122695,144.80131209583632,140.84898722984752,78,105.096
76700,375.0742532765117,135.93421175793196,143.1503337308876,138.9489660286272,73,102.023
76800,393.1950745419921,136.00978629801915,145.42896292179898,142.16174826848203,76,99.313
76900,325.8738930627878,116.80546063381294,125.06601580193164,120.68043913859981,68,104.667
77000,379.37655243932255,138.69165663773828,144.84739868547257,145.75822278997276,76,94.286
77100,373.0683395088518,139.64863609536758,133.77694623913825,135.81913073352789,73,98.195
77200,304.0354531306172,111.7895959413432,129.0461442674362,124.04719345832196,72,106.376
77300,296.5402671171625,109.26666291076025,107.91420829455912,117.37649362538741,67,110.481
77400,417.93656235607153,145.7279895139815,147.39307628456908,143.53584169642042,80,96.133
77500,316.9349772922135,118.18405253633529,112.135979022927,114.59388957864775,68,110.449
77600,388.90356828654194,138.92061550789194,145.9229626120301,134.7877901449831,77,98.994
77700,324.22413394928645,118.59537229613814,126.9285190911949,121.07005391659914,71,106.957
77800,358.778467898706,127.87399830694174,140.02942270595057,127.31688955244215,75,105.541
77900,328.1297387429929,121.1320258211792,117.20354147157785,119.98343572935957,68,102.171
78000,389.53713706225244,147.6892299459654,148.7747720367228,146.39214398000595,79,104.368
78100,322.86876186385047,118.65883343283129,122.62132055567116,121.95123843876767,68,101.621
78200,358.7170847160799,125.14501357517773,135.12213100224528,131.7849963410275,73,99.824
78300,363.20582102754116,131.2235549899152,132.9010260426089,131.90841978524793,73,104.903
78400,365.93314775871755,123.7378676890163,134.1124625070792,137.25357208619334,72,105.515
78500,345.34690503083254,124.1887585719626,126.12837823108411,127.78313060909088,71,105.295
78600,369.87692335594556,129.77996222658192,134.6793472088944,131.58907783472046,73,95.181
78700,392.35514351589904,139.89391755276597,143.05260988816295,134.1113010667051,77,100.013
78800,395.97616424120565,137.61349840768685,139.8267773618873,139.9016082193146,75,100.219
78900,431.00435577571824,148.34085068822037,149.27765013442195,154.36542693902845,80,99.92
79000,399.34542182477105,137.96748652102747,144.68502437784366,141.14585512181736,77,100.759
79100,332.07894874253725,113.46845769467544,120.81655885269059,122.07064843626559,68,103.68
79200,445.9761718842838,152.14705962446953,163.60942185299976,156.29097056822283,84,101.331
79300,401.18133947388606,144.74982074550405,142.1401026011338,145.96998983082128,78,101.13
79400,322.1331938337433,113.10378770548998,119.72052031554702,114.54984713633623,68,110.983
79500,375.81408070237563,139.6171052079967,141.3535833766483,134.7427021310749,75,99.266
79600,345.4707274050198,123.21386991327589,128.5601987568993,129.1333773782605,70,100.49
79700,351.15723714838117,127.51720630451857,132.92501572404998,130.85553372412608,73,106.779
79800,308.7857887553412,112.24724361661765,115.43285840767001,112.2505639260677,67,105.637
79900,402.4740238547563,136.10904726929036,142.94960267635292,141.09609067937677,76,98.989
80000,453.78941941823194,153.9422285496723,161.37996357764422,153.37797123075626,82,102.028
80100,410.0894269271942,138.8689048760725,148.04105926038335,146.29620737090352,77,96.049
80200,368.9587692702009,128.66308522235798,139.66313683856097,139.51797678747852,74,105.206
80300,420.69190518036237,146.4342566585139,150.38290007185958,154.7605241601851,80,97.438
80400,322.1194791357169,111.71845587114791,124.90645859692188,121.8285074907932,68,111.706
80500,343.15601881307447,125.09465854312484,134.52571137791142,128.09552729935123,71,100.354
80600,363.5159211744751,123.02605069515721,132.07242187154887,125.2756276005477,72,107.475
80700,336.68179613790323,115.99235476961324,121.47987909325204,122.98326822487063,68,102.81
80800,378.56990672046845,140.49261971082424,146.8272374033656,139.68277352518683,77,99.254
80900,295.49508858608147,109.5234401935998,118.75159055030267,112.51740055409805,66,107.527
81000,370.19294801210543,134.90314051539343,134.96785712421752,135.3681470260532,75,105.835
81100,404.3431851252458,144.97261867973276,150.8250578943273,151.72364539252246,80,102.919
81200,238.12425277010803,93.5766249706714,102.21583671702416,96.51392324031409,60,111.592
81300,372.09920475005833,134.1251924812963,138.69753371606973,125.57122586382988,73,102.797
81400,286.7724713091088,115.60656114331279,119.25735272777516,106.68645273691534,67,105.777
81500,297.02378689511806,108.5127791165329,114.14290219628596,113.23482539161287,67,108.45
81600,322.3482645757867,114.65052548185169,117.27098433626084,113.71154260262932,68,106.75
81700,301.93396377956566,115.30414544523637,118.41431710079166,112.66769822005328,68,111.633
81800,344.7360108079879,123.89713297698545,127.05054444794773,127.56468831304792,72,107.967
81900,337.6284051996217,125.18777125000827,128.4849116310221,122.52135115676953,70,112.114
82000,322.7501161523302,123.11441216544661,125.38356812822602,125.86538556410628,71,112.884
82100,343.47206948116474,124.46912722253676,130.93330532205718,133.61454975483667,72,102.603
82200,260.0932891669211,94.26545177994004,103.38431397499758,99.46728550165555,59,112.263
82300,292.9287843806613,105.97840509126699,114.96262606184777,97.79737817870988,65,110.705
82400,361.2769263833577,125.1684141864716,138.2547477816669,128.89350086688728,74,106.936
82500,371.76467605936347,135.948620944544,135.75906396061512,130.61480009924597,73,102.271
82600,324.58207523547225,111.84265660680832,116.18796002189607,115.17905789979594,66,107.131
82700,365.82309103931556,130.77100780954356,134.04690042416243,126.33333065857295,72,106.317
82800,342.9796230944173,117.89351071223287,121.79661614999345,124.19416733412221,70,108.338
82900,289.62627570907335,104.99877578459696,107.32487495441232,112.23498948145921,65,112.831
83000,382.69133187361507,135.88291160440838,143.25244089727903,143.12904220805933,77,108.086
83100,445.320901414421,155.01642823242375,151.34060672437693,151.36105903265954,81,100.882
83200,296.3879698877899,111.83393833291467,111.81503468075489,113.50783758387344,65,106.43
83300,313.7358601140571,109.28078797227482,123.28999044774213,118.52651553591886,68,108.359
83400,340.0303190123692,117.60074660583565,116.58404019424304,124.28249173785969,69,106.547
83500,350.4377393336978,126.94231350972244,127.36752045136481,122.29529365319671,70,100.361
83600,307.5025958540989,109.28780720325325,120.65208471240899,121.63329009196922,67,107.127
83700,313.9693991448832,103.93898425038235,115.9491239246905,109.93369112650596,66,111.661
83800,378.0869201535203,134.0148423623447,137.34469716905312,143.2016638690683,76,101.165
83900,474.33230537373606,165.92145882399825,169.27944063191825,170.32599282733057,87,100.899
84000,367.0239860498371,137.16505630900895,137.00932990545115,139.26214653637606,75,102.014
84100,322.84857784337044,117.8205400862575,121.7085701535728,119.32331049743243,69,104.753
84200,356.1555739225213,128.58464957934933,124.67583593421408,135.25004712508314,73,102.358
84300,364.7834297312588,124.92915433181882,133.31127345528802,131.34766215527614,72,105.54
84400,435.5865476637523,150.20913836484087,154.8354736559773,158.37762899852203,81,97.935
84500,299.9723668273087,111.71760630014704,111.96299680525065,112.68333314781331,64,107.022
84600,403.8985831485089,140.02039223533944,143.35375188888528,145.9238325724542,76,100.695
84700,429.4753376635435,150.30788573981565,150.96764600115782,149.46306153881648,80,97.134
84800,442.78138056259735,151.01146071999415,157.95212137524544,159.67085886276845,81,102.124
84900,363.30707890918217,128.87105556660504,126.80433137224104,129.0342890910501,71,105.829
85000,374.18275375192957,131.82816824196175,134.97400283504686,132.01483007264827,73,102.418
85100,379.83471250457035,135.85240879879981,141.14760266762738,139.70552003829104,77,100.615
85200,385.6984048354865,128.21516654322596,138.15590797342452,141.45726805692343,74,101.155
85300,412.856386675167,135.37838904341177,145.40770202198672,145.4395008939752,78,101.376
85400,382.8202213123349,135.40060674751064,136.89434607600876,133.4402625373753,75,100.954
85500,380.5251746760717,131.5208246091855,138.013641077143,138.66222285803423,76,101.254
85600,369.89293589253543,129.25765144854532,133.3489828441762,132.92262131672746,72,102.569
85700,389.4829659526757,122.59765656037986,138.26478285584753,140.624496168746,73,101.627
85800,403.59870507948057,135.0549092157595,143.59458968203563,142.02084523414337,75,100.505
85900,390.1528599896443,129.5594419482465,144.81981659687312,145.91108448418584,77,97.016
86000,365.6178873721933,113.24933911421631,138.76215927407964,141.82261454336117,74,101.734
86100,381.24895993754217,133.9954734281426,143.64440269101698,146.80261003547818,76,100.603
86200,435.6386517564186,148.10726288563342,159.57100003946604,153.44804572342915,82,100.616
86300,334.51672483930105,115.0909437027567,128.7179512750635,130.38023593593465,71,101.997
86400,379.4375149049392,125.98104855143542,142.28023019533634,142.9821453035836,75,100.608
86500,390.27898392235176,129.15459980193765,143.19779730272685,142.82694362251053,76,94.451
86600,449.03101455210106,149.25046960691137,160.45160543060967,162.98462790128642,82,94.2
86700,378.2558260841883,137.56839084543898,139.20227126994345,140.95625986905443,75,100.409
86800,365.58500474654363,118.47101928479498,138.95919896305205,138.60764264397258,74,100.99
86900,367.2798990955697,124.78726685562539,143.82138714019078,132.32689787097382,75,95.647
87000,399.1109676240124,137.31105163990912,147.81090785449976,147.17044028388833,77,99.803
87100,398.3739793340956,136.1473735131435,143.190162792561,139.14208614697475,76,99.998
87200,445.75718033483366,150.8567855633384,152.8023099735446,153.15778283038836,81,100.939
87300,387.6481076598638,139.39794598003476,134.98332724303472,137.20929347651258,75,100.821
87400,406.4170846629953,145.0920398827111,152.03909283641144,149.96532938437747,79,95.524
87500,347.1327018668364,117.32839583065835,139.2432942229647,129.36054071051217,73,100.613
87600,430.6673076335755,147.55995327984692,151.88553321252618,153.71570653124905,81,103.667
87700,349.0689258580844,126.2899808333645,135.50862797314525,136.22582764292386,75,102.237
87800,359.5766029193887,127.67853746925158,122.98873414266075,139.10365859120776,74,102.259
87900,337.70343617135455,115.3907213554042,132.37725665460337,126.81423850952127,71,99.818
88000,394.38347442613735,135.70458848348736,146.53526020855668,144.57328152608082,76,99.938
88100,331.60816970633374,127.95243005240499,128.35017102296095,128.1912322400698,72,96.374
88200,332.8598013311527,111.40243830703582,126.5791130897529,126.39087313503035,69,99.198
88300,389.2279952212806,143.57905035210467,147.51447364883956,137.62315001763835,79,99.852
88400,337.2222329131008,124.24636603798326,122.00591364710952,120.08139097082454,70,100.544
88500,344.1293140130952,119.62190130649077,133.04760864193008,131.4624325108359,74,105.732
88600,328.05886053719337,119.23998835868412,121.22067400236418,116.68438625341943,68,102.412
88700,328.329051920568,126.56265747690614,124.24148806837653,117.91700878234914,70,100.679
88800,345.3304445028718,123.91233550039357,129.72660922752095,126.17101263168685,70,98.551
88900,331.56910114007906,123.4148525913137,122.13654709386182,119.3733278671523,69,102.254
89000,427.8718247392811,153.8560694365081,153.17012927643924,148.33628482959946,81,100.908
89100,402.2260384397282,142.17243994212006,146.61379200834236,142.36061294587586,77,95.892
89200,407.92666087839746,143.8952192178529,153.47277817499074,148.2012167492692,79,100.196
89300,385.84215852635316,138.22584471474048,141.46601184903665,139.84330983254392,74,95.918
89400,342.5261532903471,112.72885966423874,131.0962978728108,127.9128400306961,71,105.731
89500,297.01960193100876,125.40040035619737,121.33359648813372,116.55016655527339,69,101.809
89600,301.6328163718645,111.43843906897378,111.99779709034466,119.39252656566482,64,106.68
89700,210.0969775242935,90.2577889602785,91.535068506346,96.41853670674938,57,102.867
89800,55.29352829092952,46.53277595381409,47.13775075158463,53.17953194908553,42,119.018
89900,289.88550193612974,115.96819016676186,110.66656061199681,115.14231355771427,66,112.244
90000,332.04224251212594,119.4148111975434,131.392679740188,113.57365473190248,71,102.62
90100,362.2035946568706,124.7415430205639,132.1054913345044,119.99620581678442,72,100.354
90200,323.0812068324465,119.99194425719433,133.0213940940701,129.0590019539226,72,106.073
90300,299.3273746727816,106.95702435960642,118.57151052044783,110.46867151772359,65,106.214
90400,355.6709705836294,122.10265198485372,126.72629593111634,124.63467756957219,70,106.377
90500,365.8196717198705,126.14007123273309,132.32916483523684,132.18111870700662,72,100.083
90600,315.6195937884481,115.03019218617497,127.50454104707323,121.68948012738798,70,106.359
90700,337.2313865145428,125.35739088469731,136.04495469728067,124.95185637367726,73,100.739
90800,277.11286302417665,94.67606103610593,114.50398289980764,103.57679788570528,64,112.223
90900,230.1411354228342,93.4652104161181,101.94432400197068,105.21500227785425,63,108.122
91000,313.8590390073448,104.40140361995336,116.4264295578613,114.83545914724684,67,112.206
91100,359.7749058760947,122.39852185793676,131.22660951999407,130.01960915340277,72,99.617
91200,348.8092471780062,128.59573097137837,134.04481336812086,134.202961055347,74,107.422
91300,351.82324912002616,123.08892908185192,131.26793595553033,132.64839109788764,74,104.268
91400,355.58521079171527,120.19870908330198,130.36521839791857,125.57251120040985,71,101.841
91500,306.3413625374302,97.51641209152186,118.6186275443282,121.5066967345309,67,106.781
91600,373.0301848833882,124.49440286186909,136.9465747236025,142.22000688885802,76,104.737
91700,342.9498473401384,125.28151722818573,135.3767413542854,135.0381749867083,72,100.61
91800,336.36731572840904,106.70358325406636,127.29500805525437,128.53946360026725,72,101.906
91900,384.7983276763322,137.68273136785263,134.9062403399582,135.02642389777915,76,104.722
92000,394.3721097974624,143.73527631661068,146.656789099885,144.35972326178324,79,106.505
92100,317.1417328904307,111.30006155576564,133.60517138679154,130.84147151776574,73,95.312
92200,363.1279563438459,124.32302690809328,132.23695520399636,132.05455494026899,74,105.328
92300,337.22854231064315,109.81218238975221,118.30549133006647,129.98884466300942,71,103.427
92400,423.67955707021474,147.43412735817014,157.3108368126921,154.9901122875362,83,102.535
92500,375.3646289355865,129.81455897864936,137.72067992004605,136.64066976218498,73,106.695
92600,354.2569814137077,127.17637920867428,134.93249183950667,131.31879395032792,72,105.431
92700,358.83100633048105,131.14653374591686,136.55146538482128,137.64175521636977,75,107.319
92800,366.47597450401923,130.2941232127628,132.4302809239621,136.90562756159693,73,101.785
92900,367.58621430310296,135.12813415833628,135.96953034666143,129.87258341650258,72,105.769
93000,349.39003503813854,123.59861825377604,127.62512285601304,123.30262891508863,71,106.765
93100,406.81868600077377,134.28332334135922,145.51001337428232,145.40845081126926,77,100.561
93200,369.9689875528764,129.60019286395823,143.11188599131717,130.85003419270578,75,99.716
93300,370.88013650108127,131.08527653282562,141.01587869492946,137.40606061990812,76,101.317
93400,354.87170823630635,120.35827984777544,135.99954445641225,137.88308114921557,74,99.313
93500,372.98701216139887,130.33384201151821,134.95912469383805,132.18581707086472,72,99.645
93600,383.40781893326107,139.9940206433697,149.00272356634653,148.61125745767168,78,95.178
93700,364.0327225658896,125.5514083156684,133.15039426488227,133.86844744864044,73,101.988
93800,312.53713504677893,116.58272948081235,117.82944082458715,117.26561793740939,67,101.137
93900,442.27761193203435,156.99910675206317,165.92395270271857,163.0556681138232,84,96.303
94000,398.86456830102077,145.92241616012242,151.35367846365926,149.39549960993642,79,99.777
94100,349.84022476610824,133.30558850493483,136.16378715891287,130.9331294204642,72,94.945
94200,396.28408431684926,145.833721649194,148.42062237314778,150.03300876334953,78,93.995
94300,348.5069644181996,115.97312771805768,127.5856039785887,124.02426629541904,71,99.258
94400,348.5860470574675,124.18428020171449,129.4421178492229,128.65035802128546,71,100.75
94500,387.72457014333145,132.4460904117249,145.02747116565064,143.91571956410155,76,100.805
94600,388.90593022184,136.2200506440113,136.97310623724076,135.68979288135327,75,101.031
94700,397.4750456893206,140.66944208521144,145.17223810931418,142.39412549720544,76,96.762
94800,379.35908934035234,136.90916668056894,142.2378664350729,135.85601799191622,74,99.303
94900,312.84041836864503,115.75715641688618,132.14802576558404,115.20315707618039,71,101.636
95000,390.4336855703265,148.143381948077,145.8653859210618,150.54518843597143,78,95.113
95100,332.18714784218514,124.56144831876807,127.79425425344498,118.6928648805293,67,101.31
95200,355.9015511902926,133.50942261985435,131.1866786803341,126.00597179873137,72,98.624
95300,297.78151659087956,115.62459400966073,115.76516028636165,115.6430319736196,66,100.704
95400,336.43475093685265,122.04778472706658,132.8681699161693,119.17776601759196,72,102.016
95500,400.4211263574085,142.62709805676917,145.09719514921727,142.30894643087174,77,98.778
95600,368.14805552583397,122.02526369119867,133.03043205242292,134.20708109482422,73,101.258
95700,431.2495146580413,148.03038762329246,154.01187045850608,153.795200945217,80,90.031
95800,451.9879973595616,161.47034442818665,165.65740260661377,159.33444254957917,85,95.214
95900,299.4789380630546,112.31273051235225,115.08420341636558,114.67953022099763,66,105.358
96000,292.77181023546297,117.05547187955483,119.79018101761285,129.26074411533884,70,96.953
96100,387.3770181234371,134.57980587494473,136.4840738464527,140.72175603723858,74,101.088
96200,336.34616396347565,110.71802342881455,120.64071091320847,123.82135155628643,70,106.113
96300,354.48517675338627,125.79068100546661,129.50848316667614,128.55133004932432,72,101.878
96400,303.39634599985686,121.84207599486791,119.14793416180152,129.53031819801984,71,103.349
96500,290.2736321201757,105.09870073951595,108.0224510243325,109.78882403059028,64,108.133
96600,284.88381195408977,106.23054749994722,105.34883136876785,101.50356893820272,62,107.778
96700,307.64012109636855,110.2360638060872,114.5535239277299,109.62825033253688,66,108.404
96800,234.26262597864633,94.31938019612626,98.67247182154675,102.9516721087576,58,111.591
96900,437.8173332695698,148.2576487813023,156.7485762940583,152.58371378075202,82,97.747
97000,319.08220924949944,117.78596088443179,121.12756497374261,114.70633502810693,69,103.858
97100,380.11067301037633,133.98971373432965,130.33817963222717,129.76486312794054,71,106.912
97200,225.13611448251973,86.66110010823428,86.16740927023844,87.67386326133882,57,114.366
97300,338.8840404001137,122.6079056030741,121.72020234013279,110.75299563528831,68,112.936
97400,250.23099365417954,87.49582410895593,95.59837772433833,81.97854060950611,58,115.774
97500,326.4598398244774,115.60025929939874,116.15662131696027,114.98865204591117,65,112.233
97600,289.66472705911673,105.04961466134401,102.80618650257622,99.96080256969586,62,114.263
97700,178.49656688198945,83.57799417033823,70.16915477934803,86.07958957850786,53,113.471
97800,261.92510223552904,117.4155490682572,106.72642117498687,118.70923535068538,65,101.962
97900,163.53118799421247,70.71091915384423,68.95539361966084,80.62299545677439,50,115.443
98000,315.56098131197547,109.8008719373016,113.43026669281745,117.61732100346276,66,112.61
98100,266.31272465123396,99.00294902453992,95.87366665266751,104.35236339541164,60,109.105
98200,171.6363678555789,67.69094305581179,74.82246946904701,65.1889525613335,52,119.737
98300,279.3722585022705,106.76368202648142,98.15621359447304,101.78575633116237,62,114.2
98400,304.9507068829158,112.97649572043494,111.0382346971148,115.51019423512489,67,107.943
98500,238.77202339467692,95.27643551780602,88.792683318966,92.17780784987494,60,113.542
98600,204.57976147620673,99.22475648068146,83.86243408431612,92.97423468708382,56,113.293
98700,218.25359574927177,84.38351750517035,78.93350300656661,91.02053936901164,57,113.096
98800,320.3320704667916,120.88949757947562,121.07958214358268,113.9093195708878,70,100.975
98900,277.21218395389303,102.87016445012816,105.4610610597159,112.05543332475997,64,108.442
99000,366.66305915409083,132.92338677649354,132.33531261615806,133.30272660470925,73,105.155
99100,338.8521387597885,119.95760172272269,123.7333109078071,128.87964460288697,73,102.663
99200,340.1932503920481,129.24047012931655,124.99392806363771,130.60449380958383,72,106.059
99300,399.1244508243866,140.32386034720085,142.99726413732205,140.6422434592368,76,95.069
99400,371.45631328339033,125.86999426824212,127.9983639866361,127.516843253363,72,102.303
99500,427.67908885450515,145.52626185332315,149.08325824128306,146.0667026529071,79,101.661
99600,309.52242653339977,110.8736618602709,108.94973305665981,118.26666317763967,67,112.182
99700,276.28414054581646,99.70423011057521,103.98736848562277,109.61074612106964,63,107.169
99800,333.70615619205563,121.14133633373865,127.80239569638564,133.10599513005883,72,101.579
99900,232.84066590657767,92.24209234333071,103.76423003475767,93.97770400545068,60,108.233
100000,246.2903444976756,93.42642241429908,88.42598721511393,97.20950475007088,59,111.7
