100,-40.700503147086245,37.44647444750526,62.0080773975629,38.53557169582401,41,26.883
200,-48.56721644675651,33.08114909465617,60.57912482790506,33.447623850591555,41,25.808
300,9.770320604474955,64.58854445618765,66.27683270189733,46.208261562575665,44,24.398
400,-174.27589323816798,9.42314033193582,20.22391996706063,-3.707133167768471,28,27.347
500,-28.518824768490354,38.918225382697436,56.44967458833655,38.91288778467519,41,26.272
600,-112.50740683320224,27.76705448802102,56.038739708782906,24.70457528548461,39,25.27
700,-289.7408659604531,-9.606656775315864,17.005872546944637,-13.979230953710719,24,27.621
800,-105.83104590653535,31.02313871796233,54.91121098735241,38.650768962240306,38,25.515
900,-274.17918150157516,6.892584745781945,26.008323140638204,11.584141742356655,29,26.716
1000,-80.49199457083691,24.782821770396723,53.30667010024685,42.269274772926494,38,25.714
1100,-189.27075897089642,15.422943268149147,32.41303703881224,-6.359992306944232,28,26.802
1200,-95.63857672928276,38.14755264667465,59.520421004437814,41.3176061813324,42,26.153
1300,-153.69256659358797,11.141487253450984,31.118596251752045,19.77072449283209,28,26.923
1400,-150.893676639055,7.37298626552752,31.62313682383555,19.535025787417243,32,37.713
1500,-81.28699949445041,21.554590321261063,16.23361110186355,23.124817290895862,31,37.871
1600,-120.72449337730248,0.18998167348338882,8.036779374157156,1.008143786946801,25,41.926
1700,-126.61150122732539,-14.806152056746074,1.1510155294460118,-6.9288378323719,25,41.536
1800,-79.45911284338685,-14.937360784690375,5.931925042596642,-7.598935232476177,22,42.644
1900,-39.29464985621532,-2.535451839726538,11.13715519077678,-5.943458408740156,24,41.332
2000,14.057001837736305,16.692826982263657,29.350046544634296,36.208094820449574,35,40.214
2100,-105.44990669414989,-20.878138067456483,9.882570945487414,-1.0975604868101767,24,40.489
2200,-113.1384631827112,-30.686948719649752,-1.9733386864690714,1.0457339301112845,24,42.046
2300,-139.26699037529244,-30.124314959245176,-10.80992910601728,-26.369673680949376,17,42.776
2400,-26.16970938393469,-17.185222926685174,15.108989449890712,15.915961341645213,29,40.89
2500,-117.5875814825999,-37.74224915324927,6.029720948439917,3.139900515508109,24,41.932
2600,-113.68461435364983,-23.059002952436714,-4.311098841492077,-18.938084633662193,20,42.58
2700,-126.6790567308899,-11.912891042624146,-20.410909672682905,-16.907240779246926,22,43.311
2800,-115.22289843672081,-18.216090839243513,-32.13550286599885,-11.981892306937228,18,42.807
2900,-179.83869605467015,-38.0126778507845,-82.61604089093977,-17.05250381709237,14,43.989
3000,-206.0209624249945,-33.863805521461245,-59.99229706987754,-22.66522103987683,9,44.096
3100,-146.82033294592213,-13.595590162188152,-28.444229112913717,-5.636658969842164,21,41.61
3200,-198.80139126989963,-29.408001128218626,-46.98148900584677,-12.12498829519031,15,41.038
3300,-172.22668047052036,-17.43567201258562,-51.790468705030726,-11.467768001554692,10,41.09
3400,-240.49262790053135,-28.786487242162288,-24.16072077979502,-4.573063172887396,14,40.503
3500,-208.05755180924535,-27.893341426629615,-27.358204522173455,-5.594006822365295,16,42.055
3600,-154.44243889238697,-3.3281145277543396,-32.092105139939456,3.5231668435847117,22,41.354
3700,-191.80792902221495,-13.885738742182445,-21.58983866968672,-22.3653802353799,19,41.912
3800,-301.8240476239912,-29.70457816637255,-67.50784425324983,-25.94951355355796,9,42.018
3900,-239.33724517899165,-33.72457895269873,-50.759036003850696,-24.879438677593203,11,42.568
4000,-191.37058410931627,-26.29700506617706,-51.755923112445906,-21.31206702223774,13,41.094
4100,-118.73132917623809,-1.8325151424909651,-8.953054485319152,7.251213107092821,22,40.023
4200,-107.66830088029266,-16.78667723355222,-39.968891330817875,-2.2184971909484084,20,41.524
4300,-147.10879843878905,-23.093671326577006,-39.31982741687736,-9.226777421826965,19,42.685
4400,-128.41140768485135,-23.068932041822688,-37.65789861745055,-9.812949026400053,16,43.113
4500,-146.38567622987935,-19.121066645395956,-16.554798734296625,-11.288268444215548,17,41.624
4600,-108.50017891463436,-2.1767938482840994,-16.474768224828818,-17.50501953109155,19,41.731
4700,-202.06720763439108,-40.82115135793786,-36.248544258742214,-14.137909012493195,12,41.578
4800,-69.24597024070118,0.02389445077884787,4.8967276499130925,11.653320169396109,24,41.358
4900,-119.99991900359632,-9.133912514613824,-0.7370259110537052,7.775557162484494,22,40.798
5000,-80.52484304700491,-5.379496961555374,5.350590779889957,-3.07605817484539,23,40.706
5100,-63.4421103040033,14.12271020121814,6.867243240450747,14.05049239962047,28,40.372
5200,-7.620115444600668,11.645490925057945,30.335606537684683,15.623161696545983,32,41.576
5300,-26.175219790932132,4.157397610117198,-0.27472770378273387,11.704444547699111,29,40.374
5400,7.3762775101647104,25.565537503621023,24.86431408868721,9.758235804982233,32,39.985
5500,-123.18541457416438,-3.1868600936660276,19.055672325958017,-8.028602901533372,26,42.093
5600,-88.79763702080604,3.248627468107038,-4.877890034666319,-8.99754284240409,24,42.84
5700,-117.96297389407192,-16.27200885578625,-1.8450466639506453,-29.54016452402734,19,43.154
5800,-29.82410218635175,21.79519065523935,16.73685501441835,8.627313596888818,30,38.664
5900,-68.29469638964838,-4.99457511991748,21.340262388917285,-3.7135881073112285,29,41.609
6000,-50.619376994172434,-6.637323289415738,20.749249856299002,12.081728158235235,29,41.011
6100,-92.04688959345323,10.530698746207891,10.609330604049523,3.164080886618557,23,39.712
6200,-56.155987396326374,10.205213684368152,19.40780328946458,13.11615309702896,29,40.274
6300,48.277586091378815,42.28278913595491,49.60252590618149,33.70612223696312,42,39.713
6400,-59.15564319744224,2.2825828220457067,12.067370598307606,-9.75288437219199,26,41.242
6500,-54.66791598195053,7.859234207627697,10.630322641798687,-14.232544368252217,26,42.21
6600,-66.26253129118103,15.391816381906512,20.21854431521799,14.370948895481707,29,41.59
6700,-19.048184842407917,17.371271779480423,36.520773683509766,32.1662952307104,35,42.007
6800,-94.5740561263375,-6.670333566302955,27.940264819978943,11.794216019662695,29,41.755
6900,-50.65857846138306,-3.533477118741486,13.401957412672678,-10.09230902080427,24,43.574
7000,4.691816739357746,19.17885408409419,16.399395156687337,20.185003180953082,31,41.147
7100,-49.26390932223624,2.416085817358041,15.524224062012076,12.223262884606077,29,41.068
7200,40.01360741474138,20.05291342944842,43.75040606341556,35.292433275037,37,40.909
7300,-56.89885504199748,4.402627641655715,26.62065243228541,11.02435300357594,31,41.607
7400,-50.45196999887389,28.26004142574704,36.53125152749061,30.022373252009633,35,39.235
7500,-92.47929520862478,2.0858118970461446,10.389928220141735,4.35569177509494,28,42.694
7600,15.993934958052364,26.535340420515464,35.01959187109619,17.468242783895253,34,41.408
7700,-60.434082626581265,11.440238302243822,15.320055731608113,-4.186768352040406,28,43.747
7800,-38.01422941691519,19.08217999041367,29.616520787088085,8.184816217431024,36,42.127
7900,-3.6491420108842374,31.9540325257251,40.122702568409686,15.726947751486058,38,42.039
8000,-21.39455653958074,33.31313306857907,39.84476770806919,5.927593822010625,35,41.145
8100,6.46053259972082,28.84693252489188,30.65061029529793,0.04796357837034904,34,42.31
8200,-50.55895686673222,22.99758982626223,22.91049329498064,9.613559082448393,32,41.452
8300,-278.72110050950465,16.44761750276918,-3.131884913402024,7.143257664096291,20,37.473
8400,-48.415562049265255,19.472497194850433,27.87104519475206,15.2588461814757,33,42.073
8500,-18.251775847895004,28.25377212470878,36.45723043950986,25.530729717308763,40,41.274
8600,87.0098985981792,42.24205464326306,51.20741986173198,42.29916132092997,41,41.098
8700,-36.087888573062855,26.67845525785205,47.98135382162875,16.831914295312103,38,40.34
8800,-153.48069776676786,-2.0000525059963277,8.935983604593634,2.7400985201582158,24,41.357
8900,-192.0548778197329,-21.49378014931826,5.119751502948216,-17.259164350818306,22,42.934
9000,-117.98794554462778,6.8216512359449135,41.10798618124192,25.154240343275582,33,39.5
9100,-158.44219529032824,25.991641298554097,25.224481784829223,20.91362309770626,30,35.697
9200,-154.95446219276258,14.831951212617646,23.26135915593644,0.4347139040270659,29,41.441
9300,6.172186528856105,54.90454269397192,48.70807641685695,24.794984835677557,43,39.069
9400,127.33020329019006,70.72415437944268,73.97247778401047,59.75993733166619,52,39.42
9500,-26.688496323847332,42.828901585727365,49.075452472915174,24.225128087927857,42,39.413
9600,33.0482942530243,44.982425441548656,54.509760792810376,38.100521948812144,41,39.735
9700,105.27190625950054,62.836457797863076,74.09249444082428,51.17422223868324,48,39.114
9800,22.164522012069423,47.69365553515659,56.15808516431341,50.4354252766619,42,38.365
9900,73.02941463281924,62.08645393748201,85.76132393998827,74.66021878597897,54,38.515
10000,32.373940769341914,49.36080936345279,57.02369922071642,52.052657566350575,46,40.721
10100,22.918467145365856,53.05459272994972,75.7576742677545,55.68762823649577,45,36.666
10200,71.06755084453705,37.71343492529481,73.8863129404163,69.31723900173974,48,41.517
10300,-82.36636769789324,15.989530766717971,39.49797340268216,20.879009830200854,35,39.499
10400,-53.62745208692309,28.69324356077639,47.26080950779579,38.01755754150745,37,38.451
10500,28.572818607890746,36.32070112101676,54.12089907841823,40.57025713407452,39,40.827
10600,-18.36502968540346,15.250033211432957,36.034849898842246,31.003682976241034,33,41.61
10700,40.31505492231407,37.512130281462184,66.65397799065346,47.87780839106471,45,37.67
10800,-42.083425650295695,35.675501245029984,70.62887312705556,53.85501540916718,51,41.188
10900,-16.299904210739655,28.81553427513272,71.4299196611263,67.71401291130073,48,39.244
11000,-197.09792502618313,-13.69416127607824,51.01872140043145,49.43117451075304,39,40.134
11100,-276.05046465386766,-23.10342436448819,45.04413671963397,44.21189206202464,36,39.868
11200,-244.2197471866947,-0.29672533162284465,59.78378975528651,61.453435947777606,42,38.68
11300,60.70336832036257,52.871706632723644,75.22025863148797,66.80482896520726,49,37.517
11400,206.52259460222,77.35747938405581,88.02190350816825,88.37668032663801,56,37.227
11500,108.78120378738393,50.06057401684451,73.83331343719911,64.83632008302425,45,37.14
11600,99.46922534698504,47.01185866771528,54.782768079901814,58.11311811833434,41,38.56
11700,236.49541152011494,81.95791453307845,89.49668861567358,84.55337788711317,56,37.259
11800,263.3658300655971,93.2150011777333,99.71513599150212,95.9265346716616,60,37.938
11900,-6.6372020793056326,34.121271667131076,35.57660880073799,36.69556065690249,36,39.658
12000,28.85327320450666,42.96641259534612,35.339778452930986,43.64943833778871,38,38.7
12100,-17.902605770006573,34.07790010152026,35.952007266556286,34.50402633652226,35,38.717
12200,47.69549482452824,25.922609167306973,27.9193506291254,30.168531804583555,34,40.327
12300,50.083254643925855,23.370873409365128,39.2375305256928,30.841307357581027,34,37.91
12400,4.513404422453789,28.630054085085373,37.74977315374288,23.222178558322348,36,41.313
12500,17.91849150800952,40.13652916851165,46.445064376180206,27.438418840380674,37,39.257
12600,151.28374182018806,72.22317132861487,72.95083017772278,63.89505446958248,48,38.465
12700,130.35526145954407,79.0632704341108,78.06117320917738,75.69895090865619,52,37.0
12800,22.865150198565615,38.741689614136604,41.639499075017504,34.42231401006109,39,38.422
12900,176.14044775243966,83.89754671665916,80.25768584132807,80.53347397118979,53,36.928
13000,44.154280782192274,36.05672738360087,39.14224007394043,40.67228307134388,37,39.22
13100,116.29499437889254,55.916816783653374,67.12620227122378,56.515910329592614,46,40.094
13200,57.92024209691904,46.46910991840297,48.49650367683609,40.40051929216356,40,39.532
13300,285.36057387112106,92.88399403549006,101.70680220967452,94.57621353523186,60,36.005
13400,135.922539002296,56.436447609359135,57.61173687640694,55.472420859587075,45,39.576
13500,156.56592813419772,51.237858985536235,62.2244192067125,64.39346088476043,45,39.07
13600,133.42409832110476,41.33078837201293,52.92048474770231,63.148911618900364,44,38.86
13700,170.94626259783337,61.621015060129,69.06033003170529,76.08022312472393,50,38.41
13800,160.58147484985918,60.396038723325766,66.03992276847877,65.17349063207263,46,38.92
13900,182.92250315906765,66.80310063268149,61.86334136118913,67.27899211775994,46,39.948
14000,168.74055492290623,62.79057025156948,64.24786925984544,72.35195810462844,48,41.139
14100,121.74908826152713,40.44646165236278,50.43080362917363,51.97335705790131,41,40.661
14200,103.56413383530767,42.31577684585725,49.93637961834266,46.61902487297152,40,40.212
14300,235.84202047552375,85.06104657244285,88.39925901626852,87.4819876527968,55,39.111
14400,55.20889743556032,34.43503524181979,32.58899558957541,29.289124618613712,37,39.941
14500,73.83752429960296,48.98205932365271,46.054684935449195,55.6711539633741,41,39.216
14600,24.666831489787832,47.30000552980602,37.47953282351295,45.723732041787244,37,36.908
14700,189.1051130797131,74.48444715654227,73.95135590252409,84.92706783919684,53,38.543
14800,206.04004615174694,70.36241846830673,75.08498958756911,75.3201879582235,48,39.868
14900,161.4444184316638,59.61703362541254,59.427219335580105,63.405915924467465,44,39.464
15000,205.30012995154985,76.52488087926676,78.60645490040385,78.88243269320654,50,37.608
15100,177.29242724501057,73.73565996576764,70.242447853708,75.16503189166089,50,38.05
15200,216.4408320769886,84.08314148728732,81.61599838324098,76.97795257629029,53,39.639
15300,260.06131889296955,94.12146779795631,95.58169742843471,100.0140206330792,59,37.258
15400,167.43466674818075,65.5332592839123,61.0074346089758,72.46989729116507,50,39.926
15500,244.2569375866959,86.52489116936685,81.17225152244241,94.43980926572631,57,36.053
15600,234.49066878266322,79.98299530751578,81.1130167287483,91.60431024737132,55,37.916
15700,227.18066214824051,87.59386818953182,88.69752151782357,83.57285613932493,55,38.853
15800,221.49605797139702,81.10308112210333,82.9021380530792,84.8033095492516,53,36.605
15900,198.2510708146515,73.85813570056368,74.46823261922533,76.71230568011009,51,39.367
16000,150.39922059978034,56.06408122028951,59.998758532487024,57.500865148160536,44,39.249
16100,193.77779482951493,76.08035925280845,69.68594029819052,82.92561098023302,51,36.748
16200,237.2846810791498,79.47117314637711,82.51953722042235,82.99011714925757,55,38.219
16300,218.42136153628573,82.5018499675989,72.57367308927746,80.9608895515022,54,38.702
16400,197.68323695647823,76.31374635448832,67.48433077927781,77.48809459100664,53,37.857
16500,270.7304449911272,103.37240356075978,97.9816688811316,104.01676109151447,62,36.94
16600,181.73502777056237,74.13865179213711,57.03065032186725,75.6919887987069,50,40.091
16700,196.55134510872315,73.4733858837356,68.68303458387437,76.72120197680907,49,37.706
16800,192.33211294813427,75.74592375991287,72.47045605111444,76.54428887202097,50,40.001
16900,162.41759494488565,61.69220641404538,59.498847250444896,64.75141082675462,45,41.297
17000,288.6144995902463,108.15404004321073,99.07984903090937,97.02533264454316,63,37.592
17100,126.15865679591923,45.960676394713566,39.72521688367004,56.87521083359564,43,41.211
17200,185.377221854038,69.08914644808657,63.98242819219792,74.48481474659549,52,39.543
17300,245.7256803344786,98.78975427764864,83.87757298774704,91.67578974261033,59,37.635
17400,206.92980348395162,79.56868801995913,73.782034560914,81.2423958506318,54,38.601
17500,261.705506774747,93.8243314808277,94.76716116679401,94.0955099357289,59,37.535
17600,149.3044929268389,58.1496213641767,58.91319755913489,54.91805458630913,44,38.728
17700,154.75129517928465,59.915233207861,60.272335973350124,61.73122729780773,44,39.049
17800,146.54529976369105,51.337027920108866,53.06881047555697,64.75106505020976,44,39.268
17900,156.22909643901838,55.58068033660597,55.50493056301355,59.898518501992086,44,37.724
18000,177.83350799881507,73.11408919831383,56.58024679134863,82.50536055656436,51,38.067
18100,88.22108034461701,74.87766407018955,59.63782432688972,69.85276659286791,47,37.537
18200,123.37843396840515,71.08148923264191,65.82626969376135,70.63504462781405,47,37.243
18300,102.57488989535928,52.7510817084425,52.87159160069609,41.29333786042729,40,39.952
18400,174.06520261889438,84.57656176914729,74.18964110156331,85.99565370117328,51,36.593
18500,190.9875073127422,71.96572086248598,75.66737282668839,70.47281666560137,49,41.838
18600,95.14377823108502,47.69770836404356,44.02338760543026,49.27293949922809,38,38.696
18700,113.57621613124311,50.09986874690483,54.96448516164572,47.73535524534571,44,39.671
18800,142.47975382676768,72.30045948526525,56.31424632549313,66.0911185259727,47,37.474
18900,115.29355860947466,56.99453103009452,47.91356601433481,52.506971932668876,41,38.233
19000,218.08235823867165,85.01630652693035,80.72044924482931,77.97381034831416,55,37.981
19100,134.73375457631056,55.299259901286995,54.98836659330827,64.33610322207701,46,39.02
19200,179.92861449873203,76.04538065956207,74.16749288137905,77.0501474181209,52,37.365
19300,296.8388999114681,102.15906597470672,100.23699038439105,102.84708722400156,61,37.414
19400,171.92063715928566,67.83652946480318,61.96320830630919,66.16826967324239,47,38.274
19500,210.10452902955888,75.93637091632229,75.70287453932463,73.81514944298937,50,38.95
19600,167.0442923348943,71.4077067959328,64.04079801243036,65.369790800728,48,37.718
19700,210.40120867250513,83.63621095509325,76.96201837870039,83.05388660728978,53,37.357
19800,263.3875500035482,100.51363181241999,98.56753312526878,94.61583350159741,59,36.692
19900,196.7723889766399,81.88809456361038,75.57119800930936,79.3970434597542,51,36.588
20000,117.47990385416303,57.142138056489244,64.28858492594175,44.24770825269908,46,37.852
20100,267.5019936821116,102.28604205703455,91.96417753308448,98.08170385924599,61,37.08
20200,120.41859506656517,49.413997925341626,47.30433674425831,47.849713459434746,41,39.023
20300,81.56355859171555,45.19850642134604,32.568213455797846,44.15716759350689,38,38.155
20400,214.65514975541788,90.1525178622773,75.54430862970817,84.66028824581512,55,36.189
20500,129.36501901312454,55.51132498868473,36.002853130629084,48.670112222631,43,39.437
20600,140.5369363289951,60.51576842107472,54.88937975970239,60.20259019449243,47,39.707
20700,172.98583267982693,74.55308460219446,65.1337414713103,70.9113294655877,51,39.142
20800,208.22224326242392,84.77639552567403,83.29809474064446,82.14260933980837,53,38.29
20900,247.05987101095667,105.24662410855372,88.02437799298758,103.10610367977891,61,34.81
21000,189.90760914435847,76.53996654908809,69.97336211430569,83.97028974500674,51,39.8
21100,195.8744023674851,79.84453638612439,71.27951855462669,79.04720426292998,52,37.301
21200,178.50912554375608,71.93363073577206,75.42704560245448,72.25951348424877,51,37.5
21300,246.44086358502673,97.62613671497132,82.50061540112864,95.03523401872592,58,36.436
21400,125.31382966820249,68.89485894236819,55.94451685209063,62.33134541589837,47,39.36
21500,216.90834604592385,79.26113421941334,71.2298301870172,80.24572720180177,49,37.759
21600,218.58505543845163,86.79787498583246,75.15904895263715,78.54202325923995,53,38.855
21700,236.81238237710608,84.97690316767505,83.75675407628322,85.52098876228878,57,37.316
21800,216.56443198972337,86.30490875831428,86.03754831050608,94.4775129984256,56,36.717
21900,244.99021958545126,92.70771079321143,88.61000755840261,93.76101138343225,57,36.793
22000,150.19988599365692,60.39461143284858,68.57668696855168,62.38352571261064,46,37.559
22100,156.29315724041768,62.24119047232674,60.94567241793995,57.87345043911903,45,39.038
22200,225.53034580177504,80.72546510332016,89.75340721888105,81.52504772658898,55,37.44
22300,160.73185806589095,61.92294194432603,65.49617886798212,68.77849863161902,44,37.184
22400,164.2471455703701,65.27872551626864,62.631883891763415,71.64601544227122,45,37.077
22500,231.3206617514287,83.96252126429317,83.5569483665745,88.40260190343561,55,37.58
22600,265.14342735399214,98.10569152494172,97.20307202461805,101.80235598092172,61,36.158
22700,264.16201775213,96.1932912312101,93.96338147206205,94.5959413673682,59,35.905
22800,143.92195373219326,56.852550760808306,59.306815244846156,60.39470599568666,43,39.92
22900,264.887662367761,101.59750660005538,101.24388004251483,101.48279352011295,61,36.936
23000,340.01457849978743,120.94351151982217,121.16807881574283,125.32070468710229,70,37.231
23100,268.2665390949334,98.03127556608032,94.53350687962427,95.67765317548893,59,37.626
23200,259.54371174359875,93.76193888671558,94.57585219361103,89.9686425083887,58,36.509
23300,213.68483651433027,81.03840469928694,78.75021549647079,79.84753235768305,54,38.662
23400,232.48174980458904,84.97369019852964,83.44217120225956,79.75584865161403,55,36.137
23500,280.31625331631267,100.9436859790819,105.97561464934532,104.84588532061368,61,34.929
23600,296.73128963273876,114.23134597298383,110.00931187010453,104.94398487274164,64,34.939
23700,287.3339358719875,114.65493597842092,103.77949590129896,108.13092059470983,65,36.321
23800,259.70306318837976,89.98643655633641,98.06845171454138,99.27527294641314,59,35.501
23900,275.2209424498211,104.9494117323908,104.42704019912699,106.87359317597671,64,35.632
24000,260.1925115871137,99.8620837671545,103.97778515768407,94.73974647143285,62,36.639
24100,207.58767674053806,83.84498956903207,86.16973705152792,83.54575213795611,54,37.3
24200,274.6020486826358,98.48409281800885,99.3433878037275,95.15597665764854,59,38.042
24300,286.5322442168261,107.20652538115965,103.10375300561427,108.96467065176694,62,34.329
24400,234.3712844144372,94.38505281531344,93.63233956939158,94.9714588958609,57,35.295
24500,287.15119692391033,108.48805790046805,101.82471318707204,104.94917412874727,62,36.21
24600,277.4221907761658,99.05138085227118,104.20799456975777,105.07092175360198,61,36.303
24700,252.9225240714507,96.03234709378174,97.50423136229625,92.29722673957873,59,37.193
24800,310.70517926932655,110.1710250809658,108.47375087075568,110.08933624452644,63,35.335
24900,246.57119259079136,83.77496781989092,90.10245732313328,89.84486138872542,57,36.608
25000,320.6035571018291,115.19734794260961,110.0326147254581,112.73036920641108,68,35.279
25100,309.64064790225325,117.71321070240711,110.88286809635864,112.52937361319358,68,36.875
25200,230.71381774274403,83.75128193320684,85.77558271393218,81.9193583010991,56,36.303
25300,260.4590627038796,102.40233278942858,98.67815648602908,101.45851750451286,60,35.934
25400,232.40093168862714,97.78077980365686,84.67622108126902,88.8494470495084,60,35.872
25500,334.7365464073516,122.76892185225859,120.09117852558713,119.0500223530189,68,35.115
25600,244.23242994542386,94.24814084241585,95.67802391963224,85.93566667914087,57,36.816
25700,326.81485870371233,116.89153326309965,117.06943235201891,110.75012922307529,66,33.088
25800,228.4792947422932,95.62130815107236,84.80793047375506,89.01153885886177,57,36.763
25900,315.43527738657957,119.69332844634052,116.91843296199424,110.1160260162308,68,34.527
26000,311.08811247758604,113.57576595266976,115.70350230854139,115.81245997950242,64,34.411
26100,267.64754497821673,104.08508391313873,97.22553550303715,108.2032953159167,62,35.332
26200,207.10257543730128,78.61013043516283,82.48101249934702,82.05575662129007,55,38.362
26300,279.7221491206146,105.28449938378537,98.24027603370907,104.53980313745609,64,38.67
26400,282.0072000902074,105.56077854353654,103.84284159669708,99.16929773988393,64,37.349
26500,264.97960318076525,96.11275702481,95.92734494258964,96.01053280545688,57,36.665
26600,213.89731826337712,84.01787174520682,81.01586722116906,81.42168488376336,55,37.504
26700,338.30957441910834,120.08514924097344,117.0557957307388,116.08859845354428,67,35.646
26800,249.80223531183907,93.99844604465366,95.04378744572722,97.9863805146907,60,35.297
26900,348.51531031922735,122.42350922466467,126.61620362656802,115.81440504594133,70,34.999
27000,282.5173447930685,105.36692881170951,102.70786107929857,98.905266762505,63,36.595
27100,273.9056566087456,115.14375656712281,108.58084999030163,121.56585663253195,68,35.194
27200,227.66758996169665,93.68616363991731,89.16914960125267,96.88805370629333,61,35.583
27300,267.6188199171118,102.2677542983022,104.75031744635673,100.20576090036131,62,35.709
27400,255.7361569095136,95.23419026504297,94.59649672995887,97.07387482940452,59,36.22
27500,303.48710001349116,113.00337640595377,120.81901832045976,108.20757778348273,67,34.562
27600,277.61669466754614,94.68716269925629,97.00264088516401,93.8291876410157,57,35.435
27700,257.7818765664249,102.87361734494698,96.35595541670449,99.66562839725025,61,36.569
27800,349.4681626766049,122.65446359418748,118.6338113551778,121.25692550338543,69,34.465
27900,358.59920685195243,126.24692366841076,124.70492142520607,128.92779069852585,73,35.861
28000,317.481047571305,127.50363188958843,120.16740595805537,119.94064172749223,70,35.243
28100,326.8782739663723,119.8159229451057,108.21392493201083,113.11506824284257,68,34.898
28200,353.86848450053895,131.1736846659299,123.3332366803449,128.4766164536026,71,34.731
28300,272.8405442259304,110.65405033695768,91.58351528982661,101.25605834994894,63,37.211
28400,262.6038432976042,98.29258929513304,98.03868385803052,101.32841160011358,61,35.435
28500,306.2811780676461,120.41579962684823,104.47482277357804,117.45646282048014,66,36.39
28600,338.1910312480979,123.2262275703686,116.64834713664736,120.08197998582641,68,35.567
28700,298.07300962300434,110.04069863356506,104.3436070203453,111.06122924505877,65,34.327
28800,375.08120369483754,128.58200213950465,129.6587353437539,134.5458261567062,72,34.993
28900,293.4317032191886,113.91299348260222,111.56047672542343,113.50941282081723,64,34.889
29000,307.5716329342547,110.03218319492096,106.85183183470633,108.50433810553679,64,35.537
29100,367.4072331960476,124.63089367850063,124.03938055366677,132.37809540037094,72,36.439
29200,230.83683500066644,80.95920956018291,90.04658456765955,92.1175613485796,56,36.676
29300,245.6793758901526,99.22618445612889,93.90378394116024,99.77183153889526,60,36.814
29400,339.7631840102671,122.01439732453635,110.42000270090465,126.56311446410848,69,35.574
29500,334.61172285241815,116.30842855953708,122.08751497111658,114.06615440924385,68,33.454
29600,347.2284235649271,126.37027259398148,124.56372890815112,122.22895979588526,72,35.323
29700,220.39355237869134,94.95454602956441,88.06882110782627,97.83831774823743,58,36.899
29800,240.76306569859508,86.48081035659386,91.07430631527741,93.78655424277343,59,36.438
29900,376.97487576323687,132.18379348877406,132.20453197023798,130.23446078666467,73,33.616
30000,340.6117250239146,120.86511921623762,115.90408302253101,120.75316024855574,68,34.512
30100,341.85347840832515,125.87935543917267,121.61329581406322,121.71198578869638,70,34.724
30200,245.4671160930654,96.25306809210899,89.08524773283611,89.23949878992765,59,37.292
30300,254.59489577113055,94.5733858525234,90.14583002364208,96.37727327133145,59,36.4
30400,333.30830524530813,132.01886255044775,118.07800221812927,132.73563055591197,72,33.27
30500,201.26303562021482,79.6156710224407,76.14043468158157,82.71218296884489,53,37.138
30600,279.82947034229846,108.45976082783571,102.98150184014433,96.24794377330434,64,34.533
30700,276.6810699269124,98.65549486468235,99.23478195081861,94.87025152632263,61,35.43
30800,244.94408522007583,84.07538343028507,91.230122550254,96.4731795584004,62,37.085
30900,263.84737945965867,96.01645582964083,84.55566301529576,98.85298099023353,58,36.439
31000,275.046139941064,104.34140477767895,100.82052586886358,108.14099958589146,64,37.383
31100,192.83023766363135,77.18179796999615,64.47615813415187,73.87269598422748,52,36.665
31200,247.09754005300272,95.78886611562622,92.25560729526194,89.01245011953733,58,37.167
31300,234.2210656280642,92.50694518543678,85.72599366175874,93.65042142172484,59,37.271
31400,239.28332273532666,89.12115376668403,82.0258612669317,89.53640720525996,57,35.27
31500,231.02317363815425,102.05864149125208,95.0594433688484,86.41491590582234,58,35.634
31600,217.017949252082,88.57184138370653,73.50218017804423,69.518519056515,54,37.893
31700,236.98299908734663,86.99213301779058,80.23314303554648,82.47583167996177,56,39.364
31800,235.51112197390336,77.90671803236569,92.00480311661931,93.83109108254307,59,36.479
31900,218.71457702054548,78.2241638401191,83.64213380534135,73.03247102821345,55,38.427
32000,127.59708056728337,40.35225269841474,60.76996153967943,46.44150541582264,44,38.472
32100,182.51596835493612,58.69325139655604,72.00829459166565,71.13462201309159,48,36.114
32200,300.31092619732465,115.34948137840361,112.00849466417489,102.67037223640551,66,33.576
32300,255.60061226554822,96.58917223658973,92.07934898263854,91.49866545279612,60,35.809
32400,195.00967152986905,69.62901382011708,68.57013150183556,71.10431877733343,50,38.628
32500,198.5446840414657,81.67296984501336,73.00865182356704,74.24923744766983,53,37.103
32600,117.33055872865516,45.98883861865349,49.41652123707678,54.30191100596492,46,38.684
32700,202.72611813002808,86.94035926623859,71.58011245026523,84.50747176633982,57,37.046
32800,101.36502323312939,53.158428508205795,39.20645973225039,49.66984974259449,45,39.345
32900,156.310315376457,74.04038461102407,52.58440924809911,60.580843431929104,49,37.898
33000,90.21794727874844,51.33655284716821,48.58362397130175,30.141489579636286,42,37.844
33100,258.3869987083614,99.8848837813867,92.82642836199317,88.56440502551136,59,34.904
33200,267.9119297410364,102.1507522342598,82.50979137721875,98.47989187652038,60,35.426
33300,222.70816530543212,93.88730648179602,83.01341541047037,78.81419514258636,56,37.065
33400,231.94966656529704,89.31577741098089,84.15215038059989,86.00759818167697,56,37.054
33500,212.51558552105013,84.35542585645987,68.18938686951616,82.46525711143258,54,35.308
33600,262.88470806581483,108.69872614364704,93.14285065599255,90.75106461950398,63,33.964
33700,231.29821209300565,94.06752876752158,80.29205377253656,86.6324786336629,60,36.166
33800,243.98123624327948,98.44421421521375,83.52352837630036,78.188579487218,58,35.129
33900,254.8483295516449,101.75692338347616,89.8499801851964,94.97390264553866,60,35.329
34000,239.3367423683569,97.00594640749704,97.71018019807384,94.21936610305531,62,35.571
34100,291.7255132146242,105.90345198384875,95.6694777401538,101.45464036525736,63,35.592
34200,272.0156147642013,104.48473884652951,89.78736051938697,94.51315098711106,59,36.245
34300,163.49388220816488,67.62680371005426,55.32668161515555,67.83806134380215,49,37.908
34400,204.49825166119962,89.0212406814807,72.43138041839144,75.16444565009019,54,36.865
34500,259.0540783300178,99.85190151261921,87.54535335596641,93.79573417973023,60,34.269
34600,253.80996281917498,104.22173644094202,91.16815520584248,100.31660721340896,62,36.109
34700,160.01252891426452,76.435839153876,67.33103781315313,61.82766604309648,53,37.628
34800,232.72555043707413,91.994367049409,77.64471926989594,86.33750642205706,57,35.471
34900,111.98484180466359,55.29852253213713,53.568385679534515,43.81404184317025,44,38.692
35000,232.9270314481302,97.74628776689984,81.98960492533988,92.12348996488839,58,35.893
35100,115.76592707518127,68.42918825614132,46.06652923062636,55.77885655929574,48,37.094
35200,157.19294979696943,82.09886654325678,59.51817138910444,71.86852383618583,51,34.882
35300,180.71444895382484,81.08464896250275,49.91063577125946,69.14960127422228,51,37.233
35400,181.65044874363804,74.25761321811504,58.65679177385969,64.39601983134212,51,37.325
35500,229.71906148627656,88.90612293672346,83.06192919671307,87.47802861609465,58,35.141
35600,200.33127987400505,79.11052317308355,61.180734401803576,81.8794476516155,52,36.184
35700,215.26573387293914,91.45036102587042,79.90953722686403,77.40558091944281,56,36.93
35800,169.5457314761258,72.88155250379712,60.27776232832432,63.64485073915385,48,36.908
35900,185.7476612060084,68.73094100100208,71.86711405924693,66.57884931957686,51,37.983
36000,120.85532249177537,55.57028173729929,50.896582955398905,49.231949953371284,45,38.042
36100,227.21989156715762,104.99362074796845,86.06320381565385,103.67411977739732,62,35.706
36200,272.43980584740456,96.71105625844542,91.85806611354839,93.06161741912925,59,38.039
36300,244.14948663923744,97.23531234539347,85.17911075603776,91.22947819145313,59,35.793
36400,166.43343894664716,72.55344995779406,59.44646517023551,70.16636737347261,51,38.008
36500,207.5261785944927,85.59934163503893,80.70640032046454,71.09724475702009,53,35.825
36600,194.15740916654948,85.98902637507418,82.2492362673577,73.3493502178724,54,37.167
36700,192.51563518876293,84.35988847934297,65.9189351570185,81.04163282974902,56,35.652
36800,149.78845579035308,69.65131223527068,64.3326935612768,51.95956712208493,47,36.379
36900,175.97115489005856,79.9403421435748,60.46552042627523,72.1925300885601,55,37.598
37000,240.38303650623544,90.05969708275916,85.60232572159777,89.92619798745214,60,36.304
37100,286.1033912436715,116.45970932002336,109.59314643461806,103.51789043870708,66,34.794
37200,272.89377466754576,108.2104674042168,96.6403753360348,88.33698063625826,63,35.645
37300,286.2827593759594,104.52817055337215,97.72385651654851,96.5164323706928,60,35.305
37400,216.30230718945123,94.65668213649606,87.81398634940011,79.5285325102907,57,37.317
37500,274.12822833963014,98.05667751835097,103.30440624647893,94.44105839012015,61,35.359
37600,244.67262566566248,94.2083863061389,87.00875962636495,88.7173213010334,58,37.192
37700,260.1859562476788,103.01061320398414,100.00896241022376,101.10374381350135,64,35.97
37800,296.21474648134654,119.01700264533949,109.3270073792806,100.15386124874634,66,35.451
37900,316.87084962629456,115.74470562343915,105.49049859894326,106.03415301063251,66,33.74
38000,313.1657632500716,113.25960556784244,118.77338243787149,107.34533603202844,69,35.663
38100,327.629072487596,121.07370192592913,115.33309855363264,109.71381638108559,69,35.858
38200,346.80911852393774,125.74835235152504,116.38470001898396,122.63764321653564,70,35.038
38300,272.9972249038957,102.69426900200651,100.99030370968933,94.71353484511911,61,34.051
38400,274.68740236192457,110.32131115345135,94.52924367112861,103.76905794126134,66,35.591
38500,197.17442630185684,78.61815483874894,74.26942409555886,70.43113025250393,54,35.632
38600,302.40472594748013,116.94294456598655,99.86763365684601,102.08883894608822,65,36.386
38700,344.9665245313078,125.659228834065,122.07130712711479,119.99644816947789,70,34.303
38800,256.9409641625459,101.70648156575251,97.20550133339961,93.79311315962791,60,36.039
38900,275.0333091926959,103.09791360652629,93.96679908594214,105.35492146145087,63,35.106
39000,177.93157962558143,78.8410568043312,68.9809032204616,76.88028138204581,53,35.385
39100,258.8472314515142,98.6890259505052,90.42604024309016,94.9610933935158,61,36.019
39200,222.52785252637148,93.86068035184739,89.22133422285054,81.2510622401545,57,36.798
39300,303.03352594217284,118.87454422188601,112.83279636061201,115.86429572735807,68,33.438
39400,188.96763029779893,85.08138672656325,70.85301397553309,79.04546560573107,57,35.302
39500,259.05672031182274,103.41724080935377,98.31585473648141,90.52098563231768,62,33.969
39600,298.85862380877427,121.40215353173213,107.39698356232807,117.81077022665566,68,33.672
39700,318.12638197208685,108.13819150107918,118.36063955682171,111.77339515776683,69,35.673
39800,269.171687811509,107.95060323777042,103.49350811126293,103.88037324053859,63,33.695
39900,239.5130153851726,101.26182652027202,94.54403329081397,88.35419151623063,61,36.307
40000,327.0899778587204,119.81714853383176,115.37947803484057,111.70825525375548,68,34.52
40100,315.2229988276945,122.0097821027233,108.87775265047816,114.7037744296894,70,34.695
40200,293.9179435082541,111.6071913734638,110.46583768822912,106.57370136237068,65,35.383
40300,257.6324096438021,98.0051365997862,108.4350432532425,103.58874844636816,64,34.833
40400,246.0746896564825,98.3955234169802,92.01194006927909,93.97878178905408,62,35.889
40500,310.9164924598116,116.99078263917396,122.94503814670595,118.22806206036434,70,34.231
40600,236.80659745701539,96.00519070057608,88.4516135415497,90.42747043627664,59,35.569
40700,154.35962705669928,72.05560041299931,64.61470954142669,79.01126159055084,52,36.066
40800,116.55766788335649,70.92708946740058,67.58087796041954,65.61813893445213,50,36.188
40900,238.5199820281691,106.79844455053035,103.47741110019217,104.99190834723245,64,35.408
41000,287.459562462926,113.9201712437767,106.03503804457337,104.24305760717425,65,34.918
41100,315.45615733018514,116.33001457244893,116.33091995558405,108.28606318797036,66,32.858
41200,302.6956892946182,116.72194486667728,99.22867474299821,114.05789419212084,65,34.348
41300,273.0650582427954,106.17646002712297,99.26748828288964,107.15065800479317,60,34.406
41400,244.48133091305357,94.94452696500373,89.20468466613207,88.56778099342996,57,36.099
41500,341.15299521771306,120.41934455527286,123.08826196823064,122.26012699791914,69,33.16
41600,240.42940059353867,97.43321685368727,89.52551584453418,89.54559520710448,58,36.145
41700,323.46210720670877,124.59731035839623,117.61470164627384,112.16154293241947,70,33.229
41800,219.61225277569395,94.68860214435847,88.69297211991372,97.62238504070883,61,35.586
41900,218.99791624574675,96.4903200130957,84.00431681332137,89.23049805875807,57,33.837
42000,298.37517319047566,108.3796766216937,113.17677941806777,111.25556342506496,66,35.255
42100,328.991015596328,125.27661175822078,121.00576673646744,116.56926576437385,67,33.484
42200,301.7369324499392,120.71921102696005,106.35915938407052,111.88393767317288,67,33.241
42300,340.38233787027616,130.35040236140702,124.11333602618626,128.0737892796359,72,33.813
42400,297.6277603285856,109.52462763948105,106.6259012934417,106.20559879812565,64,33.487
42500,398.03902318466965,147.53805754555543,147.6773904515124,139.30821277728057,78,34.92
42600,226.37699824178839,105.90040005926863,96.9960982210389,98.20131034624573,60,33.462
42700,273.94316188508054,124.16406468012877,127.96408742781094,121.7756487172523,70,31.269
42800,137.15595469205874,80.44883418186492,81.0718127588394,80.99142542488633,52,33.19
42900,340.2880539980559,137.8964801734618,138.9639453518766,132.5808421713451,73,30.683
43000,262.33444331827565,119.69659730869604,120.03024141464286,123.51870891806637,65,31.268
43100,277.28639520032766,131.10444239636684,114.00705699797749,129.04281794665002,70,33.288
43200,379.5186330443882,147.26430759033755,146.51837591206214,145.84614805592037,78,30.62
43300,356.5931312504064,140.7063288635799,133.8492434729603,138.9377022441344,76,32.513
43400,352.2642466115687,140.07533092468935,134.82310951872222,143.25938582899408,76,31.333
43500,347.5919861860892,131.80287772895446,120.49591804232661,133.1171172671974,72,29.695
43600,308.70010554189923,117.74711351777206,119.5311097495673,124.65300211420798,69,33.646
43700,259.58905994741684,100.03492464330402,102.07265722383319,104.90414977974301,64,34.552
43800,341.5807525352268,131.14432603990434,122.93886754726414,124.19608441525419,71,32.625
43900,388.38312344842234,145.6782147416384,144.41625361537095,149.36995919004312,79,30.445
44000,412.38570802970537,150.19108002057567,150.99029126114496,155.35680431648103,79,31.575
44100,332.6838570307747,124.29890863270572,127.15675780340281,127.079064738792,70,33.351
44200,391.8876875078337,143.80241613917838,140.29628771611763,144.90558913996122,78,31.166
44300,368.3597246159097,135.71257547442167,144.70177530584752,140.39015318315637,75,30.55
44400,352.0403973027976,129.1970917828667,130.76219535400767,135.43083832572643,73,32.344
44500,360.3517187008984,130.19765211936092,131.26420036790137,126.86435202186853,73,32.788
44600,351.73972979691433,129.6831702093607,124.88141515626683,129.54486291082205,71,32.336
44700,208.17728048171972,89.14880496133097,89.85520478919815,87.52339634560947,59,36.768
44800,290.4435420745977,119.35202789852644,112.02639418403336,109.4075126670562,66,34.454
44900,324.5805991123908,120.7368561362081,122.50802069770258,116.02805932666128,68,32.585
45000,319.49263435805483,120.05983792121246,126.7065565471271,128.6361000299389,70,33.392
45100,356.96971149511825,130.4428945790169,131.55495593711123,134.55699705009877,73,31.665
45200,382.7185672348626,141.21877443557273,142.34809914169549,135.72116667961723,74,31.822
45300,427.82182803489604,155.10707359870756,149.26866606488224,153.12228653923202,79,31.53
45400,362.01005394329076,142.523062410404,136.45503832243847,148.30568935670493,78,31.435
45500,320.35853632184813,119.77708785279572,136.18101273425697,131.0634139302175,73,33.114
45600,335.10193116456526,127.03070622696923,126.84044367545532,127.573170457225,71,32.932
45700,354.9912141551119,130.889738836045,136.50595652848853,132.81639700724276,73,30.504
45800,380.85596148132254,142.0293095960597,140.8703504359495,148.3053730354166,76,31.549
45900,299.12920472204814,134.26389866597074,127.71976713937515,137.31341300671508,73,32.976
46000,378.93560647107734,136.32384183886205,147.5503286054451,144.38250327724617,78,30.074
46100,316.4132410778091,119.29564331312775,116.31756491123983,126.3320039243796,68,32.628
46200,342.34017044390043,129.2025402698108,131.31274911226393,132.38011709352085,71,32.128
46300,393.65735979012845,149.51435458287347,143.3637006599989,145.35833185548117,78,30.461
46400,302.5308242481291,111.84349236502939,123.2855478202486,115.04691573076974,64,31.196
46500,422.422512174774,148.56816581626393,149.71783038596934,144.33881176246425,80,33.2
46600,410.9078466711024,147.22777151247726,144.6880924416104,148.11186684214888,79,30.827
46700,338.96312879172393,129.98344589176503,129.92622083417547,127.19064294432148,70,33.156
46800,321.033883119381,124.31098084512487,123.38465909623088,120.38962400681298,72,32.001
46900,306.28259648563636,115.79637364780666,126.40305123152945,120.95585064061797,69,31.746
47000,331.7631956095455,132.13256188510712,139.9568550589203,136.6236652832321,72,28.355
47100,428.38709401831494,149.80878373911756,158.74710070074997,153.22450013219324,81,31.818
47200,354.57364246722585,135.29696371202877,136.32612986471062,132.65027799906122,72,31.08
47300,399.194941672538,144.1038627541099,146.98520294463887,146.9931186439992,79,31.288
47400,415.79166920842084,145.83747789384086,148.79044184299326,155.05842071095964,80,31.708
47500,341.91864082298815,122.66743007346591,130.1027848314944,131.89404554417612,73,30.882
47600,347.2181494944846,131.7599105418097,139.38652360092968,140.30076181110957,76,31.924
47700,373.113860177788,134.7130828127255,138.8886105515261,136.13629788748932,75,31.622
47800,436.35674488849634,155.52028817536313,162.06755935368042,154.9273439581309,83,31.463
47900,359.97705609661404,139.83395391815992,134.2789224106512,139.28364537898267,76,31.964
48000,412.6133446366158,156.57629413951682,145.52836935699128,154.75844385810143,82,33.211
48100,391.2004813693646,137.1034539909786,137.13782450279984,142.084344421837,75,31.276
48200,332.1807955826464,124.74640720102077,120.96576071000113,123.96983380558763,70,31.955
48300,442.3125323877074,154.66015802046823,161.88974130592388,160.83124397926346,82,32.923
48400,439.84129708836866,156.24802461686326,157.04830819691202,155.39538803446416,81,32.145
48500,352.7358156366762,129.75290818052417,127.0998617064315,130.12951744553098,70,29.778
48600,342.82197956763065,136.37909813558983,129.44120830314688,136.33134588177904,74,31.003
48700,309.3064596208012,122.13334702227603,116.10610817049864,122.55901417288625,69,32.134
48800,371.4015657123231,122.6134110438623,134.919767232155,133.17241348987943,72,31.585
48900,389.8232405841321,136.16960928872538,132.07898024308764,141.268688467926,75,31.178
49000,438.81012983567166,160.01148903481607,149.44719606310562,157.9676650444841,82,33.115
49100,337.3510759524407,128.37558076705932,123.85084862386448,129.28157883338147,71,31.058
49200,367.3503450335189,142.3948658201349,137.50822547123528,137.42831093402614,77,31.049
49300,372.36377466810364,145.13099893708616,137.14876985093343,140.81225288858744,76,32.381
49400,276.44646949188046,119.23798011049422,111.95860819764923,118.09898272148432,66,31.846
49500,357.55147860915366,133.5575444439136,132.67845682378686,134.65214220551275,74,32.153
49600,316.83427168413914,117.08913010342239,123.83302067590452,123.11209090975264,69,33.051
49700,381.5459125486271,139.42119338771022,141.0999040130268,142.80066020320933,77,32.254
49800,356.5246756826793,132.5821281915167,133.4771035948992,131.02054754645198,72,31.455
49900,317.37088581157514,125.2670295647529,123.24314749658527,121.0953648828642,69,31.109
50000,387.51374796492,148.59765849168437,142.53624213188297,136.95840933002083,78,29.739
50100,341.5667415620183,129.26791634630374,131.5334105919146,140.65006192099315,76,31.91
50200,299.58405907655947,107.05121730611407,113.92125196016278,112.3615538786033,63,32.14
50300,259.38491651146165,112.4601220880477,109.47941965073603,115.74493305687528,64,33.084
50400,251.55803092333903,111.31879978575255,112.76368851641291,112.65738370154466,65,32.216
50500,285.5797167375589,109.85678110705624,103.11133797620442,102.45698135592743,64,32.954
50600,275.474092564582,109.59193620168634,110.73949356482126,116.76908541556388,66,31.458
50700,337.6611487983732,119.34068688613284,126.28345069030189,129.2716324374829,71,31.759
50800,294.4221696996512,117.55582825553323,112.72823420118102,113.16810436088561,68,32.757
50900,264.7560394912844,108.13683412869936,103.8590687993486,107.11270955835369,65,31.402
51000,341.5018359230907,127.21730567134715,122.04455517336211,128.74549454746747,70,32.323
51100,315.11115811074495,114.41135614434899,105.18592975510137,118.1751535480745,67,32.869
51200,339.6943071687578,136.16101729754348,125.40923368685353,144.1377416781857,76,31.702
51300,282.251236435267,116.48839928038379,111.151019653779,114.27180697551348,67,33.427
51400,333.7596962046038,137.2459289987131,129.07346271292354,130.06296118452772,73,31.773
51500,151.00033654956206,82.78333402530741,69.01550481104006,80.76052191582396,55,35.202
51600,357.2394044063832,133.57433157651397,130.87497016227994,129.81568072991678,73,29.814
51700,310.24495317172864,119.82739007725168,119.41743531527982,103.37697868205764,67,31.286
51800,368.68412566059953,135.4013506980094,136.22984924564838,131.57295408865247,75,32.073
51900,323.78970054152467,127.55214405651904,124.3324455080435,119.9017606466393,70,31.272
52000,272.4106666366199,104.26187946887109,104.09062330563997,98.92630894280222,62,34.671
52100,200.55490373376722,90.38824261087902,86.01923044171878,96.54768193782162,59,33.431
52200,320.59218276829154,125.42544307843991,117.32871476517721,118.68139287150734,67,31.518
52300,289.98083541112595,113.880829197956,113.59973278256444,115.31940188234975,67,32.783
52400,313.9075344954826,131.973774774252,127.22703303141269,125.95939083570822,71,29.5
52500,412.09817009917214,145.02047834636633,148.1235667083084,148.51269421328428,77,29.731
52600,332.49513998155845,112.40152025338186,123.1546344847341,124.56757476049788,70,32.609
52700,414.2939609117229,143.59945672069506,144.84535469547316,139.61701003655432,77,30.599
52800,382.5749695195042,132.3624159456559,135.70180210041661,133.83554085474415,76,29.536
52900,304.54971996412866,111.00575215647166,118.42177343412556,117.68529637768994,65,31.825
53000,364.734414724301,127.73073284657931,127.9546575052548,125.49342951212317,71,31.927
53100,294.6065745628965,113.86395711368237,111.1928048547356,107.22988294758153,67,32.228
53200,295.4086407474113,115.169641089824,112.49313076492835,104.04676418166255,65,33.931
53300,328.8221593376167,127.25377676656572,124.22333826379185,120.86477366031508,71,31.836
53400,272.27449043110045,108.78119343659392,97.68265614615147,101.05581497713266,63,35.722
53500,371.052941220224,134.84227458689668,137.51752636708414,133.382361385116,74,30.731
53600,272.86958862461904,104.12233674256504,105.74020932356935,97.49520490403677,61,34.509
53700,374.7791765383798,136.7031222050354,132.60854761402763,128.78944573475283,74,30.996
53800,223.4922901239929,90.59173123706626,84.10447148629827,93.7049613728741,57,34.274
53900,255.49980865264754,110.09242195784483,107.68525917635236,103.82571629452876,61,32.589
54000,323.7669758221343,119.86351387009546,114.52901288109541,112.31423916787794,67,32.578
54100,290.1627231927478,113.40609498724405,105.10498388773058,109.2035950971752,65,32.619
54200,265.1076285662414,102.7177854708506,106.57679206789653,108.00893358757243,63,32.453
54300,385.17325553347894,138.16889344471932,140.1222859834816,129.92738713177727,75,29.371
54400,321.24338016819934,121.21345524685778,122.43903892168657,129.34338668315428,70,32.069
54500,359.6167006646636,131.23632574359323,139.1723428537793,137.00228626829562,76,31.948
54600,365.6123341019565,131.8419838191735,141.73689744119372,143.25217233604153,76,31.208
54700,347.1893227650975,124.21808882344412,132.4681537394452,129.92004559383736,73,31.601
54800,388.6592581205694,134.07853870898592,139.9557410929168,133.72212360676818,75,30.233
54900,411.04136214613607,147.76626953675114,151.29564182307845,141.81045267294036,79,30.275
55000,257.74249972509534,99.73691020618648,103.90343866451899,99.49199177841484,64,31.586
55100,369.472588788832,140.548467412683,140.73099096833351,139.1883174492341,77,30.39
55200,470.9072845094257,167.4566897475126,159.99870525114295,162.94481334260368,86,31.561
55300,318.0793219835374,130.0135057158686,124.30547269558794,120.88539276505836,71,31.799
55400,299.8597471407986,112.47012804400458,108.68992050967115,113.72854632047333,66,32.367
55500,286.5641299692578,111.47789653134726,110.97979376694482,116.5461611811072,65,32.53
55600,353.71804383652386,130.48973116138657,130.8991813880486,126.63463794173049,71,30.924
55700,335.5895590487679,125.18142587196488,130.71471065771914,133.03752058656855,73,32.305
55800,309.9344279870948,122.08970936150209,124.26098973968581,116.28967047180699,69,32.81
55900,379.87351660077235,130.50262352212428,134.73346077517573,135.33072770916147,74,32.389
56000,391.16296725924343,144.00706343036728,140.88596282554587,135.45276646550147,75,29.584
56100,344.60790642164994,133.9883858648732,132.5061577695359,137.8421311288522,73,29.409
56200,378.79062690985245,131.45150125707053,140.7019542123144,136.17274601656877,74,31.458
56300,351.7940398750684,129.5382778899251,131.85853123909112,123.88081918433971,69,32.406
56400,307.04811472996977,112.88189755525667,121.77284459237488,109.58544630808045,66,32.436
56500,375.7102628619944,141.11929289065256,138.6321848019577,136.31271615686478,74,29.526
56600,336.8387009920555,129.86604238187326,124.95415908114836,129.9176864064888,71,30.862
56700,314.5527818117426,126.12042093280425,130.52904935773748,129.24351848001842,72,31.307
56800,270.42303124165994,103.35040955895143,110.80358094993004,109.97537917615291,64,30.797
56900,326.1480041703365,127.38710074908263,130.45055082770224,130.02396669216262,70,31.03
57000,364.22398801675195,136.7250284753391,134.2859555681199,128.91464014554305,75,31.383
57100,375.229766026941,137.4595047973993,136.78342952479716,133.02124247377245,74,30.379
57200,307.57374281851475,116.70836467332786,115.3084738098276,116.34089551885225,68,33.245
57300,359.66046462452925,125.34212095311347,132.29667804409945,128.64166956237713,70,31.272
57400,369.9367998820085,136.88728098433864,133.10330585167188,142.91620093821675,75,31.457
57500,375.736058182905,141.30383571613044,136.37539309429962,137.77959142053223,74,30.673
57600,335.75678756515276,133.30958823164028,130.1925092318956,124.48321098628354,71,31.387
57700,379.4193120524449,139.20248997524422,140.8360205802694,125.29905053276869,75,30.522
57800,329.28355572582177,124.56705647323977,135.14618669239667,120.55075534323606,70,30.533
57900,300.9097469100569,109.94434999425732,113.90980668192755,110.59167349168663,66,31.654
58000,340.44632613453535,123.33731210420696,130.92908058558737,122.24803885330753,71,31.363
58100,293.9672094573772,123.94310237963167,120.9462794473927,116.8117144240999,68,31.105
58200,159.79234399254025,72.0787986092347,96.99651366441009,88.77073477710655,56,31.687
58300,441.12587555523504,154.8197430540765,149.51465866735055,154.72733743091393,82,31.251
58400,285.8548581026808,114.87516311374112,116.32900742701693,110.02131878333266,65,32.49
58500,307.7684530046399,116.34862238584277,120.37383570083074,112.82152721749797,68,34.178
58600,281.43490444760084,114.16189395496887,125.77221360570645,117.94783933134497,70,33.411
58700,340.3147559662481,128.8867415911448,132.12676390206877,132.6507406102319,73,32.231
58800,335.29847239696335,129.63571395634636,128.48918145476665,125.00809562858103,69,30.185
58900,339.6991085861328,130.1014657876889,117.32772261554373,127.59973799132236,69,30.602
59000,377.8112776208249,140.05455092350766,136.4172934879685,117.77760514911701,74,32.594
59100,375.93122590056504,138.08716997820514,140.73449397234887,129.0167008072205,74,28.631
59200,369.3427657547374,133.10947668444837,134.12853214003755,124.95568231226962,73,31.671
59300,376.47307695728966,141.49491778435137,135.8853289793163,127.62769979614383,75,31.647
59400,371.2963088544617,140.32213418806307,139.27760236738695,131.56276392135953,76,31.463
59500,391.5865792902584,141.68560825699007,133.77274814008172,135.85413785516977,77,33.61
59600,262.51840207469763,113.99556858348778,105.40897927794393,107.49995005987559,65,33.214
59700,370.8380154898059,137.58574848720622,133.45786453502444,136.68582637420081,74,31.758
59800,344.94785018264184,130.57954918427873,124.57685777249065,123.22507417135098,70,32.505
59900,346.454337945974,127.99954411497764,123.9461371982351,129.5441985187194,71,33.557
60000,348.3750346884272,129.97221990964957,122.37844714484325,125.57953718661683,72,34.886
60100,353.3695060708716,128.74944008872876,122.90180973330607,125.42804719081356,70,33.388
60200,286.5811446529651,109.81736240141005,109.38529250786699,106.32367731329877,64,32.482
60300,376.85893712475473,133.82871676984382,131.14520652475764,128.43732606734,75,33.679
60400,317.4409846414481,117.42479033773107,107.72075138402403,110.4181438774616,67,34.644
60500,385.2150020335069,127.38504177457791,130.71215260960673,134.37136449103775,74,32.56
60600,414.59787873529103,153.21216435459547,148.94639023848117,144.57997096780161,79,32.257
60700,408.568207962953,154.2125379889117,138.47961764643537,153.41438602814603,80,34.396
60800,341.7237696580778,128.7860805981783,121.25470735996053,127.7719340490276,71,33.611
60900,304.7601518501416,121.09586181725601,102.80814926834843,117.19038954207714,66,33.426
61000,266.84139820193997,105.38635288423784,89.15713628224972,104.70163952889222,64,35.278
61100,299.97067663591423,130.71269779785737,106.13432217964937,127.57666321938328,72,36.426
61200,269.73243503160484,116.05485274274827,91.05634895665436,108.95496255376487,64,34.281
61300,306.3871325094499,121.52813085588481,107.59800800328287,113.765981473168,67,33.831
61400,202.2065588039339,90.11701520672196,63.17823310844346,80.96482687170732,55,36.094
61500,392.10964173734084,146.23666406342124,137.63827508816792,130.34475496333297,77,32.068
61600,380.6600378958782,142.69111818068006,139.74092034407556,141.3962902148616,78,33.622
61700,302.8495585534575,121.29128986273513,95.9574389303778,121.80039413848753,68,35.268
61800,301.74282578964255,117.50080837116113,102.07214165202952,111.84245274715866,68,35.271
61900,329.96101845615306,128.65114758073852,112.06147129052655,125.89593377322726,70,35.394
62000,394.4513028030045,149.62329926812382,129.00850009345913,138.73043549423616,77,33.083
62100,310.1301963469807,122.5392891753165,99.77709848653011,120.89569563826657,67,33.429
62200,329.27066043899947,122.30196367326558,101.87319759239186,125.8267847499091,69,33.533
62300,273.54905831062314,110.77516523544662,92.62924439781963,97.83411683106843,63,34.345
62400,357.3292165515935,132.8631853821104,117.53837962734882,122.5135660749325,73,33.72
62500,296.89869446100425,117.97703873769714,101.52997216668358,114.39045132895082,65,35.734
62600,341.3050759538953,135.03343488074904,111.01759934419285,125.9774358114398,70,32.602
62700,271.1602833019787,106.00736942479307,84.90586925462893,102.65611168698487,61,36.477
62800,265.16292982428405,108.74558078312366,89.98665364065133,93.42718158515265,63,33.631
62900,376.8679280175623,138.28912559329137,121.72887168657806,135.23956417686333,75,33.708
63000,208.2609115844429,95.75379838429029,68.59965907290685,90.7771974593899,57,35.697
63100,266.78821108933846,107.72086075423117,83.28759795871922,101.81717373048792,62,34.281
63200,294.631039734217,123.6374010266749,98.5988239903476,115.55018242824313,68,34.391
63300,257.3907903357042,113.75020806141889,95.84905898154791,96.12744586276916,65,35.187
63400,232.99818141400453,115.4600576679978,90.20483827313484,104.53558842547423,66,35.61
63500,210.22635461951938,91.58436698770987,63.42153647198033,86.06647690405474,59,36.725
63600,191.26650460808662,100.04800307840696,80.8163588410577,77.83540748284953,58,39.014
63700,321.10342068875076,125.06871395584903,115.57919309810326,111.66480363088287,70,34.445
63800,247.27754251662745,103.77708017556853,84.49526162593617,89.80278302622933,63,38.271
63900,213.7204834854644,105.36341049111739,78.6144839682924,88.88797268947673,61,35.598
64000,258.35936459720426,104.46873419478487,80.28905235133999,97.70761204351865,61,35.495
64100,336.98009681183584,131.99544617479773,119.75617324755376,123.49960525628887,72,33.071
64200,279.1464534171685,118.82732900342042,108.29415765949041,103.7947154399153,65,34.401
64300,347.72975738756423,132.41051342337445,124.84140984572534,129.67739241771608,70,33.68
64400,327.4441022440149,128.80580576508365,114.93781030411829,129.45524630689576,73,35.29
64500,346.5501929534719,130.21311258445357,116.49681959783825,121.90146033174878,70,35.131
64600,324.0591617774295,129.3209060107999,117.10762384153057,115.43930080042068,71,35.032
64700,330.0671768935162,131.41416107800623,117.4875355049147,119.70332109412284,72,33.987
64800,256.6865411795592,105.63577620345883,98.83212111364328,94.8550802572346,61,33.882
64900,250.17154125380372,104.95100912185244,97.192413788872,98.8626300942802,60,35.087
65000,299.23322867578696,112.79848456284462,107.44085096094135,111.34153663025468,66,34.577
65100,315.0361007415614,121.76318333164582,110.43803365032971,114.95723153249126,68,33.82
65200,307.1298218287332,120.5526525944159,111.5726828359785,111.08186311117294,68,34.658
65300,306.5960176160144,116.77714741460721,115.09953124065576,112.33557247809638,68,34.529
65400,371.3426993327632,129.81122804174498,128.81784018085727,130.32188471638221,72,33.029
65500,284.9319477450178,115.21947243310944,102.71017486383992,104.70111660551903,66,34.805
65600,287.8841492567197,116.64465713855823,105.34024560842202,96.65061374989187,64,34.267
65700,384.78890941781907,135.2744870821731,126.52278873164074,135.9066806155266,75,31.131
65800,322.16193228300364,125.10230847510036,113.90148674487064,123.37509903470136,70,34.346
65900,308.3351288745239,114.85318406048809,99.79085861815038,109.16595208108902,65,33.775
66000,371.98104223698465,137.60735213758434,131.21221789091888,126.17711667927075,73,33.135
66100,298.0199999015498,118.05812265271035,116.17117344297252,107.72596412419423,67,34.595
66200,334.1401225059282,127.01657625004107,123.47969033535088,120.99537663792587,69,33.195
66300,191.72819883190442,82.13624341997715,78.06529683076108,68.19661067765088,54,36.432
66400,358.25354187420083,136.64294951780815,129.15697555140406,120.98628914281937,72,33.38
66500,307.5543698085869,117.81784533435197,116.31575277252823,114.04363326684266,66,33.972
66600,333.695282447075,120.27137308301182,118.97385272076737,127.75771837415057,70,36.599
66700,248.04784297061155,94.19060041208508,92.72733978773105,98.40706688343207,60,35.684
66800,271.3144808084231,106.27779908803763,98.11259168555006,102.4078537090269,62,34.031
66900,411.0172234660661,146.49946601487065,146.3051244670414,135.46151907182968,78,34.532
67000,303.9310083177227,111.70498205943215,113.85683070677176,111.33388787151048,67,35.004
67100,316.35164423671756,117.04374750113948,112.40602230837182,109.17474823819067,67,32.405
67200,46.11871982796268,69.23535924865214,46.81638293483313,63.22768833575672,45,36.059
67300,48.18018746631996,84.04921227222815,60.03399204672914,80.0383665467866,49,32.011
67400,120.61753809929147,90.4012632905795,68.783233276891,87.38914413345168,53,33.057
67500,248.1675318958869,104.6089357183446,110.16907708598467,90.35509217671968,64,35.839
67600,378.1516518862856,137.90246284494785,136.74176843110362,127.65659452730202,74,30.941
67700,248.4494205437404,131.90967128931118,111.30040702164786,130.312299787328,69,31.564
67800,258.4954755705428,122.45201991754942,112.01692289320039,118.7791686464719,68,33.827
67900,255.17649776664246,113.20804968512057,101.94428916810199,100.86562852471107,63,34.053
68000,250.9443793375162,105.04389746778855,103.57912639485684,101.76737753798389,63,36.255
68100,364.9503570667797,121.21676016364084,133.22556889005978,124.693030898482,73,33.116
68200,299.6828825923178,120.42126413775091,120.48114010627722,104.75324355549284,68,33.318
68300,269.37929295799216,101.19468507013498,106.70699723395343,99.07240072736903,65,33.953
68400,361.1481929132931,129.0467624833049,131.4576457144472,113.9781617213921,72,31.978
68500,231.44748438092708,98.72919018675223,93.77502122772907,92.22577462658997,58,34.619
68600,191.98856503556829,112.96818200136566,96.41386957836447,108.17029698999994,64,34.502
68700,341.66598654723816,122.08942995174725,129.22614226366298,127.83402384689114,71,35.298
68800,387.2552277044088,137.44821921085835,134.5040989898001,134.24324561981322,75,32.593
68900,351.8010357236197,125.82432165493856,127.12841856852563,128.0922698780006,70,33.98
69000,210.5499166548541,92.24792592487431,93.0793139198865,87.54582637255868,57,34.946
69100,208.4102728468237,92.04633497685336,96.11535599657995,93.52601128338209,58,34.493
69200,271.22259239939444,113.52544975433283,110.07666083173847,111.60455063412401,64,32.906
69300,201.0648236361787,112.59061719295738,94.95074519916335,105.74604242473204,63,34.372
69400,232.71368189907844,101.5772342015641,102.19637787938791,101.54573434244918,59,33.483
69500,300.0181708141995,135.31311403965498,121.83110919792645,115.00103984858728,72,33.177
69600,50.55223820995993,91.94687126889124,56.76157602297271,94.3673478198034,53,33.113
69700,181.23528517567718,95.70744555789693,83.30516655571488,89.19467746875371,55,35.573
69800,228.06838880761075,100.77116013335312,89.64388970019596,104.04724057030693,58,34.511
69900,224.97292859209014,109.46987945282086,98.243975839153,109.39604428250169,62,33.268
70000,218.0873495618032,111.56635141432545,98.73361113743931,112.31348382469997,64,34.298
70100,243.33320605404253,109.60214095921317,110.21119078985573,114.04888615127513,63,33.715
70200,310.79227351344036,126.30494901357571,114.11296483524946,123.77058524334909,72,34.285
70300,280.45226480959246,110.67166524673534,106.18194841341399,111.84760721217593,63,34.108
70400,270.3851873749626,115.44616177720997,110.56395724050286,116.32296992849263,66,33.616
70500,225.71497204549112,101.99101877913301,96.12039205022718,102.83250037380262,59,34.344
70600,137.48701461352042,94.52258109407077,81.73845435293052,98.09608203058114,54,33.265
70700,319.9133549246225,128.04053475319697,121.88868434542523,124.70221677455137,70,32.112
70800,178.15375209487686,123.06066380560071,93.5443569776092,118.73657145999985,64,33.197
70900,184.9631591107816,124.82283890754192,105.53205868212535,114.98617929547929,66,33.13
71000,193.98184873840543,115.06682710989848,98.665363391845,118.75539689012409,65,32.579
71100,266.6018381738354,115.37339225955367,114.60427905340663,115.07067556853718,65,33.306
71200,186.02404156264865,99.5014615375273,98.33545131465762,106.0276431697214,60,33.824
71300,76.13649114307042,96.9752599799189,55.7321109411583,92.32014154357486,55,34.242
71400,114.22578198618059,100.4567527994392,75.69990570432893,96.81689080580308,55,31.631
71500,118.98515481799517,108.73522851112571,73.09633400296742,111.85209036841319,62,33.949
71600,242.7162912961035,121.31531716078092,102.92457263102514,113.13942496006096,66,32.196
71700,124.25488893948688,95.21603573359134,70.26783681639023,90.46111246652137,54,34.608
71800,220.29979624510608,104.97240114115439,97.74162753585944,101.82199457161303,60,33.637
71900,153.1850567867251,87.41956437594678,67.41108979877492,75.22455641886572,55,35.954
72000,386.6656529209447,136.04670830688403,130.4675301211515,131.2079400929886,73,33.395
72100,305.4875550815673,107.44061499198986,110.21939623720549,92.21016808341423,63,35.822
72200,362.39844069329547,128.48218112153717,127.35125419343993,121.2343521616655,69,33.221
72300,286.0906508732992,90.55776752788078,107.23479081512477,93.81910818202525,62,34.776
72400,385.3988279388882,126.523640067745,134.09433768692847,126.6571548943793,73,34.323
72500,322.4645414394896,103.42950840738222,112.8247318313308,115.7893578506507,65,35.976
72600,425.852580596732,143.5826458408512,145.2046386995157,141.48504141750922,77,34.539
72700,356.88983914148184,124.0898321761383,119.94986796655779,118.37233574383968,70,35.338
72800,378.94965957388814,130.4141220702463,124.63086092058622,131.5310790107572,72,33.848
72900,335.75684981739846,118.21532649360667,117.01073398685179,112.69158759169324,67,34.73
73000,399.92214907068114,133.00864146136487,137.17019752656395,131.97040185267508,74,32.693
73100,354.9559092938148,117.32791391071164,119.2100985081879,119.92141947230095,68,32.984
73200,378.513321983761,122.01098961157831,126.80643114329139,131.00554388264229,72,33.773
73300,387.727978339879,130.53449179155155,128.5120267387382,131.8652665515253,72,33.466
73400,321.47419915754654,102.06963332191935,111.81955016960026,108.16082016562437,65,34.43
73500,335.3159855973048,108.0890157105814,114.66728483327879,113.11183555469988,67,31.932
73600,379.0140736736023,123.58328727582784,130.6735916190902,126.26299210338411,72,34.238
73700,350.33770714528373,114.95162719050586,117.69376639820197,118.75342045020832,68,34.109
73800,342.3546549494276,112.51208183799754,116.55414461688336,120.92846411572738,66,34.762
73900,362.9323121640639,117.1137357380279,124.05067079380478,122.87714088682962,70,33.274
74000,315.1615228536988,99.17921120715192,114.74425663707927,111.74855121754308,66,36.467
74100,308.11540015725967,90.76585744813953,112.26462056425103,105.76813874438005,64,35.651
74200,342.2262381562409,98.35296396380559,127.17760755478504,117.62447145583559,70,34.309
74300,374.5984031179934,115.31862167842341,131.2992407868609,128.76973821836802,72,33.355
74400,409.70566342139085,136.26573129720853,135.23574488391415,138.78019848498906,75,31.599
74500,344.8177282178782,113.48215796229073,115.79229050143184,116.98931301293287,66,35.276
74600,307.43229666043567,95.98112708319073,108.00275668304167,104.35739236827106,61,35.162
74700,291.74234877835875,85.2297391480835,103.51311522365768,104.3953431731168,61,35.954
74800,329.1204241946226,107.40392928227264,113.43066057499799,108.83857156245658,65,35.785
74900,418.7481566956629,138.0259582885757,142.31919431952747,140.0078155090381,76,32.343
75000,375.530727812583,123.44487421895329,128.25157064921413,124.65419076190757,72,33.092
75100,368.3034345679444,114.20628773959153,129.3330546160596,125.22453049263575,71,32.864
75200,388.94958163168866,126.71595539580824,130.74014066022048,132.60547283824886,74,37.148
75300,443.50672332753237,146.0027817322203,149.5834874758936,148.45749679245992,78,35.344
75400,386.21005941891565,122.03269918807501,132.52260360530028,132.30356934327898,72,33.013
75500,380.13858479012083,124.58758404310488,128.69015888308422,127.48331332079678,71,33.699
75600,313.72354270230954,97.79578264801044,108.98245340468891,107.96352595539189,64,36.523
75700,293.0887330503998,91.05697603446094,104.22662842879765,98.47295899184459,62,35.496
75800,231.91388854642074,71.51071604391734,85.68023346631651,76.51745825969162,54,38.892
75900,348.6033768028827,111.69108864460927,119.38101276683618,118.39073415658511,66,34.512
76000,305.01995368077297,93.96115974167539,106.61431483621477,104.94417348432192,63,35.172
76100,371.31323922232286,121.3380241694294,128.116981859664,122.40732035246498,70,33.868
76200,309.5784747308516,87.83174837132654,111.98775303817695,110.70002618648869,63,34.889
76300,273.88187741873423,80.2118743405015,97.39162573371468,96.90015317296142,59,36.512
76400,365.55528580960294,118.0174191473694,129.18640763829205,118.96357025947582,72,35.112
76500,385.2594913485928,125.21589667388669,132.09520624136195,128.45888053233196,72,34.722
76600,205.54054732130464,66.97061725059321,73.57558403255896,66.06140571471177,50,36.961
76700,423.4399753479816,139.37843271028217,145.44306600257312,139.36169581525618,77,30.647
76800,388.55276694599326,126.80938119105862,130.80035142887854,134.0028133984535,72,32.941
76900,454.976608493311,147.54270659818434,152.0514555533195,156.38561508569757,80,32.9
77000,361.5156115751553,108.85185244703001,126.67512304130203,126.56824973451387,69,34.182
77100,329.7011114801678,101.45380328697534,114.10212586945981,114.79286234004438,65,34.705
77200,435.06444568133367,142.65955534465363,149.07468438593068,144.9409967092373,78,33.393
77300,354.6400217819284,114.03644685074565,122.45647665037659,118.96736452639884,68,33.37
77400,225.33366558913184,61.74426742152455,84.41732612185272,80.62828095074391,53,38.311
77500,364.48295440131733,116.77389943584784,124.09760453735075,124.21891786706401,70,33.239
77600,432.4947425827397,138.8726899574781,149.6661537704089,145.1926101071413,78,32.867
77700,414.70476160790093,130.30491622235309,143.53936005863068,141.52060287392908,76,32.267
77800,405.1930215148734,130.33932491813454,141.65158015194964,133.82914353965052,76,32.737
77900,431.34422736558247,136.91551377125458,150.24390569196723,145.18714666461454,79,32.587
78000,399.01331475787896,125.4957341229187,137.7703811957509,136.1679946062936,72,32.715
78100,410.62437987221114,132.18112779368815,138.95521336015284,140.46031095181803,74,32.127
78200,391.66427858606176,123.22518655342736,137.10024139306248,131.97969591992884,72,34.166
78300,413.3096448795233,133.83617641642928,143.77305463868603,137.38252631933915,76,32.955
78400,404.32376763969273,118.94757660737854,143.3872556772136,143.06159692286937,76,31.77
78500,411.3874522685551,133.34923746247458,139.5832764836975,139.22056032027032,76,31.589
78600,437.33958323154,138.6139953551516,153.97694286163878,146.32184516197904,80,33.04
78700,316.7462709128271,101.63374582776162,106.66358817112796,109.74648461476863,65,34.798
78800,422.3070487193319,134.2398613470109,147.0396131137088,143.2657441157418,78,30.253
78900,417.08039957234644,137.488574658382,140.75702417743128,139.95919588515056,76,32.861
79000,443.4362110841576,144.95973342098128,153.5123884960347,145.6746015772503,80,34.144
79100,434.8966531974186,138.80675041561688,149.63518020087128,147.5929887447405,78,32.081
79200,436.4188396759622,136.95178731480962,149.19816238996995,151.25863445081737,78,32.714
79300,381.69713658475223,120.35950856582696,134.31477542482068,127.74634264441939,72,34.547
79400,453.21768671982534,147.93908493597422,155.7409726538616,150.22519926170926,81,31.961
79500,425.1471580381833,136.52712995282528,146.28743028048257,143.09884967480014,78,30.555
79600,421.54244652565177,141.7760191255836,140.6839465274204,139.69593063734987,76,33.67
79700,396.2162651605007,131.35903370910444,134.74780225591937,132.49058224258692,73,33.62
79800,323.1074998769433,101.81161238330101,118.24812865476059,111.40967021153418,67,35.749
79900,397.845949153186,130.64681279219718,134.10813698147427,134.8806393084941,73,33.566
80000,405.7145393845858,134.1096306693031,137.34578598064408,136.83111079239563,75,35.224
80100,389.0236174208772,130.228788281982,133.02626439615074,128.78769588858563,75,33.782
80200,422.93354322310273,135.51900287705152,148.17072868721436,141.46603606755406,77,34.075
80300,450.50054536795375,155.2139298270467,154.2073577231534,144.26922330513594,81,33.021
80400,407.13434234022503,133.30353235609712,136.7865594220452,138.0226155900131,75,32.904
80500,466.5484971296204,155.96869931438982,158.05627620688875,153.33105269070504,81,33.575
80600,372.586582674681,120.20549661222563,125.88783937318311,127.3515039306615,70,33.575
80700,436.53558655887537,141.55316609170598,148.53032377681475,147.41213807347467,77,33.154
80800,441.332885538152,142.51425950362813,150.675885332377,150.03032343198728,79,32.175
80900,379.6574423650553,124.09030676062498,129.4526107020617,127.41626729194333,72,33.815
81000,398.2375761481877,128.0670602407885,137.72584969828827,134.8130883225936,73,32.368
81100,349.6280098632992,117.08161948065833,114.91109283950796,119.65014225963002,68,34.064
81200,384.3275195354535,128.55252717332212,137.47386856459087,121.53667325740278,74,34.083
81300,361.21162011631645,119.02903673703764,124.52462220027053,119.96650073294435,69,34.087
81400,394.3010130750564,131.78481440323824,133.63613719794697,136.83197972379523,75,32.67
81500,410.2666516204029,136.3520224170413,142.6641476867157,139.68262340712093,75,32.962
81600,431.29123365773864,142.930661784498,146.0692078471991,144.4341106445707,77,31.708
81700,387.01806627479795,125.82065275664178,134.1259432990009,132.80086224090513,72,33.12
81800,376.02358682645917,124.15769660443783,130.82179411776735,125.05307292014042,70,32.85
81900,418.48151747512594,133.74591309322378,143.93833599770153,143.10592664517984,77,31.628
82000,460.00691634284624,153.2467110763934,160.05467023905226,155.8588146949218,83,32.495
82100,375.43262075436746,127.20473866305989,126.92594010197548,126.88852989546118,71,33.123
82200,423.2738599942635,136.96638066108616,146.22744615569795,142.6226436156633,77,32.318
82300,438.6175008493699,148.48589617369308,146.46804948626038,147.5115599451986,78,32.527
82400,308.1729216324677,101.034377693655,106.30607071943774,103.04286351055082,62,35.049
82500,381.6866557762522,121.38102360395858,132.93682654946787,130.4351343908467,72,33.253
82600,446.39793680838096,146.15501082866686,151.59539178819944,151.9719209971746,80,33.759
82700,424.7180274820463,139.08111686352967,143.19498460669803,146.49479465360983,78,32.931
82800,406.50172800078786,126.13619858726925,143.00369246461227,140.79111274336128,77,31.759
82900,396.46410236527595,127.14345522506048,137.60600355422363,136.21730860641105,75,32.508
83000,373.2620406219465,126.92026851602361,126.08455633123388,126.24793163995811,69,32.584
83100,441.1495887164905,151.6748643374012,150.80443157719841,146.4258805159652,79,31.78
83200,379.95254419372833,132.53833437926113,129.54110771024716,127.45007173409367,72,33.041
83300,384.1348647701283,125.98894845876163,134.702751288774,131.49638395439294,73,32.876
83400,367.4122975679861,128.08603269648484,130.44906581521911,122.08531690962519,71,33.664
83500,357.9616476135931,125.34264135948128,129.77709149406252,123.93722799189645,71,33.777
83600,391.47384751024526,127.92907066264655,136.47464092076706,133.178714848789,74,34.029
83700,450.42165908508025,151.31476327434953,151.7061661465024,153.050448793587,82,34.08
83800,449.4899019074365,148.75270574079804,152.44840293566375,149.62600781086795,80,32.046
83900,418.67333569466484,137.31199237995898,142.56725297050366,141.22310588680867,77,31.163
84000,418.2069273684073,139.52973347276122,144.943583080868,138.51901273513252,76,32.541
84100,370.89699383433754,124.15196334325687,125.73820828162644,130.41627773449258,70,34.222
84200,384.00965452992807,124.83737799555684,131.29261232138188,129.22227357029809,72,34.051
84300,424.6468317890712,138.89150469451658,143.50643440811098,143.74959659346226,77,32.081
84400,401.177551913249,132.32841619125492,135.8101870040119,134.04009139039204,73,32.955
84500,417.07386973855205,135.3509842341479,142.5404653416924,140.4759689264424,76,33.979
84600,358.5626761421395,111.71990356800593,127.90500434526056,120.32365061228062,70,32.879
84700,383.08537893957373,124.86056916639832,128.55986333497933,130.76439450923905,71,31.954
84800,424.51784512748054,140.6879420169722,140.9477495005686,144.81573657723916,77,31.459
84900,488.7495677221288,158.9597695824077,166.53564294445448,165.17895572303075,85,30.334
85000,384.5513288031865,123.35190219395032,131.39142359781124,130.92837454731364,71,32.761
85100,425.2402031414674,132.8930590635023,147.2510763742034,147.26585886269302,78,32.59
85200,368.282655681222,121.5882765972253,124.73259291699475,122.86689094010501,69,32.835
85300,379.0803504026888,124.48637060649054,131.38431618755206,124.7181352328737,72,31.926
85400,406.4929016051748,134.80293158711297,140.1240494789815,132.73577735364344,74,32.208
85500,420.76299123694736,132.32453229916084,146.07429689388698,145.11749054192094,76,31.255
85600,461.74417913696436,153.1568987905282,157.04642580867963,152.54339681657632,81,32.333
85700,418.60833028948167,141.12707407525082,141.27323117087855,136.88960907851987,75,30.11
85800,407.13824637151725,137.14910562928998,134.4778381894073,136.67703540508313,74,30.719
85900,407.40337963536973,135.6156886081168,138.05526853859806,135.27808341494992,74,31.636
86000,454.3134755367672,144.75808958141945,156.28933254346083,154.97894165158445,81,31.784
86100,352.60233575456806,117.46510949986254,119.82729569644702,118.3094373690372,69,32.321
86200,394.6894063287911,127.93044313393396,133.69805615876123,135.944464464495,74,30.823
86300,427.68475925049904,139.5058493258666,145.9469008662394,143.09299378297573,78,32.562
86400,455.41615145642425,148.96414142152935,154.9822305417695,151.99364775593284,80,32.305
86500,397.00778944827374,131.54642128715827,135.09648647542792,131.43396723371256,74,34.098
86600,396.30414804089406,127.99278394163153,133.46103871757566,135.5486564527636,74,31.494
86700,386.059762024222,127.70571746005297,131.72356240231034,127.27145203586933,72,32.411
86800,327.06777837131096,106.43552141864119,110.26874303091121,111.28335533822741,64,35.575
86900,339.435566206676,111.05004776752543,116.04757761810428,113.06193479518144,66,32.673
87000,321.60640145905614,97.98386419147002,109.06702767271236,115.11593661065822,64,33.315
87100,335.59236139170537,110.95699792113706,112.57393459271107,113.04375026544403,66,34.194
87200,360.5282005112555,112.11723932082253,128.40475998400868,120.60115878815351,69,32.898
87300,364.2675489434448,116.51016129326814,123.21528591801214,125.39791390377137,69,31.798
87400,288.00147824043097,128.248696707979,122.16366710354818,109.51743645987075,71,33.058
87500,226.78348689805526,85.1204669487178,93.25921084832167,88.66136310288186,57,35.08
87600,409.3968007797786,138.354571927958,148.84712851863506,136.73108923726542,77,31.431
87700,343.15116184307277,115.89387194169049,119.1951313953995,112.7896105872411,68,31.933
87800,390.2073683356355,124.52146632656815,137.30527512939744,131.73327046476243,73,32.57
87900,449.04995888343433,147.45363105051473,155.40943766024287,147.22881833527796,81,32.578
88000,361.59252321352426,114.73637297482578,125.47796751772475,127.35515155767624,68,31.728
88100,410.07834077156076,137.7912454070792,136.47864755750317,136.8503757870377,76,31.262
88200,374.95736847906346,123.77724148836737,127.02909676140463,124.77002881599407,71,33.226
88300,425.93449455225186,137.16823479369043,146.03344289843037,143.6177848696768,77,31.713
88400,341.6818945461527,112.02475645952272,117.1482728194246,116.34975407798414,66,32.526
88500,407.40487436602757,135.6624477904351,133.90238689280466,138.99556643120584,75,30.153
88600,401.911311753853,135.33197681215586,132.56131268936971,134.89616818744796,74,31.474
88700,430.1048177947489,143.08175140727056,145.43093364736256,146.7369204681223,77,29.648
88800,398.635758596868,128.1240905747215,135.11012689221783,138.6880714368413,75,31.621
88900,485.2965963286196,160.7275515929118,162.92198835326164,163.67727983177423,84,32.715
89000,421.78598667592325,138.6295003047055,147.07559666141265,140.08151155078264,77,31.307
89100,347.52355046206225,116.35273624204935,119.63302556914363,114.99732986346565,66,32.727
89200,311.8118721180571,97.3489567592745,108.8426639679442,110.95105804990699,63,33.015
89300,419.73071461772213,142.36682639951295,143.1835579846083,139.2247672587188,76,31.474
89400,400.68101130809066,131.9617353594561,137.41488786856524,132.7449501338497,75,32.35
89500,397.4566081448157,124.08355644517718,137.28013191062217,137.24001345152456,74,31.6
89600,407.67516839828903,133.77256019551982,141.3802071530234,138.51438578817712,77,30.25
89700,425.37370089782866,139.975165950042,147.78104786149532,138.80051326104297,78,30.952
89800,399.65081033400486,128.3084284152396,137.44204369602664,134.8471297342377,72,31.176
89900,435.21922157050443,147.2804424797027,148.92395774455022,141.14112773593789,78,29.413
90000,420.56915340531043,139.45923662767476,140.82889285119384,141.50221732248107,76,30.554
90100,337.3188301595055,110.30997432909142,115.51881300310453,112.3822593674561,65,33.332
90200,396.20686991797163,129.66796430301937,136.06884116049926,132.46849374252236,74,32.638
90300,380.9692264158519,123.68567642363004,134.80865988043482,126.62167258585441,72,33.321
90400,399.01624200199484,135.6639566993352,140.84841848561211,131.53850997487982,74,31.561
90500,354.5146556430811,119.8803996734701,124.95007662783615,119.26055352363029,69,33.74
90600,357.1463550216967,117.93698109320809,129.70292971883862,118.27366858403907,70,32.331
90700,410.95841151152985,138.48384241441678,144.4149196935617,135.81019699592414,76,31.439
90800,407.6478664055996,134.61745382595728,142.95352041764613,137.8414750365828,75,30.943
90900,372.68937017468846,130.09937564757308,128.95416962608874,120.80055870747773,72,32.034
91000,403.3216343364365,129.4322205639197,144.3389219380648,130.82985873121297,76,30.732
91100,430.03962747444757,141.2756582061313,146.04981917754856,144.91866212239867,76,30.258
91200,388.91602219344134,122.48170598327165,137.23911848190545,130.36479933468306,74,31.084
91300,439.56583760962565,144.8266853861307,154.3610833956678,146.68861811432674,80,33.206
91400,417.61179933160594,139.1848507613816,150.00281710897264,148.59598700666763,80,32.405
91500,404.8141637258714,133.37624696957383,139.51047694563434,138.13529815167337,76,31.165
91600,430.84342809251234,143.58617365065803,151.035564536639,138.521880739148,78,31.874
91700,409.15747120429745,131.24991472360435,139.97438109137988,138.8453628973054,76,32.986
91800,394.4277637733445,120.47602684987118,140.7849363255411,134.3831193408419,75,31.626
91900,382.5122226840806,128.53498470329353,130.53694065295397,126.27754155413562,70,32.485
92000,382.48314252296643,127.80340141373061,131.2982332512509,126.768385184772,71,31.581
92100,400.5129378128583,126.86625417739316,137.14128432826917,141.28985033789212,75,32.753
92200,406.2462311267452,131.02932764204158,137.9167190573719,138.17646201078836,74,30.42
92300,436.5572389326155,145.54775742186354,149.58964636381756,147.57606596543138,79,29.961
92400,429.6406845302226,137.17070524556564,147.25739849579836,147.10551875855154,77,29.965
92500,380.9723481362404,126.67119712389994,127.61137232201393,128.66150094934582,72,33.477
92600,426.58411932074637,142.94927890992292,145.40643345520297,143.26513996761716,79,30.688
92700,360.7550886688433,111.13391366274827,126.55701423305585,128.74997638882596,72,32.71
92800,454.3087539212236,147.8661431869818,154.70896926339475,155.56996971103155,83,32.076
92900,399.95038206264013,137.53509847457227,140.211266975664,125.56774031311411,76,29.563
93000,406.5520090000172,130.54572255925035,140.91677305403005,137.85045379069567,75,31.218
93100,395.5098861142023,132.4223231303614,134.95649924916293,132.41566932472958,75,30.45
93200,386.66600861284576,128.97755959595395,131.39081852754342,127.91546685139082,73,32.691
93300,454.1643673330369,152.89194731290104,153.3349874118513,151.95219344743936,81,32.324
93400,375.08937150583506,121.84499713846722,132.29034065486786,130.31295956107988,72,32.13
93500,452.9026942967752,157.38301191926604,146.03140294755767,151.00370944529,82,31.923
93600,421.5901739611888,133.5264559769639,147.92508003381533,143.11738759336865,78,31.643
93700,405.2808155007699,138.74414148739893,138.22078538317058,136.3152021777195,77,30.047
93800,426.34963350316883,141.31098564165703,146.76833352315455,140.55947700448507,79,32.222
93900,440.92471724126233,150.27541373216766,151.01295669645233,147.0006811159132,79,29.971
94000,462.9862668169109,156.0730704550024,156.57930066153665,154.11371426536442,83,31.569
94100,331.02958973434454,107.6987686399816,115.55686998297227,114.25120094302994,66,31.731
94200,344.5219949493047,122.07298766959885,132.22305123867153,121.98264117179302,71,32.879
94300,405.31016014400285,141.83050749764695,154.20302213955966,142.0229481493619,79,30.081
94400,117.63754076493186,89.47649493107447,96.48705212015753,72.01716054435002,54,31.014
94500,336.2563791826054,134.84878575822356,140.3027555510318,125.31482472580224,74,29.62
94600,336.53528128603796,117.65396901306283,119.26835601466792,107.92260367958083,69,32.449
94700,400.71251941193185,124.4203312205952,143.94923963094806,135.85503892708076,76,31.332
94800,389.3843574847473,125.31945659214807,140.72263657878815,131.05579447713612,73,32.366
94900,373.00962019534944,123.97330695389348,130.2850800911554,130.71654573794703,71,31.991
95000,429.16008439949974,145.57448473370624,146.3897308901813,146.13849908333373,79,30.484
95100,431.48035269721856,144.0305851983832,144.74684538557315,145.23336233290166,77,29.575
95200,413.9661656823118,137.4054964043623,142.78925028274352,138.75913058813984,75,31.942
95300,375.9471645613028,121.14359331532827,130.26897463616777,128.049356193424,72,32.388
95400,446.1126170284925,148.47235085387075,155.6579834815616,146.47066205997234,82,32.702
95500,349.5267633332144,116.4514214692343,120.33568399811178,120.19490340397026,69,32.724
95600,413.3835147845229,144.63862809741565,138.74929306481832,132.84925045486116,77,31.856
95700,357.70739584640586,119.9644319382882,129.0998953527054,121.72814023582104,73,33.679
95800,392.97278207215584,132.84901112740044,137.8806377496908,130.34122890448873,74,31.417
95900,409.5703302863658,137.40795924082656,140.27960302978283,137.86229950088443,75,30.38
96000,388.2586120489289,136.53559984018386,134.7425113235723,125.95334581296254,74,30.506
96100,379.5926835199625,121.49434045239424,133.53859690334306,134.03985211063508,73,31.833
96200,386.2747436492293,131.6325499133754,136.4259359306601,125.28579815230957,74,31.988
96300,346.60183478942776,116.23869003150587,121.72741817300475,113.03022866450894,68,34.002
96400,398.5148726892557,133.46052651112538,137.8184089562463,131.8236422174635,75,32.138
96500,384.76818839881605,128.85935794198411,135.52493994510112,127.81099860182916,73,31.873
96600,325.0354941044254,111.63408973084462,118.49890838673616,110.55623092147576,66,33.076
96700,416.19101937861325,141.65837470964982,140.33642650231505,139.7651034122019,77,31.381
96800,347.62387392031275,113.14832701979738,121.29011901276877,121.47387907611267,69,31.486
96900,333.91588131005193,112.56655322137819,118.53196688764318,107.97333373941183,66,32.538
97000,349.93342249874246,120.32814539543531,123.57582611103702,119.04849855600892,69,32.332
97100,397.66075141281107,129.00666799967266,135.03948677394132,135.13281127845582,74,31.074
97200,386.75974207609397,128.5763206637449,138.1053723575014,130.27330983620195,75,32.111
97300,318.5226150483936,104.99588483907654,116.01613024344337,113.26753327466218,65,32.137
97400,326.70973696525175,106.1969089171115,116.14614105765332,114.15998763593142,65,32.201
97500,347.1277093875171,111.27623507975466,122.38988894338699,124.08706797561932,68,31.88
97600,351.49385405786836,118.08317115769337,125.56081370924053,117.54948424622744,70,34.047
97700,317.93016667124897,100.7421187758354,115.99629336427013,104.03860107375456,65,32.525
97800,354.3952847151267,112.43074460045749,127.77332301495395,121.12097281408911,69,32.063
97900,301.67236750169275,103.47257034505483,112.63207984540219,105.76441510657567,64,33.689
98000,368.2237188097255,118.75325225605125,131.35639330190793,128.21138061546134,71,30.649
98100,403.12048589531355,137.03773251889513,137.36599537291096,136.48226367232576,75,32.558
98200,348.1777573357406,113.79248869744676,124.27232365397558,120.30862411441127,69,32.528
98300,293.1030273991859,101.82154512420125,103.5682168914043,100.19391212297515,62,34.341
98400,279.0282057652148,92.36488648756806,105.447696094553,101.937091511205,63,32.838
98500,313.51483140230835,99.67923187460329,116.96615185134534,114.9460365386703,67,32.904
98600,373.9750103583774,121.7012063872308,132.71794769514412,125.61611954181399,72,31.564
98700,334.14806204422644,108.18044513993532,123.94390189226323,116.57389117132107,69,31.428
98800,350.9636070624055,113.65988994643645,127.20633039809664,122.23316009961103,70,32.761
98900,347.41866369506994,124.48116949603464,126.08877195614326,125.29321245858449,71,34.257
99000,377.34035196596346,120.16595698596525,131.3571371271303,137.80082004197638,74,33.849
99100,385.75755820055673,128.65546481546488,135.84957181363555,127.854712324765,72,31.215
99200,279.1362900297921,87.87464993026178,104.58397194559606,105.73307675256716,62,32.622
99300,426.9695869751387,140.64527679345255,148.48070427791797,140.71207810515193,77,29.486
99400,278.49464998684414,94.9021751227298,103.1404178818098,97.27527866344889,62,33.663
99500,334.5981693326984,118.91800726937359,121.49653986197706,117.73982487987989,70,31.003
99600,343.24174412709925,112.96136649741901,122.71749088919965,118.57525026904585,69,31.61
99700,373.9852501875271,124.41856414319183,136.2659771321929,132.06278922488727,73,31.466
99800,370.69153541778445,128.41659542816384,130.29408176011862,126.64547596671848,72,30.988
99900,351.96193728952727,117.74793267753248,120.64264930800162,125.7684984338705,69,31.111
100000,342.719817503337,120.54919269328254,127.51790902991,119.50202954679762,71,31.413
