100,80.32884913922524,52.401295228293876,73.47910662270431,54.687862714094365,46,25.923
200,-28.543779819382674,30.869715549258057,43.9935085996336,29.702094207429578,37,26.726
300,17.485523951007064,33.15786283101182,46.34661035665462,39.763571794279954,40,27.03
400,73.23470152897295,54.255173715255104,71.38435801652336,62.55697527335794,46,25.915
500,-37.72484502460396,22.072756473656437,33.69286004767176,25.10552579492215,34,28.716
600,3.999765122703993,24.087866461509357,43.01507697215314,43.37784076270952,37,27.738
700,5.441413631084783,31.863016227036955,56.87192366511688,44.10900983932058,43,27.77
800,-26.130380401211113,39.29723933667044,56.3460593846184,37.99653063400011,42,28.195
900,-90.98098262221517,29.695602204447006,46.92027220589071,17.71292135010546,36,28.062
1000,-50.24167300539415,21.339315876081802,32.73854894919234,7.664411847385364,30,27.543
1100,30.61808354211319,51.782433373477716,55.039717664149464,40.34896049134476,44,27.098
1200,39.43528990046992,45.61374769982504,58.672022251422895,45.005980514518924,42,26.399
1300,16.190808715591324,50.47122936361954,62.795918521546774,41.95206409664495,45,27.343
1400,-28.095779351466263,37.988779712617315,45.65950207084108,44.51535821872977,42,57.61
1500,-160.34008707725104,-28.608439944609213,-23.033437102166832,-22.847558215617905,19,59.287
1600,-245.5098199548576,-55.77105464847418,-45.04767553197834,-51.731661539929625,12,59.827
1700,-210.15322021851804,-52.60608561947076,-38.003487147401465,-50.036807708021286,13,62.507
1800,-263.1475479210273,-86.1624125676984,-56.9851755709659,-68.45902994264151,5,63.434
1900,-247.04909678511794,-76.50583459888193,-71.11816809049533,-58.170822213166964,5,64.316
2000,-331.4934810133938,-101.28799599422088,-84.41877968187029,-72.69101008992565,4,64.955
2100,-328.721845897151,-111.4011815532223,-106.76728768801037,-42.27264731939049,6,63.277
2200,-305.8437786824923,-88.48489460753112,-132.16052412998994,-45.97644242907861,5,62.498
2300,-297.5239193504694,-81.5731512034011,-106.38420064438311,-54.72285255577282,6,63.331
2400,-302.17401586860854,-70.50037671904029,-130.8962707036178,-37.00237324423517,8,60.877
2500,-257.14871586478876,-67.31922741408879,-74.15429971399925,-62.967747464712474,8,61.703
2600,-266.09321070238855,-80.66599953969357,-86.74010093145021,-44.15087247732491,7,63.685
2700,-336.7960598671834,-100.12934835241599,-119.01305997210324,-78.44698374794591,2,66.237
2800,-265.84327305384136,-64.26410284687033,-95.30250406180498,-35.51559888864624,8,65.269
2900,-381.9720905642576,-71.11801433247032,-146.0432013195664,-52.68613526449843,6,66.411
3000,-315.34891117861434,-50.00726529159984,-161.07759075278315,-51.60946980371727,4,64.551
3100,-374.3695272034631,-50.953777906510616,-164.01316967095835,-43.3386992820576,8,62.706
3200,-290.5285797732189,-56.02980641070748,-115.84779534281394,-43.882438914516804,9,64.762
3300,-303.24750979850705,-53.84292134545253,-131.98172746509977,-37.254794205442906,10,63.884
3400,-297.90914994301306,-53.103062130650784,-117.1518551266322,-44.488831536232176,7,64.167
3500,-252.7986096396329,-43.00837645307418,-103.16156382491508,-35.00018393353744,6,64.076
3600,-225.09008755082496,-45.28407380474095,-71.64288377003142,-36.940776045321556,6,61.666
3700,-159.4893318650832,-38.51871179059815,-39.535176809731496,-33.87733138405122,10,63.438
3800,-120.64481718900925,-30.26445060303381,-28.399511577905017,-23.091013812418495,14,62.562
3900,-98.87538620465945,-22.628029498733703,-14.671592202326767,-2.9552893941164915,20,61.966
4000,-151.2973343464941,-39.415843818473064,-40.484191475334626,-21.896084354418385,12,63.676
4100,-113.77074656546921,-27.913108587014708,-9.095838343377793,-10.048343736279271,19,60.048
4200,-95.82150636964023,-5.32698763232406,-15.193338753446888,-2.6321616873420908,20,62.363
4300,-98.68144104530062,-8.580060801860695,-12.078303690878014,6.639798774530775,22,61.582
4400,-112.7948951014915,-29.93697389922634,-22.999784582642004,-10.298844036958974,16,61.741
4500,-79.44983602495203,-5.692390103089534,-5.425878377008267,5.316927148301229,21,63.316
4600,-97.98915718133833,-32.67561412301298,-10.644320562097336,-6.237540435604968,16,63.135
4700,-112.89889853932678,-32.484282856013756,-24.887399136197796,-11.147367140196163,14,63.102
4800,-75.47946077771081,-20.4681572748387,-1.5691817266705883,-1.85592196506406,19,63.93
4900,-32.62852943158222,-2.41594354159311,0.854315942713697,5.816335718515007,23,61.967
5000,-86.23693311195971,-1.2892793814348542,-2.1993833784666053,10.378743579059424,24,62.702
5100,17.945892916766496,14.951266249382783,24.16834801592227,27.448898313560903,32,60.702
5200,-38.131797497224255,2.4754105773807398,0.4631973967930881,12.288609260267883,24,62.0
5300,-75.35331710952971,-13.870923629027272,-0.7065530604515056,4.533852154923795,19,63.656
5400,-52.0831375651418,-4.212223442544071,4.567248136939265,7.765520009212144,23,63.365
5500,86.24630320744025,39.88077306755587,41.07997571867061,46.49935881094102,37,58.79
5600,55.12096593560866,25.051592044966117,27.84290520653424,30.68269252027426,33,61.307
5700,1.2690035881741017,17.60206236205268,22.169081794871108,20.6191662317912,28,60.829
5800,-31.617918987845496,10.755619602313665,9.540575278050838,13.487172494697326,27,60.301
5900,-44.01147882082509,13.47910194130793,0.35812361880576504,15.738756737922172,25,61.844
6000,-12.645980069992193,18.272262573237725,16.89739510098606,17.598708521775695,27,60.477
6100,-10.269908479857996,25.70906533069803,24.001486804663788,26.47715308391738,29,63.813
6200,-24.017609056449984,13.084896002877269,7.299854465364614,12.941618411070438,25,61.339
6300,120.2191082781681,48.36681607771507,45.36681527068628,46.69362086468716,39,58.504
6400,-18.567137340441544,23.140465524074667,19.904147177384097,26.358663364456053,30,60.057
6500,0.2582562013315203,14.691939052134897,10.596353217795548,15.692109176094823,25,62.043
6600,29.681936440874406,29.158231427699786,24.02953909648832,28.331660812376573,31,62.015
6700,-32.142664195334554,16.21732148194819,16.221660181297224,24.84180934839779,29,61.858
6800,12.633746886247774,17.96559274770806,17.084372314864307,9.346342145170786,28,62.044
6900,-36.29164816327429,19.426033370910353,9.007172530951467,17.794437254594328,27,62.524
7000,27.025568785531895,22.531301836950096,12.5269362097686,24.636448545567582,30,61.588
7100,8.442582312206566,32.15860017385435,22.984805067481997,26.747235582217986,32,60.998
7200,28.379552724451205,32.031507228571925,18.0218914888438,24.809089654268828,32,59.539
7300,82.37133984586555,49.248043035950076,42.451614631288045,46.054918867161234,39,61.989
7400,20.599837205962867,20.814774758246255,21.79425226376247,22.95467779607213,29,61.67
7500,-40.6397045783567,11.677609064369822,12.34286992647401,10.05611596212807,26,63.96
7600,40.32868999410691,29.328193510489328,38.22002812208746,35.083755393957716,35,61.452
7700,75.08902370865044,34.403896087933596,46.70667873692856,40.77542910901402,39,61.248
7800,74.19007213750349,43.788782416963876,43.77094550924298,41.72715793109127,37,61.623
7900,46.842229852114514,30.97411271378431,34.24012508345424,34.65464665490803,34,61.321
8000,52.597780698078076,34.1240696825393,42.86338010873319,33.48654212095404,37,59.811
8100,-39.87145094339555,18.489814614334982,22.27765707122505,6.96228406255502,28,63.97
8200,83.15341636979258,51.935365829317604,53.19388827349875,36.49243504587968,40,60.215
8300,42.70374544255043,32.73273704320435,35.951921653956944,21.0072438540357,34,65.796
8400,-8.519236164959782,17.822510151235594,21.615774154280572,17.61761771782689,28,60.988
8500,-27.80442441195627,20.173738675552894,23.827543049130476,-5.017584077166102,29,64.406
8600,-13.031593940916082,22.562615305000477,24.26904151142198,7.279511863470545,30,63.196
8700,-1.7693812965041582,31.7726993117599,32.43244271969532,4.824601090304195,33,61.525
8800,-48.79223760023001,17.805015875627177,28.93451300045813,-0.34226487466011046,31,64.382
8900,71.17041632327741,43.465287170261256,44.41806159133954,30.869789978560526,38,61.64
9000,13.400818745073003,25.241634132461467,27.474375222091588,24.25472882220715,31,61.617
9100,8.092821817886922,26.31164541751165,27.724949713673062,16.3866326852835,31,62.92
9200,-11.976303673949593,21.415409438519486,23.65466939718031,20.377684199556708,30,61.411
9300,49.65819795859173,35.8923132816997,42.80528172825534,33.031478682705654,38,61.163
9400,72.06037928337498,40.70099068945843,40.43433427229681,36.44729600751044,36,60.496
9500,80.92759841163061,36.39625240458378,39.304296466507104,32.67770606657558,36,60.311
9600,6.549570824486954,17.48946249214595,15.58382665405167,14.742199868453666,28,64.481
9700,6.655556495485301,15.755573158242008,17.171195297997357,17.324901575870214,26,62.764
9800,-20.80539584529882,21.937257033866054,23.92993956143062,11.806230175367267,29,63.501
9900,-10.29918700103123,21.070363079169944,21.593029493498044,19.672885390940753,29,63.088
10000,22.511318813800898,32.920469168565425,33.614374353486326,31.41892920409519,33,62.079
10100,32.84504756503227,26.85677697055462,28.892512144585723,28.669055334405257,32,62.579
10200,61.77175161272686,40.73612161237357,41.144468782391804,43.085052187695304,36,61.801
10300,8.767270912189963,22.27901301317026,25.15181315360571,25.01323641077753,30,59.161
10400,107.73394981921018,53.79664110159226,52.71916174276475,53.762062958204524,41,60.666
10500,14.743524977777334,22.569792224716153,20.032542154518495,26.37577686307005,30,63.028
10600,147.13356049200505,61.511948539043324,62.39723806811041,61.416218170746916,44,58.316
10700,95.40275411575858,51.43851351501238,47.794510626738045,52.2716024736155,41,62.43
10800,43.51967207661446,37.18133295229822,37.49954475998616,43.369626046306706,36,61.121
10900,139.414587185913,64.72306667484048,67.0483584886434,67.12802910672657,47,58.992
11000,118.87124081250919,62.27291154572134,64.0501153038498,61.97000802440247,44,60.203
11100,50.98190850883671,46.38531273070007,45.25761673819329,42.41569105699325,37,60.9
11200,185.3053339775723,68.81215410343522,69.14694780031493,67.65345424379102,46,55.996
11300,95.56474343540447,44.29807927675074,48.85017770309414,47.85353098216292,40,60.703
11400,99.64152640600965,53.301109760978115,53.71663280283824,53.022106687073716,41,56.998
11500,53.22908408113809,40.004137630235974,39.06986321537629,42.51320773031088,35,60.772
11600,141.91700774763277,73.70353653040942,72.61387957812506,76.96529409906755,50,57.615
11700,150.74003475834087,62.84403328366023,60.99095609830607,63.14067218452321,44,58.265
11800,120.38321355562654,60.81775590726456,58.58759192530201,68.10482307686502,46,58.709
11900,146.17652535701893,65.33256205556191,61.933396340180295,64.65993270494766,45,58.277
12000,98.94328344737224,60.61159752150516,57.721269801969996,59.509226461163806,45,60.206
12100,118.7916444525969,54.16798774596947,50.42853257123767,56.229120029220084,42,60.123
12200,100.78838373424637,58.475226523462645,53.73508729911301,60.64281410844412,43,59.815
12300,144.48742881759463,65.82033419677582,72.71980029343563,65.31021694677388,48,58.513
12400,217.3710133481155,79.23106354188818,82.92105903415282,82.54155906771582,53,57.815
12500,66.69590207588894,38.73688739019147,42.55627261622352,41.921464159441264,37,60.378
12600,68.87246576918636,39.98233792027101,45.310341241204426,44.84029475965977,38,59.83
12700,184.45959446466688,76.17062540418173,78.2294056932779,79.65725688678017,52,55.669
12800,145.10467305552413,71.76539092234185,64.39465934008231,71.31404817137684,48,58.173
12900,160.4422387382041,60.02495251732515,59.45393207591396,64.15658161154929,46,58.554
13000,147.9854057034186,71.85716594655253,74.99022826891468,68.81708316328931,48,59.162
13100,206.5904169420362,86.71014270254344,87.71640521513025,78.42588990152215,56,56.513
13200,94.6989608584264,56.33588677200603,55.96842722872597,52.479038010804196,43,60.323
13300,158.80015824924095,68.94941211866293,63.345543428574544,65.06719279477264,47,59.22
13400,289.43849553310486,110.11982915964789,108.47819988846506,110.89181895114538,62,54.589
13500,148.17413615421452,63.992343890478814,63.26837073758094,68.96941324379387,46,58.888
13600,130.9653968856915,67.35402041185336,67.78632818404309,70.45216706131613,49,58.248
13700,161.6665692386859,63.829334455984444,65.90438013132501,62.63033044081063,46,57.06
13800,211.40002730162757,91.52254593146645,86.71597416024582,92.54067624234158,58,55.715
13900,134.42597616054687,63.24361328491852,60.963746897994945,59.420995299996065,45,59.991
14000,116.01710426099667,66.16160331591611,46.449135010708,66.63501205055891,46,57.34
14100,129.15590238249789,68.83698940482718,56.295871823821315,66.47607005399814,48,60.459
14200,159.11005330675206,66.36399162938095,69.79519026002681,65.4051956848151,48,57.082
14300,111.59802499301753,57.50997832526131,52.07751679703249,56.32152775538273,42,59.028
14400,128.695863691604,64.26328496191641,64.97464008863867,59.8584341272843,47,56.864
14500,224.35976237238748,97.03721169053274,95.08171051309286,94.02631835919436,58,56.775
14600,148.43978508651327,72.18122823153905,73.55335051036963,77.51461751491453,49,61.522
14700,233.1349884756565,85.00415896964573,90.19662073642408,88.8316021479247,55,56.447
14800,189.86832287293325,73.59689157375271,80.41322554172586,80.75683402431441,52,56.082
14900,201.83311196341566,82.20254103567333,81.99753187592998,82.85653529673733,52,57.261
15000,205.23383231709198,85.0142433707976,89.06874004500123,90.41024177939296,55,56.075
15100,163.9611121736017,73.30484277477359,71.2562878213023,76.1558976662351,49,57.108
15200,190.9707966077347,82.63661566078113,83.87230135988585,78.38804996946246,53,56.966
15300,207.4916270446724,85.59746056696271,85.8756917226125,83.18211162030079,53,57.663
15400,178.72761850253133,73.61262208667348,73.32138976827402,74.61829745901453,50,55.982
15500,204.9991896163093,78.23020586115787,73.05905496765516,75.17643577663902,50,59.423
15600,250.40862282319668,93.92037065692772,94.05754715427656,94.21990427613441,55,55.383
15700,174.1431952094777,73.37309782115392,78.12238091419347,77.54268310907246,51,58.333
15800,259.87433913051416,98.65532687705043,99.98933048191756,94.21982492638712,59,56.218
15900,150.79991053913324,71.52079711246245,70.27051409813944,68.8643091203365,48,56.44
16000,63.21136459820235,50.718437471305535,53.30021854877575,53.417258400175385,42,60.305
16100,231.0461445018499,94.36515812392949,95.47278312506796,95.37675254167355,58,57.211
16200,125.83136771461501,63.46630283011954,64.39873132264732,60.788268162692404,46,58.81
16300,187.15483115957124,78.8746119943379,79.35174396578695,79.38365167380793,51,57.712
16400,225.5446243358585,91.12127441895956,94.92812309031902,93.27846160572965,56,56.914
16500,116.90179788795362,59.054896054428845,57.85243173783198,56.0142538155217,44,58.603
16600,262.7462927600891,100.9939557844076,102.66383765007515,99.94778284682465,61,54.611
16700,296.337315660969,107.1541616394965,109.83632111714276,105.35712617780338,62,54.941
16800,270.7956077356662,99.31159407016814,104.65879860452574,100.13261026212857,61,57.326
16900,272.47341568275266,108.71052523389089,108.32656198376131,105.08500059023523,62,52.447
17000,282.33724171599556,104.68071140846929,104.0375548265728,100.0682339075643,60,55.567
17100,265.7071839265812,98.28152326341714,94.78098543733493,94.92910583201098,59,54.501
17200,221.90444592443689,92.56095285886414,87.63989325245551,93.4588489222622,57,57.182
17300,187.58870175908643,75.76395286267989,75.24114539452098,77.48806623037117,49,56.352
17400,209.28480270528595,86.59992459633129,93.41368388459927,93.93539953518493,56,57.268
17500,148.47209638177156,65.30264400759094,67.93582006529442,63.933409007780774,47,58.425
17600,204.94187170325478,82.86968132215054,83.74737195798309,82.77284863634934,53,57.64
17700,260.06236209631913,93.46456230978745,96.65469580809005,100.09998070603119,58,54.405
17800,227.89158032340742,95.47007027861225,93.03300564355304,92.38869430797871,57,53.513
17900,251.76819638701713,95.70195558666443,99.25220728939013,95.0391927996447,58,54.288
18000,312.29187138580636,108.41125023069668,113.2688598080047,116.97610833694755,66,55.422
18100,236.74954937208665,88.64919408724425,90.39972014537038,96.04584396404847,56,57.009
18200,236.50405341010483,89.78873552432164,95.69155650384509,95.94372542368481,58,55.104
18300,203.27740968052615,78.40565057019327,80.5051513189528,75.76110187203874,52,57.248
18400,97.6831196653514,51.43069824232955,58.300167814805484,59.56255037798187,42,57.921
18500,236.70853970162128,91.99907442129222,98.45788781639925,93.64955144801277,58,56.564
18600,90.59752398901327,50.255863081815434,56.68749824342481,53.03653849918256,41,59.472
18700,176.0587371047098,73.35318694096283,74.38844671353024,66.28968012486081,49,56.164
18800,255.7793332843068,101.82302646216529,105.77004633977558,97.63786640793856,61,55.988
18900,171.7511308551908,69.02411675869288,69.45898887593762,69.5361137643472,48,57.961
19000,185.02745182214767,85.88644530614168,87.54913253729065,89.66725800357848,55,56.901
19100,298.36153538283224,111.55322047333965,109.32475225767517,109.20085236460571,64,55.705
19200,239.58921901860504,94.25686226893271,95.08497922818424,93.03834630516825,56,58.602
19300,163.37057553919615,62.82409212583993,74.86479156185308,75.49178600167816,49,57.613
19400,229.41700592182468,98.99337215219776,104.41133152841256,97.19007827155122,62,55.292
19500,257.32057858627525,89.0187559432342,97.18799595271871,97.78637584256286,58,54.786
19600,203.05739587802753,80.29017391826537,87.17774615535059,82.71085698269418,55,55.405
19700,240.07707200700366,89.35924430844267,90.99302672165815,95.33938291424903,57,57.897
19800,204.13804873828224,88.21420323507502,91.21854401881858,91.07228283337916,56,56.12
19900,267.2276325301678,102.9310549681543,103.38403430714229,96.73153581761363,61,54.819
20000,263.4698394599652,97.75960326046793,103.71578837243595,103.07591761406204,61,53.538
20100,207.1924272210686,85.23957259998431,91.82227521279273,92.40789617556793,56,54.532
20200,185.94915209727324,82.19983660717884,82.76233203467959,83.98126285121712,54,58.018
20300,275.2714953571712,108.48020781685587,111.11723895908979,108.72462486795912,62,54.664
20400,275.5906119547474,108.16479468321444,110.40142725138921,107.88581281093968,63,54.593
20500,312.94905515608474,118.48240039714166,116.30987870098217,116.9477683029967,67,55.09
20600,268.96953346171705,100.67036592517815,100.54371520291703,100.46541090850542,59,56.926
20700,289.0645414162469,103.5688592927102,104.3971807759682,105.50966927400903,60,54.776
20800,293.5870945786024,107.46949022203415,110.3684157950907,112.38349947371822,64,55.678
20900,274.6267612733705,113.82436360362169,110.6037483898145,115.07998001192703,65,53.629
21000,315.9381413219696,112.33252612753573,120.08842367416268,121.64765001847005,67,54.928
21100,240.40991887442146,90.95062683161095,88.0769295625316,94.25883115903676,57,55.234
21200,243.13333112352058,89.72406508358114,92.579386016419,93.90034202587817,57,54.525
21300,303.70429679414474,105.59512575504425,105.79583897316468,106.7325860418034,61,53.186
21400,226.79450390696277,96.53799867285159,94.9853186418353,99.66470782915162,58,56.218
21500,243.49465392869217,103.06018373138912,102.47718221413683,105.74261278808237,60,54.859
21600,336.1441633924055,126.32155052432876,126.5718677640016,126.60749024367344,70,52.051
21700,395.2807481709255,144.42200529266475,142.1640162595648,146.62083510756773,77,51.992
21800,383.5542488630103,136.8507674201282,135.2479039320949,135.23996983883083,74,52.192
21900,378.3643795575603,136.05120332332024,136.91233265659892,138.48657806022297,74,51.966
22000,325.29050084652414,117.03005527423096,114.57283760116506,117.95954196602959,66,53.659
22100,216.8475727582466,90.84417937634991,94.66342469804881,95.27041363225459,58,56.111
22200,260.07243892592436,95.02069665094268,96.39405152426774,100.44874045498584,59,54.296
22300,359.7713622480736,130.90077149109288,132.26145993585004,130.58202462487966,72,53.137
22400,257.2371747185238,102.00596227722868,104.02936796768876,103.73915595870857,60,56.659
22500,246.6810013378462,100.2099394402003,101.05054972315676,101.27647582498528,58,55.896
22600,259.94159062717836,99.20189990067442,96.35584627687267,101.05709967895446,59,56.36
22700,331.5248144326137,121.61367942577192,119.79594591883813,122.60632498463983,68,53.623
22800,322.63960421568794,122.1503483778734,123.03922323589318,121.90919694949933,68,53.975
22900,340.51798541184814,123.10583849424239,125.5774632754205,126.78104321006298,70,53.381
23000,375.99207112164385,141.59015279357408,144.73507504233166,147.89628193239096,77,53.385
23100,234.45152733225302,85.8112449264248,91.2689898600129,94.27795424635775,56,54.603
23200,269.9661088866484,101.66808523005686,104.80092601748603,107.84483396646705,62,55.387
23300,221.19374246075543,96.71772065881598,100.00331532786866,101.71951064277955,59,55.373
23400,337.4162884856889,119.31830689381742,121.95296445447426,120.48507593425306,68,54.892
23500,335.72947722713457,123.67561794352119,119.98099634853969,124.74386867023776,68,54.928
23600,288.4895297886845,112.61038655307792,112.72601056981244,112.03261667183037,64,54.744
23700,297.16312878225705,116.81492079074621,114.24265973768746,116.5482281091336,65,52.368
23800,366.6286780192897,132.13119652588185,126.05534777272493,128.85929345707126,72,51.179
23900,366.2739407513288,134.29142305877983,133.35672602724742,134.01937710540696,72,52.899
24000,252.64534556023517,99.29362752532614,99.15872073927197,102.34591479702641,59,55.824
24100,298.22145135728863,117.33503550641528,118.99836609999609,119.2210912962765,65,53.146
24200,351.3035680965443,127.89264133593132,127.8419126829824,127.32351492888198,69,105.497
24300,317.1701224427323,111.41830546208168,111.61737434371076,110.82797191402092,64,121.001
24400,302.26035876081926,111.90061019688355,116.10557335366337,117.10146824174353,66,109.994
24500,320.0677948089857,115.0284220221471,119.21123787338087,119.04235686141597,67,114.97
24600,311.35802523089916,112.28730476929167,109.59870966746433,113.66675998563667,65,116.74
24700,359.36515042152314,123.03671654532305,122.53946534253932,124.70594041321776,68,112.549
24800,363.56230880454495,125.42709899552847,123.5158064074761,123.74458369313183,69,115.387
24900,270.7513782533859,104.35482033373123,101.25082158093552,104.56350545619613,61,111.527
25000,405.4447422565564,145.54194829784598,147.18046469955286,145.76698438400427,78,109.015
25100,230.5810017637804,96.68823242537,96.65910215858725,98.69142818269205,57,112.7
25200,365.60270276957056,132.62591880265802,133.0258070301977,133.96768718091948,73,118.59
25300,358.1472909241518,124.74543959661464,124.9923241354133,124.97595006816069,68,109.998
25400,252.47124590549058,91.74921991763668,96.09706879717459,97.11931916469558,57,115.648
25500,344.2396175637082,127.01764620713489,129.70236242360403,126.92267071555075,70,106.7
25600,239.07743728382812,96.76151889743895,98.31343151987271,100.19448889304209,59,115.445
25700,304.81958364696766,122.09816216170775,119.35400369256459,122.91508778680095,68,109.142
25800,287.2080960772371,106.0458392777695,107.40105989157355,108.09498544434116,62,111.725
25900,328.44737744511133,125.91996205697768,123.9332207516541,128.33089940158982,69,114.771
26000,360.7554272617241,133.97019470178503,133.72255667598927,133.39070439707749,72,107.685
26100,356.4137564029145,129.96446949221155,128.71815634732954,132.62066719170176,72,111.459
26200,327.8360975435049,122.73307182290883,122.19242100412504,126.04260965440352,70,115.044
26300,244.29612556527132,97.37554066219396,101.05529807563498,100.03385953263083,60,117.483
26400,323.5085459395368,113.09731772724153,115.93409355735366,118.39214159452078,65,115.472
26500,332.13601338992737,124.49393845215121,128.3372689141796,130.51785230249726,71,109.991
26600,374.0205491045729,131.08097928531086,134.34083319963167,135.06912492989935,73,110.82
26700,323.0693628880749,115.03966331323007,115.13695728030632,117.00397518004308,66,115.296
26800,328.75408763858536,122.57559718014721,121.20866365228912,126.09771807680826,67,109.776
26900,407.83554850719435,141.0260061075076,142.76569042493992,143.26106990682194,76,105.384
27000,262.93953769930647,97.95574805485137,104.0670138777152,105.64355085183591,61,112.705
27100,330.01210726304504,123.39785052631343,120.701752890682,123.01741971880897,68,117.64
27200,289.248744766978,105.21897570156106,107.71335254233738,110.58565909685714,63,111.765
27300,311.9070406395807,113.8552877167538,115.43024444940464,119.26908220491978,66,114.952
27400,238.08062823458343,88.86307452986458,87.98350200982031,91.24613426515643,55,114.006
27500,207.98455761274232,87.34821581236305,86.72068272939417,91.15389918861237,54,118.114
27600,300.86625615967745,108.02474120733666,107.57498477587912,113.66976507666797,65,117.381
27700,297.1847913399331,112.85018361911425,110.82045509358953,115.20483507876996,65,111.699
27800,321.25328319575476,122.92179904000496,118.56196728891494,124.56718679180204,68,116.108
27900,340.82351516484147,122.86008679293516,122.65185371102463,126.41267914200009,68,111.892
28000,243.58295611800216,91.08528525417992,92.88659636391623,92.89586469855224,57,119.319
28100,309.88988372600494,117.27334256627788,113.51026559632213,119.65972040513246,66,112.591
28200,261.9145657433522,110.33397733058705,112.39859397979173,112.11422944949655,64,118.435
28300,265.7679165469669,103.48392995425105,103.5127750575397,106.78722979445924,61,117.448
28400,275.97512482820736,104.31646527965613,102.27721156111265,111.43596946857528,62,117.255
28500,350.868219406086,127.0833541384996,128.5014556491875,130.52457991602722,71,111.484
28600,254.7238957382419,101.17740936235768,95.73049028839303,102.20726044334415,60,117.819
28700,297.24690045322825,111.563443262185,112.31105123487794,111.43635049721323,63,112.962
28800,317.6300785932248,115.63016169125052,114.03086597422815,117.73240341454853,67,118.039
28900,309.6613727572901,115.55364719949544,116.56722028209556,116.6193275247123,65,111.953
29000,291.08888371907017,102.34196957478038,106.81365990842791,105.73739523010336,61,115.409
29100,356.6432134723154,123.49724857367391,128.83801595762395,130.70432831071878,71,106.535
29200,252.74030045242532,96.40672020083412,93.28225982855786,96.7104388287528,58,119.074
29300,370.45288257396095,132.55528922301173,131.90905337096666,134.20300907195778,72,116.203
29400,314.6796367887887,113.6973287077711,115.83619666452732,115.04537506084932,66,119.008
29500,373.5732062992382,130.86046941327106,135.2078445268725,133.6732741821865,73,108.102
29600,280.0981858056099,104.61417845539421,109.03650932336309,105.93022506058993,63,117.48
29700,325.2957688883234,121.92894781262645,123.16306802871611,125.24239281340115,68,112.737
29800,293.1568976653765,115.21695193230748,112.44575055383444,115.83087944044154,66,113.628
29900,318.92487368466175,113.83975062532689,114.96371528240601,118.15483409437864,66,112.745
30000,268.8175124522066,104.45512993897253,107.6200542518184,105.85966696557806,63,117.657
30100,243.40972763015358,106.36974131410409,101.9788717753827,107.87068642227892,60,111.552
30200,254.207501174117,91.28397208132701,92.64388123135532,95.38324222559801,58,118.747
30300,263.0395794745008,101.42594851426074,99.41179780892475,100.16206940475534,59,120.118
30400,187.6793244551657,75.1968062921622,78.08332943365386,80.09695636580962,51,122.474
30500,217.9924089981582,83.50227153542737,89.79509172888997,90.67462508114448,56,120.352
30600,226.1767128153711,86.66343673200552,87.06220417815504,85.03307448068848,54,124.272
30700,226.9591111147952,98.89513584880041,98.0060809861499,91.89733315534544,57,113.877
30800,337.30337046963365,123.56475994085994,126.75587866308996,125.67379435476374,70,117.027
30900,305.6665974676534,115.8370817208149,114.95752749154398,114.89794108297885,66,113.433
31000,298.9522004847184,111.00290716699729,107.71395661132505,111.8182446678543,63,111.646
31100,333.3408468051297,117.29288947944943,122.10969269307083,126.72698550799488,68,113.615
31200,312.0177166817357,122.98934010469415,124.56766976149625,120.01386739343837,68,106.333
31300,339.04238507920127,123.08959049541303,123.90929768625769,125.77411323680903,69,110.678
31400,351.0242711616267,128.55333821050047,128.25926262315303,134.21258389670697,71,103.765
31500,317.7026988996533,116.16974598855433,118.34983083603694,124.03516886152646,67,117.58
31600,343.27946479397644,126.34221883184277,130.9251185952355,130.77874625605412,71,112.407
31700,297.89318361535044,109.37885384183878,115.0144324429079,116.91548926384321,65,108.547
31800,306.05153276105585,111.73067747828716,114.97243450002041,115.63468366595295,65,111.389
31900,346.81781483411817,124.55742460499533,126.47322398081897,131.88465400136474,71,112.41
32000,260.6248946793292,102.66946295124143,98.68319414821087,103.46348938619887,60,117.699
32100,301.4129418955326,115.94895023914681,116.15580802979554,117.94270143393429,66,113.456
32200,357.9178965831917,124.33962529254575,125.9474687996114,124.88800396533269,69,112.489
32300,246.56898006831614,89.01309178583337,96.65769586199399,91.42161242734628,58,117.207
32400,260.5534916046659,101.19109404304865,98.80155564078764,107.2177639186344,61,117.218
32500,318.33850457000096,111.53091311047876,117.74980062877759,116.15536735481193,66,107.934
32600,223.02962570815677,90.38474557670739,89.76690686251382,90.67263685370723,55,123.562
32700,330.8835637718303,125.11492509149758,126.01843724443523,128.1312072116045,69,122.26
32800,358.11137278945637,125.84073691747562,129.616079478723,129.6103637548406,70,108.004
32900,269.10377243855123,102.49055983319518,109.57344019621625,106.92648934218406,62,117.495
33000,319.9533599925749,118.86346316524738,121.08294821078171,123.80344031846336,69,119.399
33100,247.87992202330008,90.94560915892771,85.9426043162074,92.0713507101168,56,123.971
33200,322.8158135517692,116.44108146431581,118.62695206445362,119.41737207112011,67,109.031
33300,314.4115309768277,120.50468646982517,119.00885306722176,119.61997274967858,68,112.299
33400,270.9783918077933,99.59044228118474,95.67385312604598,101.68144638731313,60,118.656
33500,397.246697324799,141.10132529791207,141.19706575429683,147.02703514218908,78,106.508
33600,285.75155486836394,106.37902633220328,102.76376838773682,105.83870568418303,62,117.706
33700,259.3489363154685,95.012756947229,96.72740451329915,102.78993274011131,61,118.41
33800,352.7568163459117,129.3312664513306,131.67566328053147,135.35987404505855,73,112.544
33900,259.6249715873487,94.90587838697365,96.22638452013591,98.01051738082634,57,120.549
34000,280.26199382636065,103.57394937709469,102.58388444659099,105.03691661518678,61,118.33
34100,276.98245932272243,97.58086880053492,99.22356311593352,101.30228763056462,60,114.181
34200,245.6653778699183,94.39333493855489,90.6211437561826,93.80038351883807,58,119.529
34300,247.47951401569964,93.85424871752572,92.39474772607555,88.05534801501757,57,119.954
34400,298.3477532769946,111.7190047811494,106.46819240434091,111.17772295310411,63,117.608
34500,372.7229603378616,131.88870168334043,137.64070726859012,140.44261836626958,75,108.494
34600,265.2034117954556,101.60594680451574,89.00712824780909,99.36418171457494,60,118.736
34700,210.5300800240947,93.07940227961112,91.0454707857273,98.51311899261152,58,119.482
34800,263.0891604225168,102.30162111505987,105.55743402981697,106.09337203132146,62,117.707
34900,283.1067272954342,102.37808818094601,102.42161524074892,104.00255405709082,62,118.324
35000,258.4906354075986,97.24378885214996,103.19510365432157,104.86989368567286,60,115.291
35100,331.5803191254313,117.23895494021009,114.16487573131631,121.00101806052179,66,112.219
35200,270.8898055474205,101.53976994772904,103.4988128352034,106.37355839775098,62,113.247
35300,349.2191963721376,120.15406339624008,126.77235769347614,125.98346130510403,70,112.294
35400,359.1384187466706,134.4988788354559,136.7566981306387,138.6950883934741,74,111.403
35500,416.46848270245727,142.07928999460097,145.97504088749005,151.19953253728153,79,106.869
35600,383.62838804658,137.4182963513933,135.06178680442645,139.35531465919337,75,108.906
35700,444.5042506185276,152.58334732420693,156.7025500153754,158.2586770327353,80,101.33
35800,341.5394063834589,120.00529039361155,126.66647264411854,126.32388583560208,70,108.767
35900,419.3867630658262,143.89136940713814,147.95434692519885,151.30473514518405,79,101.933
36000,433.95256950638327,136.17572327718918,151.54606530304847,155.95282830792263,81,106.93
36100,381.3450517920179,131.9219790417931,136.29282056936646,137.61102667856392,74,102.758
36200,393.268051178396,138.87002905221595,142.0146002046718,143.63411644410218,75,106.466
36300,438.4444430977735,151.6997966000256,155.98188497762712,156.41221643293974,81,102.563
36400,424.3745178124233,145.36000024544003,149.96999797698848,149.646087605309,78,107.192
36500,394.3091731773179,144.25016199415808,148.78484624140515,149.02385192166875,78,101.823
36600,378.765154951205,137.6649047273595,140.51494996216493,140.20988497816373,75,106.707
36700,328.9325535150396,123.85363480409825,120.11216977121676,127.47261149102576,68,108.071
36800,496.5648495117356,169.65462272899143,173.14000107375202,175.1371034120394,88,101.542
36900,419.3223395160278,144.1566649884,151.9159524335351,153.5579367073947,80,102.217
37000,284.2372762480312,99.06789426407713,110.59217159720787,114.78543842417517,63,112.853
37100,425.5823274529963,150.73414984138523,149.59960957551328,152.93129659563235,80,102.684
37200,405.19350756000944,145.58768287641254,140.95039864672887,147.89733864605668,78,102.042
37300,307.70765088556817,111.66445899878582,118.16365770719247,119.8399151647887,65,111.833
37400,320.76600067310426,119.28164235938182,119.25930844601189,127.18506649976726,69,108.237
37500,408.37185819805745,140.44595397826274,146.65955268132,147.1958733356975,77,106.104
37600,386.1189000319919,140.8352943076742,145.41192417025405,146.35930275872545,77,103.324
37700,377.3040615683533,135.9201579940319,138.01184978568782,142.8467009698257,75,107.335
37800,330.16112440365663,115.8848471777188,124.7703114951821,129.55350143541918,70,106.755
37900,312.11934258242434,123.14319187162658,123.24320405238767,123.6725103226256,67,105.124
38000,409.3123618009015,142.98786673087065,146.26844110276392,147.27205390735972,77,107.3
38100,409.4721507839713,135.5169122075345,147.1398580872061,144.7582883281251,78,105.352
38200,403.68606302931397,151.72137975156554,147.91647244535315,152.90818672908054,79,106.145
38300,399.24666449215766,145.41919226202216,143.29440641467488,148.98263580531213,77,101.136
38400,360.44329625785764,140.69514102159013,144.98318434931235,147.66095455229276,77,101.523
38500,302.9134801771334,121.52607387159138,122.81711734605477,126.14735144726596,68,108.914
38600,380.04498533758544,135.028161408483,140.20790900280656,139.86835213040814,74,106.329
38700,455.013403727167,157.03952070443776,157.91300848998517,160.31387664428198,82,101.693
38800,374.65865532944406,134.41372818794244,135.9388718420853,137.25461932800198,73,109.237
38900,361.83071833058546,135.73832917308178,135.47782346098182,138.51362619478184,73,112.754
39000,365.33622924456614,127.30840909301963,132.12563887385386,136.14257206325567,72,107.33
39100,410.4923931626202,150.01994441217585,147.6508777552684,154.75112992798424,80,102.219
39200,384.71080934421013,131.08872614271039,133.48541623208834,139.68849227097002,74,101.967
39300,366.9905143544513,129.06410997354257,136.8785796671308,139.21452311058,74,112.503
39400,404.4590526662586,145.1001399757409,145.05085526390855,153.61887467303387,79,101.542
39500,414.427532921644,146.30173921054455,143.29307230965608,143.6749529249836,77,107.143
39600,344.81697338919963,127.57457781046737,121.58506604465447,131.6080890011815,72,108.101
39700,350.2983627187011,129.10960233891905,127.49952231705096,135.33946020920376,71,106.779
39800,391.58896815629777,134.02385224832585,140.11892081732682,143.6335456348054,75,107.142
39900,369.6178343639491,129.83160377920146,139.0926507299654,145.14857383793318,76,107.967
40000,386.9476205642869,144.51659396434994,140.6918208693603,144.8737259650316,77,103.758
40100,354.5877473482339,126.19108755072604,124.16657518802103,130.875578683359,71,106.142
40200,378.4340722070154,140.39582835717454,129.13335889817606,141.1445267700891,75,108.421
40300,358.4678975920178,128.8301429647214,126.06728380001663,135.78351666946364,73,109.726
40400,301.9803365362911,113.94503043292963,111.38468091444251,116.23630596352976,67,118.862
40500,378.0537978998026,137.73296230103983,131.41431259622502,136.55437292329836,72,103.486
40600,361.6385034963047,130.18449118312918,132.90262952667067,138.19396536993983,73,108.318
40700,354.3934825895123,121.40959919508533,129.0041019940611,130.06325531333619,71,112.174
40800,408.56982138471795,141.9675477932573,144.40398198838062,147.43463477420875,77,101.743
40900,427.33063330411545,145.35960941130818,149.44729721223558,155.08716351504765,80,108.61
41000,306.6750101999327,119.74963568485173,119.45748094435201,123.60643390098018,67,108.664
41100,359.8418172989225,136.81540766661377,134.14807402085506,139.7559793377442,74,100.965
41200,373.06917717532525,129.21304121831093,135.93370209224614,141.78339027687065,75,103.919
41300,374.8734111666074,127.22345721994718,137.22255357892072,141.20687036872715,77,107.972
41400,409.7560048293506,142.72607015974867,151.70906512418497,152.81166538182953,79,101.022
41500,258.01409650208683,104.28919413725383,105.49151678185821,109.77070986361525,62,107.49
41600,329.8524259310595,110.95699459145936,122.61483183856731,124.36141886706599,67,106.683
41700,396.26332063186993,145.0949442851256,146.1146175457032,148.52336557973865,77,95.852
41800,287.1458254895972,120.20280891520196,107.06745424150029,123.01969568155974,67,109.601
41900,431.46926891632904,153.0624449465255,158.8204108308875,155.72775885615113,82,103.321
42000,357.50002962908616,128.70248766260852,128.339818234727,130.76094005726648,70,106.505
42100,365.6191703378809,134.99267753278357,131.5568277379753,137.08195144116337,73,103.089
42200,316.3824475725906,116.9750230666613,128.8835205538039,126.63151259510883,69,107.256
42300,411.43254141023647,145.18784479081785,151.63403400491845,151.757366411471,79,104.439
42400,360.3144269830186,132.67282958652217,127.83937484641005,137.98106400114122,73,108.551
42500,354.75584474598094,129.7514897812282,129.5054665549693,129.09881381177078,70,106.591
42600,392.3911612200773,137.0084975165335,137.09640607915549,137.82257257364014,74,104.15
42700,411.7044839647959,151.16422816489157,148.41560481511985,149.85538797974112,79,107.396
42800,341.12602046688784,126.97791927944472,133.32566510143914,130.83088340085732,71,104.217
42900,423.93705934542623,150.75805930560662,151.0532580368567,154.06280342298135,80,108.756
43000,407.696163513023,147.11107136240332,139.86835488367961,144.75452280241717,78,103.037
43100,363.27469866484154,143.21616857642425,139.10411811027808,140.97375616704423,74,103.219
43200,372.0014070342714,132.6950851314117,134.9084344254514,132.25586244595996,72,106.67
43300,427.39669341105537,161.63879970430588,150.96997409834813,161.5641748511608,82,104.149
43400,315.49482329109213,125.37856845326516,119.42789169038114,126.05042926270058,70,108.683
43500,422.0333137789271,153.777226917877,150.5567651557763,152.5869992105011,80,103.647
43600,345.9251270426419,135.6686328908486,137.30889588654668,142.23797799341548,77,108.985
43700,400.91094066186963,145.1483602697322,144.46322085668348,151.1613143033148,79,97.637
43800,402.78631738457375,156.4587955250484,147.1733244565022,158.58979965272135,82,104.348
43900,303.0950934453489,112.07911822531204,115.87865906983563,121.02226963318442,65,113.38
44000,382.80346128673386,143.46777057476152,145.48145179111162,144.36619796352565,76,104.116
44100,363.7949055077818,133.2214305981082,130.04002806983715,131.88918409392934,71,105.943
44200,373.03258542581125,136.36171515352495,140.64829471798916,140.09275347243792,76,108.627
44300,335.79492253901344,125.14292998831364,125.98452164749538,130.35204783281173,70,103.179
44400,421.0531259209563,152.0024276072218,151.71039238850855,153.0232776164821,79,102.664
44500,419.1836143825495,149.32104708145857,152.5153988396501,150.71538664390718,80,103.448
44600,366.700164837217,138.21496244028978,139.1361109773662,141.84433786372034,75,101.955
44700,277.6300597144346,122.28387773724887,121.16604756455816,121.42216244656473,68,108.469
44800,313.68786868314146,120.444853440569,120.76289593387914,122.23766986873952,64,100.753
44900,340.4223402931612,129.60773089857554,129.2631332710983,129.69626870599805,72,103.509
45000,321.065539771178,112.69208803609723,127.12435536831613,131.48273066377092,71,112.756
45100,314.10254603143915,131.6268672438749,125.48503744193276,128.65861888897368,71,102.755
45200,420.5843622706601,157.19541750206972,150.85530101688695,153.09453996025297,81,108.497
45300,333.8215040455284,126.43740756410976,128.897328236232,126.44068319204455,69,107.111
45400,336.5723023745767,125.98104067768237,127.06207215784043,132.63159702187875,72,103.134
45500,365.5988399427968,135.59081392196111,128.99050026125272,134.9400126084037,73,107.695
45600,374.22128065765105,141.37100488992508,142.99022181864908,139.1926064712494,76,107.153
45700,354.27790141055215,130.37171074420345,128.17482711830692,133.41913700554105,73,105.79
45800,359.5273018148405,135.2658190658527,132.37361388782355,133.5398859259408,73,102.558
45900,362.6208258538076,135.20683037423595,136.5903644498214,137.3541063734173,73,102.032
46000,431.57279900990187,154.49010908705085,154.12368453585202,155.91714206987572,81,107.423
46100,400.87317387355733,151.69755090414597,140.8739850735641,141.51727344487188,77,101.39
46200,425.73331707975376,156.39615394215147,145.407415275231,154.11482039702332,81,99.262
46300,398.1248788607703,142.64541162083253,137.2787138823292,146.74759674728594,76,107.216
46400,300.16474985368126,124.99508088187287,122.53772676477664,124.09054664782701,70,104.634
46500,305.8802896060974,113.31614437354979,106.75296685500636,112.65806298283361,63,113.621
46600,330.98276263770543,126.85697685018664,116.86019166010125,129.14550572174022,69,103.234
46700,348.72384905725363,128.8914771122509,128.71232326304064,140.4307191402186,74,106.799
46800,171.72206378069095,90.4067443879474,82.4013553028094,94.52697293506937,54,108.779
46900,301.5456897223632,119.26106494499325,116.05044353379489,118.10664245121482,66,109.671
47000,344.1296993437381,134.74340407075852,122.3177918206963,132.57221532862698,72,107.051
47100,394.25809305182815,137.30136023509954,140.12843525786133,140.0176606823773,73,101.883
47200,429.1487906190154,152.22372403383568,155.070487442344,151.10065637688768,80,103.733
47300,371.2275904220024,138.9292277787201,125.47754730700218,136.57202049337747,72,102.116
47400,340.919706263448,127.7412245093492,124.70787391171804,130.49406637866937,73,109.783
47500,349.2763559679975,129.79192823573376,118.63582152870613,129.6341406273391,70,110.051
47600,372.7212119614242,137.35339546047635,136.64564250958654,132.1769098348512,73,109.472
47700,302.9903590955146,120.77292784563899,113.53117871234636,123.58201278194363,68,115.326
47800,407.663046416729,149.07264259827045,146.80338258916734,154.06324299579262,79,103.045
47900,333.4390332983071,124.170088818833,120.20333422556156,123.88974151737523,68,110.422
48000,365.90105844937716,136.56977860188462,130.65686336194605,137.94440627477852,74,108.288
48100,364.09865223445814,140.70953926210706,129.0149059406386,141.03431730795864,75,109.636
48200,340.6268082591833,133.46118201120763,128.30454751584904,138.32228687202166,73,103.881
48300,379.03012262955934,145.27894507711775,135.1758741540274,143.73702007876082,76,102.801
48400,340.15934943997274,131.82383550013344,132.65454390297825,131.3847068368118,72,115.199
48500,384.6693451898601,144.37998149346606,131.3668694655834,144.85809892218117,75,109.292
48600,331.6175896410279,129.80829450506343,125.61326965226198,130.12489021875473,71,109.611
48700,348.31298972375043,130.81360700097088,122.64807714998841,127.61243478412493,71,104.114
48800,377.5489089495271,140.0987579726284,139.21494504544063,134.91227243585033,74,107.738
48900,297.6958156195649,120.98178695895817,112.20071534041237,120.75091080772954,67,110.383
49000,375.17073210648874,137.69128903253548,137.98410017713647,141.26892130515068,76,107.829
49100,348.10279527209343,135.398982335342,133.54095437222685,131.57523255081074,72,113.748
49200,356.09721385014427,136.919821164318,135.05209524735062,136.29516334331848,73,103.209
49300,382.55756549516263,140.07379272926204,132.72395599455237,143.77353508648,75,102.097
49400,324.48078964406574,128.6341323136505,128.45463422168177,129.37825256973036,71,110.823
49500,362.03058492825403,136.4299749577051,136.02905153073613,135.71301714614884,73,108.19
49600,375.1937991750095,139.61038071983393,130.93434868517386,139.50457206406833,76,110.598
49700,375.8500524302241,147.46863491285959,140.86930460388376,143.23165187450834,75,109.003
49800,364.6224297673267,136.38221026397795,133.1789622713827,134.43787422898478,73,103.418
49900,365.61522432220545,143.61607703879508,128.0499582094353,140.09869690890434,76,109.901
50000,310.31589368566245,126.19348324253795,124.08748219390546,126.18281142971786,68,108.656
50100,425.9832667884812,148.64768185476495,145.9981422496062,146.17907056570326,79,104.274
50200,314.8268732578814,121.13503062638115,119.14008086587391,117.23100372314275,66,108.836
50300,326.85383881039894,134.03073415127582,123.28720569596982,134.7202991243019,71,104.446
50400,377.67538129109226,141.97423423002107,137.48729775814652,139.50543946420368,75,102.725
50500,329.4691923210414,138.66026754444292,126.74790683068069,138.24451789436844,74,110.616
50600,360.6087853056127,135.76011761185728,123.28012369794885,133.6554560497856,73,109.432
50700,333.38183041612496,127.02208183814655,125.75739322958356,131.65683946079486,72,114.523
50800,299.0204029675045,109.7512983630373,107.53777209790438,117.17622623257465,64,111.196
50900,279.205579402549,110.66173976738057,107.73763028217482,100.54801336735103,64,114.117
51000,325.77295476784764,130.64140938790763,123.54679893926699,120.8018154029912,71,113.504
51100,273.8985553518247,109.68591175031453,107.48575785992163,107.37544095708678,63,110.038
51200,388.93491133333066,142.28406816526956,135.70885924960675,146.39622807870626,76,107.762
51300,363.06344692185917,138.53364741516222,135.46569676031154,125.66277534568994,75,108.782
51400,329.443763062428,129.1228678209689,114.81520628512027,125.91633240877138,69,102.873
51500,335.66603352794255,126.99823352114736,128.39861363182493,128.14662601932582,71,103.824
51600,353.3128548078368,134.40008597620624,133.0062286724947,138.40938327845504,72,106.961
51700,389.72569616778014,147.25732530338607,141.29710353321812,142.67233240986354,76,104.871
51800,387.9342565908722,146.4634108804251,132.199021581575,148.04169353231774,76,107.257
51900,200.5859846819139,95.36999995869361,86.7445818281274,98.05580379480845,56,110.172
52000,404.04669048125817,153.99392514385815,151.13990081281705,150.94767640347328,81,111.151
52100,340.426307934028,127.05148112849297,123.0864462187515,124.90886372124245,69,102.154
52200,318.7157552868338,129.53329228262677,124.68118394187208,130.98506835149703,70,108.792
52300,356.28764659947194,132.01436590288247,123.1089731299295,132.84467150525995,72,108.241
52400,328.50260386130833,125.03109762861841,123.49685406421413,129.71988132953794,71,107.941
52500,330.07696768034896,126.1348198129484,122.99198605882466,126.53698060116389,70,111.823
52600,349.20689716523736,129.92387098160117,130.16826700726043,131.94600664539254,72,108.426
52700,343.03044963462753,128.62324134028643,121.02673292900107,129.59418742245006,71,108.197
52800,421.1853251700339,156.7879890637829,149.92298985891418,155.92079576711217,81,104.8
52900,352.523083175136,124.8414481141187,123.68178166315028,131.96990390138552,71,105.318
53000,399.2369971499206,148.22981899758207,146.87539864927476,151.49699112993346,79,108.064
53100,293.3821058745423,121.76823659859106,114.84352353062037,118.91553693864606,69,115.435
53200,388.0565435339096,141.91773577590044,140.31683202351024,142.11648762442516,76,104.619
53300,437.19502985771396,162.98666048337958,156.093082989944,158.5810469460456,83,102.961
53400,314.8477653731006,123.576461380885,124.30543681797663,129.95331262860935,71,109.981
53500,390.05563056837303,143.7410747720614,151.05551833963543,145.25860902474392,79,103.591
53600,398.16301437462823,147.857497889359,143.14289866937196,142.7176372249701,78,105.101
53700,341.9476071969316,133.844488194638,134.60677432951005,137.4580458733642,73,109.81
53800,337.8463088513679,128.5074669105856,124.94294020626033,128.48543665227533,70,110.591
53900,373.0280352358327,140.7680134746084,143.04552831168613,146.99406220986214,76,108.483
54000,405.10569611201595,151.46586472176597,146.20250074343338,152.17617159980847,78,103.519
54100,321.54807915888915,121.48009399446727,120.56139599586574,124.9641806024739,69,110.758
54200,317.14823689683675,124.51465866676713,122.53510138048267,125.34035188338325,69,108.558
54300,414.4835188909328,146.3221468523897,147.8070590891986,147.73347416505328,78,104.607
54400,422.16001279022186,154.41108804657952,149.44134311264875,154.733018319354,80,98.692
54500,399.295292002527,141.5752843257065,141.34486149552208,145.50785455372827,76,107.592
54600,359.5197352218937,128.03031692192587,127.04723581215436,132.19180500018456,71,110.738
54700,408.6732252355654,152.15780989277843,147.22907484129686,153.01702285856084,79,110.145
54800,418.50671121945726,139.97107078242553,145.5955617855743,146.28837692097383,77,107.75
54900,408.01125220910717,149.29755813545486,144.26416051971296,150.57501280921625,79,103.604
55000,441.637513395868,169.27841180273285,166.95747563611127,170.6577328584787,86,104.426
55100,384.8291443991091,143.12855213041112,140.08969842130836,139.83597667869464,76,103.142
55200,407.34713340244167,155.42582982395587,146.8685710773843,155.3505009838807,80,100.092
55300,315.13411212580644,123.82895806282282,126.03626901650792,129.0431771384811,70,108.583
55400,407.5074636108062,147.7694886132448,145.53855810468534,150.1550680887462,77,103.355
55500,274.4885912517786,119.50926725249447,123.65924638176071,123.24627567969723,66,108.586
55600,339.4388925935159,128.49464373028528,131.1839129392036,130.2116884068733,69,110.611
55700,324.3456260567731,133.16971037138973,136.1930670141065,136.71966928217432,71,104.777
55800,292.93507422178425,118.99302854778001,117.47969749528234,116.37743410905406,66,108.202
55900,403.5770275756542,139.4503698809388,142.8849298045499,142.34483230155695,75,104.749
56000,308.78612485304666,120.50789857699414,118.00315046006224,119.11419494439534,67,109.716
56100,330.6726812356467,128.05543396743053,127.53193066899438,130.87746631311725,70,108.167
56200,358.2816459480458,131.1317062345193,125.52114438110311,134.47919873254193,72,109.788
56300,334.9917114307746,134.3882219631847,128.5736599976575,133.70030760689352,72,111.481
56400,364.4859995797919,137.20537167406218,141.51820456862401,140.7229201423953,73,103.763
56500,281.6453897695178,121.36428341917782,119.10446704610281,118.91154634711202,65,104.711
56600,406.5741483361782,147.39774599734895,145.30949158378394,140.38358653954288,77,108.201
56700,383.65337188175596,147.68218596310678,146.53596601372882,147.58525399778793,75,97.299
56800,425.7320920346463,155.0975290528024,154.4715334814739,152.44589608752642,81,110.569
56900,424.4035431758138,154.00588805147243,151.07316608125237,149.2287766966888,80,104.799
57000,369.6915114516232,140.87880765709687,135.2317678816502,136.6822085516084,75,103.372
57100,299.88473728132396,122.60820170433311,120.33015519214649,115.52839484984257,66,109.716
57200,399.78783185269873,141.88065779353084,141.0831712092271,144.43248036724094,76,103.701
57300,382.5431850460437,143.0359323932337,143.53765694822573,144.32247272104703,77,101.964
57400,391.6039969312611,146.1098554408713,147.36520398575993,149.82256329110015,78,103.82
57500,389.63751229093424,147.54354320224118,147.48968841301473,148.06100446275633,79,107.066
57600,292.97924007520055,118.95930927652573,115.67875628783503,120.53685752437886,67,107.331
57700,394.63402298635526,151.030961358097,146.44521927625456,151.3887649157423,78,96.341
57800,407.3249067465554,144.75493681554477,141.48484562002244,141.6510933009497,74,102.52
57900,395.4411472548179,151.2345101068391,151.11902430050634,152.0900870798674,77,96.674
58000,424.51177369468866,153.35528420153042,146.01522265148597,150.44733656964857,80,103.997
58100,469.6465448646648,163.4241863364847,160.62560790442868,164.83319778481535,84,100.381
58200,428.694836757283,154.073690343145,155.58302694330538,155.74079704963987,80,97.493
58300,355.88154476876406,135.48733521470658,133.53357020154053,134.7557996208947,74,104.245
58400,297.08299491443654,122.86103243216012,115.87854056340355,125.52168776612864,66,108.006
58500,366.1108873972616,130.03161888130703,131.5453335955954,132.76212507830266,71,96.11
58600,407.1773662099377,150.16512503860451,146.59447587571324,153.3303695116881,79,102.683
58700,317.44599791838283,132.54796571502274,121.6280749018768,131.11706712884407,71,108.578
58800,422.3383748688517,150.7082582775423,146.93876188676185,149.99456270798703,79,97.927
58900,428.08777309715254,153.6303126223912,149.81971620796443,152.14652980592246,79,102.133
59000,348.045662294475,136.72585267000346,131.59799096607694,138.47221622460634,73,103.724
59100,343.0041191651797,141.82335779951455,132.22798882439983,140.43676367604482,74,103.592
59200,403.5372318596796,148.13183100925016,140.91218087720486,151.6828880168932,77,104.103
59300,400.97739712959157,152.35258843191875,145.2314088567565,152.44424673028263,80,109.912
59400,426.805470404495,158.7017425900513,146.53452804562073,153.297793328225,82,105.025
59500,390.02580868380255,138.47706418231425,140.70865117134235,139.79052748378135,75,104.877
59600,417.75158142167277,150.6219330793684,140.04319949874406,148.18142294811193,78,102.674
59700,400.6651538776217,148.64258005486914,146.35313705811566,149.30161350150703,78,98.308
59800,336.88076747114724,136.03728785776286,134.80009680381158,135.58867682425608,71,109.352
59900,361.39274171853475,136.2306071869818,130.60111295578025,140.24879684489085,75,110.43
60000,374.0649789448762,142.17032352258434,138.86404008836413,147.44937337156284,76,105.614
60100,332.6961923067227,116.40259234533687,123.66271288849717,125.51088644211373,68,110.148
60200,303.52929861088325,123.27210855366357,119.85679521727654,127.86111366971456,68,110.857
60300,409.92280498965704,153.4484875212677,151.39477971807983,152.93379006333998,80,109.816
60400,395.6752412598196,145.48203759133358,134.56489692097065,147.85586887915963,76,103.448
60500,360.33881019029394,140.5633008656815,137.458485500503,138.65915727651162,74,104.588
60600,420.257771189681,152.18537668510643,150.78134416333637,149.06860220219522,79,103.782
60700,403.62841338076294,152.48319235497888,148.08886925457315,151.1429878591658,80,109.985
60800,375.4004772651952,136.7751449994598,140.31263696609824,139.23887170903262,74,102.201
60900,370.4047702294281,133.54131458565075,134.5761765086423,133.42591863609502,72,109.349
61000,345.33354213375395,142.5932075484757,140.72545517775833,145.6214289027881,74,104.812
61100,375.47832358808256,133.76605213690186,135.31938121705062,132.4209954960046,72,102.206
61200,372.67523820000855,136.7412416565921,131.90131467087633,136.22447353204404,72,108.666
61300,409.91815164323384,148.19438680980906,145.89709742524397,146.83312641990938,77,98.845
61400,360.7169084784457,131.76520427061695,135.97123518966364,136.76538667220677,72,115.198
61500,348.0242025500804,125.8251323471268,125.94620612249868,126.88780338532483,68,109.632
61600,427.0775001896605,159.59946479405468,153.50790767676943,158.87656148184334,82,101.19
61700,417.8387765333069,148.94252967978622,145.30927618931983,151.2222851623316,79,108.776
61800,403.6964295654124,148.45015495275948,144.15837443191654,148.87365595584004,78,104.605
61900,431.04675091980187,157.06800725109713,152.92543290984443,158.17003216375065,81,97.763
62000,403.4476366647126,151.11949635355344,144.12833504572822,149.66151431049101,78,108.078
62100,386.3586939327571,145.12244541073932,140.76665554659087,141.4646101546623,75,98.732
62200,345.83492684015545,136.24253751466443,130.88004909998676,133.16244524208162,72,103.731
62300,455.69683902170146,159.01909724668954,153.61674408307698,157.4112935841157,82,105.101
62400,399.4218115766682,150.95799826787982,151.89151096195693,152.70883815523865,81,100.059
62500,382.25628983101194,147.84174695391573,149.23316859475108,151.14837784129722,76,102.976
62600,380.0438741307951,142.5643667751838,138.23375674579268,143.0812869987494,75,102.65
62700,412.86080836883394,155.787867488129,152.89141694204446,156.29394190136588,81,105.272
62800,421.5832096140498,160.25445053689845,154.41669691159106,160.2423189405446,82,99.553
62900,388.00694823184074,146.8621257435655,142.80945199374295,144.38816307583164,77,109.732
63000,478.1931541105168,167.61519581562058,169.27090193938403,169.31801263030115,88,103.839
63100,392.54746581501,139.88380156813534,133.56538089206566,142.10582409377662,76,102.572
63200,443.1535152840877,161.73632719096494,164.49650614462232,164.02797310874874,84,98.731
63300,329.40666052335706,128.56546109536907,127.82631255474675,129.37638096836451,70,108.558
63400,409.21235728818044,145.59419661649721,145.61209994342877,147.4420335692421,77,103.089
63500,312.1561074344938,124.10334189067936,126.98409814509077,126.49701594014232,69,108.199
63600,367.59178768314996,134.65344957269133,142.94906052445194,143.92872579432083,75,108.242
63700,404.157612597504,146.75818867598412,146.6345504992953,151.4974889286983,78,101.802
63800,403.66676296299244,142.46798259506937,144.5297048499475,143.85416801478127,75,103.814
63900,423.5754432176482,152.85600475996,148.43065890721172,150.89928194710475,80,104.76
64000,414.00543770453567,145.43768986116913,147.47678718225822,148.99510479441628,77,102.23
64100,405.34172984688144,149.5195829702937,152.10809049371875,154.8744533047447,79,95.881
64200,319.84340522118856,122.48330170455085,125.46921104840033,126.64634248814565,69,101.941
64300,318.88194912460284,132.40561709133107,134.6400669606572,133.0644587103332,71,102.701
64400,404.0790107904548,147.5361516561303,150.85461927368826,148.70842271065305,79,103.18
64500,405.39872855614226,139.3371648621047,138.8159327159322,141.5063314095683,75,101.609
64600,349.3495076399041,135.3583265477433,137.2696678142428,140.05918134813194,74,108.836
64700,409.9634986601952,144.99366827060805,144.25418998615956,145.56298045946644,75,104.619
64800,378.8938928161351,140.53616378914134,142.0048441401118,142.816241885086,75,102.749
64900,388.70702938690624,149.78868622547128,144.45573076261095,151.72595928398795,79,102.709
65000,346.3777013786945,131.46810817818528,132.20439572738215,133.52859923953744,71,108.721
65100,320.0775842873356,133.47663854214326,137.97888872871636,139.18592714363174,72,100.384
65200,356.29034524000997,138.1623339922715,141.50769276077065,140.52544343869758,74,102.617
65300,406.41990890040165,153.89334803634134,155.41985037547084,145.7142233127042,80,104.269
65400,303.5568806391197,125.03974359812617,126.96047557362523,128.5827901116314,70,109.113
65500,287.4552627006843,113.90735716249796,117.7747936578364,115.48397828797586,65,108.761
65600,345.52167517782107,134.78974409996715,140.81815375966463,140.43660760731112,75,100.514
65700,331.43965943596174,136.8125685290688,138.59459329797403,141.4917565595033,73,105.672
65800,387.19050982223865,150.18074692313894,148.2464008639212,153.46707320274393,79,101.531
65900,388.70098105396573,138.26089309888215,141.7235300050745,140.20052905896165,73,99.191
66000,403.278960441004,143.30940823236423,145.19238217981686,147.8913634371607,76,99.744
66100,378.81322317834207,141.7751563315748,141.17047733972103,143.8889623438423,75,99.514
66200,317.26798862883544,128.5365731273485,128.04204139365,131.58993211300003,69,103.987
66300,334.1478877045561,123.72591055885827,125.31825474425037,126.88551004671277,68,105.328
66400,332.86447285685296,129.57389762267016,132.75760667687666,130.0500261907853,71,105.623
66500,400.5342098710223,144.782315854248,145.6453258555489,150.2865073970788,78,93.616
66600,418.36194804713085,150.77758813941654,155.1485793916567,154.75182848318735,79,99.434
66700,422.17839361731757,149.7538207205971,154.3960936370569,154.43955348268,81,95.588
66800,452.2324569516817,159.58532983360007,160.92904755770707,163.31049544693087,82,92.654
66900,352.2486344125017,133.41736149709564,132.6457840712214,131.02603761879783,72,98.822
67000,404.3963175643595,143.64036658674064,148.97738635825036,149.51836888938774,75,93.969
67100,411.21302931015396,146.05986456871642,146.05514122060853,143.86980041839269,77,99.291
67200,396.9904202190962,142.7645180943981,144.13307734841206,144.51205555420276,77,103.76
67300,388.8085035371319,153.434200616961,148.48778048873922,151.22894743612358,79,98.999
67400,414.8130291437486,153.87247993262386,155.4070525904963,147.19509963878,79,94.713
67500,311.59147250776414,115.09378886211411,124.60206266420366,120.60661889646651,67,100.338
67600,391.8614291127225,146.15633584293664,144.46371698488318,150.02834415495755,78,98.852
67700,362.7357246702975,144.9770158330409,140.08882867231938,145.70166538338768,77,105.17
67800,326.3292293513728,124.02407487621487,128.5486278947583,125.67873634372195,69,99.844
67900,419.6300534410513,152.98582239667593,153.36067409853413,157.46647666497748,80,99.846
68000,417.73519222738764,156.68623507531558,153.3874476352758,157.20447425022553,82,100.411
68100,410.64263572738594,147.6311444259173,151.41092391152225,153.20719431338443,80,105.681
68200,354.83822437460026,132.4218986464777,129.82928787197648,131.4687050274316,72,105.001
68300,409.372112407868,158.43292983950099,154.6696081110072,156.61906113307188,83,100.095
68400,353.3423644930344,133.85511911919127,134.89925917234137,140.52226209644178,75,99.556
68500,467.6250881527849,163.9298319048925,165.749328910162,169.10198118021202,86,94.051
68600,339.9520099195908,126.65197315412719,129.49056567964527,129.69990699051417,70,99.625
68700,358.668172384704,130.5202990631808,135.65709839779393,134.84677176333352,72,99.487
68800,332.93386862519145,128.4719339948272,134.18576221047712,133.7375027216458,70,104.469
68900,330.23718610642004,123.46699667734178,125.29897428231072,120.88095607426094,66,98.777
69000,361.76346010966233,139.34019172365572,135.93852298597633,138.8145200612595,72,99.783
69100,404.6496704643484,156.67303881786773,147.22362223342932,158.3762939740631,81,100.102
69200,395.47888380527945,143.5934738296943,143.56584653547208,141.01013225900337,77,93.105
69300,347.693743436796,132.0342841441924,137.9875317812275,139.4148239221727,73,97.126
69400,357.29608409914204,134.49285326938968,137.25164180848842,135.3729881763544,72,95.915
69500,408.6312634318264,152.8489920241868,152.8759180079073,153.98211736396294,80,93.275
69600,324.1376667489227,129.74557700526472,125.03803904075721,124.5676712741695,69,101.749
69700,381.99450107374645,145.12577817626638,141.3969756766886,147.31842258883776,76,97.174
69800,359.4082278038989,133.4477186811636,134.6208822865225,139.02677519432575,73,96.83
69900,411.12775891553827,146.80662454264436,142.73923281639506,147.81009462204932,78,92.17
70000,402.00695833535764,144.02434894161004,139.3135575049517,140.84042236184735,74,96.342
70100,446.01062623315426,158.21180014032717,155.94334357445598,157.6301293532846,80,93.701
70200,385.1789470602772,140.48047517870768,134.22150167378365,141.4788925708255,74,97.106
70300,395.83720796297473,137.38516016809382,136.13576183461123,141.20461655323962,74,97.177
70400,349.88358576582095,128.13768574628213,125.42545889804009,134.41682132216047,74,103.072
70500,346.11627916410055,136.18048992572542,131.11759202013263,138.97179368576866,72,96.022
70600,417.9159440919317,151.3627479888709,153.66587129884346,154.24307659942582,81,99.257
70700,340.14624208790747,120.82524013460969,129.6629559266411,130.97608513097376,71,102.281
70800,337.8524748885459,132.9828094385053,122.54694880739618,134.1557848917664,70,96.992
70900,363.6383209177756,136.27145793294633,128.03671300030138,137.05137882427806,73,102.015
71000,409.08075907300065,152.04332783473643,146.18967702624838,151.45047856610765,78,92.708
71100,302.7251663099121,119.38766053601312,128.39444790612703,129.86895294833192,70,109.123
71200,368.7492984222899,132.1621113130922,133.9177720513695,140.62004830926418,75,101.489
71300,366.7119945688128,140.27576197760604,130.86121356741953,143.82062535069784,75,105.294
71400,309.7369686627115,125.43501845846238,120.28890658181481,129.9039462325569,71,108.888
71500,215.00165867017844,93.97303323276088,96.36553068778795,99.46632365002687,57,107.864
71600,287.04625067615217,114.41087046219917,118.04100033264362,121.58750669606744,67,105.186
71700,417.4993413796949,148.15581163127007,149.55453874892538,149.38658085960498,78,97.658
71800,392.88050159706273,150.36094623798934,139.3912339910497,150.80751070414425,77,95.676
71900,387.92534294449985,140.37724689807771,136.38447671283743,138.64832406905688,74,98.197
72000,370.99520261649246,153.58399348135464,149.26037043114823,154.59543116345776,79,96.509
72100,352.2895515351713,134.78302655812357,127.56147633125354,136.59256422127092,72,99.028
72200,421.2702120997165,155.0651890199686,152.15710937828513,158.87945939742613,81,92.759
72300,359.89865999883455,135.84477539529527,136.07180444248627,139.0412852108331,71,101.446
72400,400.523786021523,151.32957140629208,146.45389848777796,148.59036380979762,78,94.108
72500,413.2116580422255,147.69507836387362,144.29253470714852,147.32433413872417,79,101.081
72600,368.6438102812562,146.57190941813343,140.74864355628685,139.82261015557,76,97.879
72700,392.7761129460117,143.07912389475348,135.33235805357907,143.4301196046832,75,96.368
72800,353.29243603222704,133.86924575363437,131.50915904347883,130.35870143932982,71,96.223
72900,287.22500041787526,116.73498367729948,115.91899918355122,114.57445975096628,65,104.236
73000,410.9942643131572,152.15619468672878,152.07131309772376,149.87256106212863,79,101.275
73100,392.62043138169264,144.54193099526978,145.04753870314883,144.4818268958533,77,97.016
73200,353.2959609120425,127.36327933938806,133.76113734647396,133.2053846351126,70,93.408
73300,368.5176731949947,134.37994346336194,134.32504932818793,138.52229992747155,73,100.847
73400,437.5506910319943,160.08789278571524,156.6053156322067,162.7460661231188,82,93.02
73500,445.5932205870684,160.4162761033913,156.42094216529006,162.500014014503,83,98.071
73600,340.2357420492066,131.221066037713,124.42415169645805,133.0004404148913,71,96.514
73700,486.1855409801566,168.3292881432757,168.49371355869226,170.5600746604566,86,93.079
73800,429.94712399767684,151.7296055921821,150.26758679850707,153.9775021948745,79,91.502
73900,433.86536160765326,150.81732156435416,144.73669454228545,151.27537275631337,78,92.544
74000,408.89926993193046,147.8340022673211,147.23381118824926,147.90699899732158,77,96.722
74100,393.6893339071969,149.7843550401125,139.13946697237597,150.08046074431812,78,97.323
74200,423.75603479485386,153.35737764456093,148.2699316067273,152.20345754665925,79,95.555
74300,445.47254490469805,158.9188392015774,156.55347095738193,158.45424994497435,82,93.481
74400,347.15728543783354,133.88301841637204,137.2483834333618,137.40843564528353,74,101.509
74500,362.10819921067014,130.74812170420125,132.11332884186902,134.07005841375923,73,97.065
74600,386.43295728765827,144.74262639636063,136.77369741856612,145.77006858517794,76,92.911
74700,437.7900339867,156.86274031450924,154.39515324592415,156.90805317443602,81,97.284
74800,421.86871377398927,154.0894338453928,156.07685051868404,158.4372315662509,81,96.186
74900,355.8068005525371,132.47813651361935,133.14193594225026,133.50970895921694,73,99.032
75000,402.10182458297027,149.48402202075826,147.79280441013938,146.70643780523227,79,96.134
75100,469.31320027352905,163.7289581518008,161.21736108546563,165.11499928026154,84,92.593
75200,386.0423514682579,144.08216100273654,140.12200418437567,138.97481819020354,75,92.941
75300,324.194186830142,124.15616640511197,125.71155549089026,126.50006842842264,70,106.966
75400,380.8461947517497,143.87220434218725,131.94192346323277,145.23828850669034,76,92.451
75500,329.35126280893945,129.69080112534328,124.50287339386018,130.27866267718835,70,95.322
75600,409.951632909245,154.99315908133954,154.1478327031398,154.1344104874871,79,92.787
75700,380.7846108388029,140.49360984338034,141.09462646955777,139.3788059482681,75,96.03
75800,370.80872815655823,137.18002387957645,137.1019101872694,136.8731809499973,72,98.017
75900,374.86545279678035,146.43964997454313,142.2456555070264,148.44668995698115,78,102.644
76000,473.14651579255855,163.75594198727393,156.9811644022856,162.54731765858412,83,92.517
76100,378.90409912843126,141.29163476614815,139.10836651087186,140.06832619388263,75,92.926
76200,386.50573482693915,141.54831323483776,138.52369274622004,142.26016268516867,73,96.74
76300,449.6617175356369,155.77032236333437,155.19359377253372,158.09173923346617,82,92.703
76400,409.6931622823221,148.12395395911568,148.9254588293739,151.07030259573713,80,102.764
76500,351.05500390959196,134.1279725346374,132.55971521796295,134.53707963491763,71,93.133
76600,392.8771976733079,143.68012199364705,141.38813852653627,136.79214164379727,76,101.39
76700,359.54920147244366,135.9130391866699,135.0111937963635,135.60890714634365,74,97.058
76800,369.0017267347653,134.9561661168126,133.26065612427357,136.2768207561523,73,98.423
76900,382.25317225886783,147.04547979058643,145.62490157078298,144.93853242436174,78,91.2
77000,380.2511669590364,147.7840709854377,144.6088034692834,143.1723510828565,77,91.309
77100,359.3692259058991,132.93851797434144,133.7317390430721,136.63537118235124,72,96.646
77200,439.3559695046687,155.0498526940989,152.86944125339699,155.58695219048096,79,90.003
77300,436.9217231467665,161.84117640505144,157.51755526760823,159.6505142964729,81,87.885
77400,364.3282633895644,143.44323355569315,139.8455291368651,143.45096129979814,74,91.886
77500,383.782681315805,142.02302207671138,140.70898954470167,142.3822445248953,76,97.935
77600,425.06444435691014,155.7736131569884,158.05900812668872,158.78620603442457,82,92.18
77700,388.2631019405407,137.75027105827263,141.20274446577636,137.740776664682,75,96.8
77800,442.03739771842595,160.86972418604023,161.18235624984453,162.41300303662894,82,92.576
77900,386.77083133355495,143.19786848130434,140.6624169907538,140.84256784013823,76,97.241
78000,432.9063865185211,160.43434541973159,156.13910357697304,159.0592997896479,83,92.773
78100,369.0293526052218,140.64609468209116,137.00746476579076,146.35165454760357,76,95.689
78200,441.6957128767398,155.03377914778628,153.31794282796182,155.04794673011946,80,94.921
78300,393.5468485541983,146.26975785118333,144.65258100495305,142.63341310381432,77,96.69
78400,272.63074636172405,114.9222887870065,108.15483083283044,114.74201152249536,63,102.626
78500,395.435293443776,146.41008298798886,149.91136334554938,147.6826913799813,77,95.872
78600,412.8942920522661,152.03943417140184,153.2888761907253,154.30919120126865,81,98.614
78700,381.2046446478947,135.23207379974363,133.66586407560914,139.46553986614003,73,96.942
78800,404.49478128219226,143.57503994400565,140.55495139923406,144.81982425076308,77,97.902
78900,385.22502382888274,137.46537910395992,129.49227862347908,138.95044283016514,74,95.49
79000,431.09366183828075,161.72289722625356,160.18229984355685,161.71690713544461,82,92.239
79100,397.12253106595716,150.2999536375234,143.36459052199672,145.93998046435297,79,96.832
79200,400.9440703414654,148.09218236548185,152.7385201231158,148.0024187500618,79,96.581
79300,423.8839542177213,154.7393098614423,153.98280781570304,155.66543008946752,78,84.642
79400,415.3704138980485,145.6190501540454,141.0046083275862,144.41382995885792,76,95.7
79500,419.73451861285736,152.52244501183202,155.05354864344838,155.07308464092435,80,99.128
79600,454.7121746842351,162.76728357653516,163.1879468051545,165.83860705632844,84,95.313
79700,402.74324738825766,139.72820868484132,140.30145566737326,140.7299861501126,76,101.232
79800,388.6313237980983,138.6230557469359,142.90990368418107,146.6389771528577,76,91.423
79900,371.4916920008807,146.71809674293866,142.3591576924151,145.54794930663041,74,94.323
80000,414.4661548488664,154.23627831555862,151.9351122520626,152.1297469502044,80,92.492
80100,433.2057040258089,153.29758097184475,153.861699550299,157.63992791911716,79,95.564
80200,352.8841602228277,142.56866261394808,145.17534932883737,148.22527921273914,76,95.15
80300,329.28526377829706,131.6638732787409,134.1064206507491,127.60803157298409,71,95.94
80400,383.34042863480545,143.5433223508557,143.15696766217553,138.56204809241507,75,99.978
80500,429.81117047546803,154.70279067916627,157.6506504760752,159.08083120917397,80,86.674
80600,372.06616059509264,142.52337611398605,135.8918475076328,145.78421808079588,75,94.71
80700,358.04334588526996,134.542521820471,140.0795944309848,144.64715011783468,74,97.147
80800,352.9076108833594,141.23629190527961,140.33298834142965,139.032907623343,73,99.827
80900,363.8339083364962,137.96316864693668,139.9288497070601,137.93816444273654,73,95.883
81000,395.86016834691526,147.76998131305731,149.58692610412507,147.75115863981716,78,95.369
81100,473.7606719837014,166.24244975850928,162.8898198537327,168.0971292849252,86,90.25
81200,455.4397545358751,159.4526947873935,159.87726954581615,160.36501417100325,82,97.156
81300,444.86934750708576,164.7236975552943,162.13108033824597,163.3097845121879,82,89.461
81400,396.57392970872456,144.44936730303462,141.34084499008,144.9424510073358,75,97.234
81500,372.4691404678378,147.0376037871507,145.84045588085354,145.75294313603615,76,94.402
81600,428.2729882706223,153.50269999686907,158.21327275213443,155.20583018954528,80,91.432
81700,372.71599646239747,132.23021508265867,138.16085016235687,138.79383229868873,72,97.308
81800,386.7341245011278,148.2708750060656,147.78952750147698,151.90253454097953,77,100.396
81900,384.5736273895815,142.8488009098218,142.41335705462234,141.42516514065474,74,95.551
82000,370.1074981678765,136.43284674426417,140.6885760733139,138.10498341732756,73,91.437
82100,376.668718075934,137.47523680857347,134.21938986703677,138.15306169172035,73,94.715
82200,421.7456408263552,154.74746763671507,157.2000438387965,158.17176630509408,80,96.747
82300,406.22080574102,149.55055138451908,153.24269367348828,154.07357201299584,80,92.19
82400,397.1046116173904,150.67766063764853,152.07052122219136,149.6657552322913,78,95.826
82500,434.638301589804,158.80766745461784,162.6558598651968,162.18984528727356,81,92.238
82600,362.58809507472165,142.227809415905,142.72994038979527,146.1616486134906,75,94.841
82700,448.1534380164418,160.5820681557357,157.1902594328692,160.9285719458896,82,91.032
82800,278.9867878537771,125.11132224738932,122.01748978685043,123.67615234429982,65,89.678
82900,359.4270435757979,157.66823897237236,156.29190215654603,160.11928724900324,80,91.444
83000,323.2495635280036,131.1869574600966,127.36174999906754,131.12889108632555,68,89.84
83100,403.5091649981948,157.00775992922988,159.6789287004504,160.42854004270603,81,92.668
83200,344.23951603069196,136.10274386279443,135.0174403267757,137.77507173823162,72,90.4
83300,301.1076646440404,120.82359322340152,123.94229535166981,125.3118701610706,67,94.999
83400,387.164259811294,140.85453850996993,143.01596992015723,143.23016639026372,73,94.497
83500,336.79762514940063,132.37350964707198,131.18843346242554,131.3768618378823,71,96.229
83600,395.85885502211863,151.07060569848227,152.44900449039213,149.4379308832655,79,95.489
83700,326.3902151882153,130.1598564305836,131.10655719698022,128.015190639083,71,99.917
83800,419.9119036911215,152.0555084769312,151.94793252437893,154.68183926760855,79,89.679
83900,387.2379473036482,143.72201963625784,143.32855077692258,145.31012320587547,74,93.516
84000,422.0123676527086,144.13008452748417,152.36137166549713,150.87302269742517,78,89.262
84100,376.74796285636637,148.03555766912402,147.6028040596957,143.3103041324874,76,90.232
84200,367.6790502437556,140.01746241479293,134.57641050332992,141.6870568294089,74,90.474
84300,409.51126184366166,147.0399423208845,152.02238182613513,149.42987083199483,78,93.986
84400,459.5844086512651,162.64417267861,160.5693007305943,164.99855591079356,85,92.154
84500,192.27394899781305,103.17432736746022,100.35337209263149,102.80634677742233,56,96.11
84600,385.3808741915114,141.59326912848778,143.54940196790923,146.8327668326766,75,99.788
84700,355.74664565978134,129.2073193939606,132.6290357163269,133.82768855726437,70,96.731
84800,409.3321861000263,142.02348076379351,146.47197849414343,145.74455852629177,75,90.232
84900,431.2049631683726,156.67733301850646,155.36078881009817,157.7931286486469,80,92.081
85000,331.91685237861935,131.41421741063502,132.75737377973422,127.40752226092434,69,93.496
85100,429.6676590344747,164.2554640011053,162.95511358861285,163.97599482695585,84,86.344
85200,392.4451919610422,151.64995681351334,149.56843002080558,149.5643448024705,78,94.328
85300,390.258645207038,148.49130059758133,147.9089273487092,151.81905915085738,77,90.975
85400,322.4691487597312,124.70770187606075,126.84825124088003,125.12730951510797,67,96.124
85500,401.7196650929608,150.17582738543942,151.72365284464865,149.76233575400724,79,94.592
85600,360.1408575880889,135.89520618398163,134.4987235536968,137.95077306574194,71,91.218
85700,409.12518127865684,146.0311394379905,144.52990583582093,146.3507905777641,76,90.14
85800,454.9789708004957,160.73665508834972,157.55633295663185,165.58601035620805,84,96.513
85900,380.3684401069538,137.45263645139838,135.37440966420203,137.80087724613998,73,95.265
86000,410.51883950106014,150.38833284761594,152.28097222767056,153.00732201065807,77,95.258
86100,402.2705832088795,152.95323598725955,151.8477632239118,155.50012700388336,79,90.065
86200,402.0786932239092,147.56488617033247,147.99545337009314,152.18422636904515,77,89.212
86300,389.85414820176186,142.73198994236566,144.26169254828582,143.56087094070827,75,90.498
86400,316.1407295901335,126.05045605227386,129.9317890005075,130.76496959436727,68,94.573
86500,309.14912196260786,121.27908242766563,120.13557217824084,123.7912893533887,65,91.405
86600,385.2650986980668,155.50160450180664,156.5468622873929,157.90781770148473,80,90.258
86700,449.0370415735225,159.84026646834525,157.17484495974384,161.55063500752155,82,91.342
86800,403.16549042457046,142.4942015490415,147.9134481372828,148.46233487378535,77,89.733
86900,390.7091069951772,143.09597282567856,144.7105760895542,145.46558285860996,75,91.013
87000,360.8581623579106,135.49193556527862,130.05181510025395,139.9943261435245,73,95.093
87100,400.0274254209409,154.36760789299447,152.70908985625195,155.6198370747811,79,95.376
87200,464.2050343882518,170.28208390132616,168.0977255517854,170.25875263717154,86,91.019
87300,365.19908987311413,134.4724653408085,137.38951902742352,139.0951346175754,73,99.585
87400,454.45635712437206,160.7885897635553,166.16562086649733,165.9598268347505,82,91.74
87500,488.83000382723236,170.27286855566715,167.5324215714237,170.62175826339157,85,90.973
87600,401.6169080571825,145.37811274399877,145.01373576532183,146.77482511198517,75,90.707
87700,409.4192248447471,148.8245242184149,148.87950059286385,147.58734063178372,77,90.048
87800,354.38402290403627,148.96220589475007,146.06121198854623,147.3446909986103,76,84.035
87900,339.92584767399785,134.14425022911365,138.81323943479848,140.9692116639058,73,95.158
88000,389.901531566587,146.07035155587374,145.92968246721432,146.8133785864999,76,93.935
88100,357.9872678459136,139.05056910173235,136.4457671152568,135.403832122609,71,89.501
88200,393.38640992452645,135.00680832400462,134.70441527152045,140.73521687857223,73,91.421
88300,395.77256843165793,143.29820941559018,144.0388996908847,146.78800612270928,74,94.633
88400,366.25411333421886,134.54185752396873,140.1176847749306,140.60253150965823,72,91.963
88500,434.01266341675523,154.5556525178414,156.64455402946157,158.51763351167205,80,100.98
88600,514.7673600622949,176.75087647928456,178.1219530268089,177.38978186219936,89,86.296
88700,460.0496490255521,160.5055494467526,164.73739580011275,161.6440306281239,82,90.198
88800,422.44447676124685,150.69245200982198,151.1159951143528,149.73134574572913,77,89.625
88900,425.74936872968203,150.6198913257547,153.32941303605517,153.38408143992223,79,89.508
89000,464.0065568536644,164.49914239505665,164.91501577870932,165.73626052736338,84,87.155
89100,384.72692362866707,136.1888131736304,137.69753388057885,139.55584184950234,74,99.922
89200,407.05449573282544,143.1592717243811,145.56295962504487,143.8992239032753,75,91.008
89300,412.6222056580934,143.8543333451498,151.11728898190685,149.2889939357806,77,94.603
89400,433.76882050467265,158.75730356411165,159.21598732284048,160.78058165413486,81,92.617
89500,444.64220843038225,160.11998746321444,166.57769187730176,163.626573452119,85,95.503
89600,451.7223130680093,160.83089733017144,164.47658295218443,166.40816588783804,84,90.991
89700,395.0599655554312,145.60915075781327,150.0499732716155,151.1313149718221,78,91.232
89800,397.08832563388125,140.54162646796524,142.78092841159744,142.28715867732114,74,93.936
89900,400.82812529661163,148.96494870862318,151.90763725174213,151.60396499973444,76,89.839
90000,397.8647952218436,146.40027765845988,148.55750697703843,149.92505539167252,77,90.816
90100,324.4064367487527,124.33087088681992,129.44116008489675,130.96256524377162,70,101.901
90200,412.55470351247277,152.2613877271091,151.56226828759296,153.41186384560234,78,91.264
90300,318.15981648725204,124.70142566664998,129.91201733990994,127.49675328021301,67,96.437
90400,435.90511099546353,160.26333060580959,158.88758105981404,161.2510712038639,81,85.232
90500,424.9452249942432,147.88392325862296,152.26278482031637,158.27989349213775,81,91.322
90600,456.59936811449006,163.25913843837913,163.89361344349823,162.44683695495237,82,97.032
90700,452.2608739913068,160.89871035806033,163.7310421395835,164.26634402947664,84,91.653
90800,428.0243892963442,150.1609333332665,152.22585440558808,152.5056378233823,77,88.486
90900,438.5172771157729,162.17614657408424,161.5384896925666,166.51119769160246,85,91.959
91000,385.7300122275234,143.65224090310593,148.2363662703119,147.66360313147194,77,95.928
91100,437.4446514481558,150.10605752978165,153.80978578291416,154.74570511783276,80,98.44
91200,434.7997877886886,154.40483920498934,158.49954635734164,158.849174445114,80,90.38
91300,351.5788726816194,135.86538956287635,140.67347484393676,141.98170793760218,73,91.426
91400,402.48817818448265,141.25181486396497,144.03014430659468,142.95268232770667,75,95.155
91500,359.58624305603314,126.18620495246465,129.35693334902015,129.09152941213915,71,96.148
91600,393.4111892307699,145.71925854027918,146.23184840337123,150.04298158353515,76,100.475
91700,442.77006722979206,155.83177692949303,156.814009765102,154.70307396631895,80,91.535
91800,411.2575112856234,150.62451470643722,152.72045632909976,151.54750428468253,77,89.489
91900,435.7489913626651,158.63842399597317,154.00028211492628,161.86552611127982,82,96.968
92000,388.07125704807675,142.44444792735234,145.30673034499125,146.87338176093743,75,95.65
92100,443.9050814446488,161.71060484314864,165.81979102393672,165.54279580954423,84,91.201
92200,399.4064150741656,142.81260173510543,146.35533520479703,146.3918313990115,76,96.424
92300,427.82519161412273,152.4959143040975,154.10109540360955,152.31601546108715,78,91.367
92400,375.60940639699015,138.34893811834766,138.15163505442834,139.55194194370398,72,94.411
92500,413.7115278563992,150.55704084359314,150.16664497073506,153.02277199073444,79,91.499
92600,500.3902384501759,173.60680044605778,169.8451804575126,174.6997717536442,88,95.733
92700,426.40263466342077,154.98034199085683,153.32514473962723,160.02590964334584,81,91.089
92800,452.10204169765825,165.5200421781612,162.52502693159747,164.8790110339695,84,91.059
92900,409.46635102957947,149.90495044207987,152.99265448293215,154.3071625776447,78,99.851
93000,420.91667259719924,156.20951567838733,159.07418267287628,160.96664006362064,81,93.454
93100,422.12339255114205,159.2095534051692,157.7810792402962,161.1599594159829,81,91.457
93200,427.24454781468194,160.17145543885962,160.456842987732,162.48175392683493,81,92.715
93300,446.12150922894995,160.47873055366958,160.70931284632707,161.67058267347775,82,91.725
93400,362.53351130981434,140.22725516665577,137.21684146132702,139.3743603839712,73,92.845
93500,380.7033338109678,145.6813162938257,143.7877485667896,149.2474727584674,76,95.349
93600,351.4446296721689,135.28694229174857,138.89201809480844,138.8936757966284,73,95.301
93700,391.74804067603344,138.93702332998737,143.0561080963516,147.40655219159177,77,91.026
93800,453.66879425976475,161.67366704603464,163.0934915000963,161.67663761361518,82,89.949
93900,401.50281716103376,148.55671269770906,150.66924079408642,155.16489977509355,79,89.46
94000,391.58444644607226,144.38030192741292,146.01240424584176,146.2780759382176,75,91.331
94100,442.43157563268124,162.91445940445988,162.36686350811024,164.28734201725348,84,91.73
94200,355.68240760338864,143.3879255973911,147.460792144361,149.04612972466867,77,90.193
94300,404.48224527514765,139.58717627934155,142.72255901195285,145.93854145002183,76,99.275
94400,371.2403059133744,139.6399650025353,140.57544527983447,143.43151916591535,75,95.846
94500,387.6388075556835,141.57762640944776,140.64040996031923,144.31142486714117,75,91.093
94600,389.5181497281439,142.98599918319167,147.67105020747175,146.53161181914157,77,94.866
94700,417.17324801646726,151.67715970417737,152.14757427146392,154.2889241176701,78,91.227
94800,355.6661510776386,139.37932385146385,141.0309487990699,139.29390410235675,74,96.104
94900,374.29446214697725,140.26348389159554,140.52859691316135,143.3345862093198,76,95.528
95000,377.2783225473747,140.78512197985881,142.82853693586893,146.0952805248179,74,94.15
95100,352.15240523093735,142.2770275059935,144.7033408931221,144.49510594716438,75,97.1
95200,425.09635088004194,155.46765763186116,155.59770155971842,158.89057154273718,80,91.113
95300,399.1902540939866,145.91862844376888,145.5368353896657,146.76537789087567,76,95.646
95400,382.45268181406374,142.0507169342906,145.20278684515182,145.36700344276971,75,86.49
95500,391.17805379374676,144.09467026585423,144.4573295996428,146.40370354015502,75,93.906
95600,407.53084399460624,150.26899037364555,151.73044921701106,150.3362505528129,77,89.639
95700,403.55545104108836,145.00033043621264,146.62576855014288,145.97301177557014,76,91.415
95800,391.926832119063,143.91664451449367,145.83387544997862,145.5236433439513,76,90.352
95900,461.66474569265455,164.15795392362324,165.34971377058548,164.70345389967838,84,89.879
96000,346.9056501078365,136.753573743494,135.89764596810622,138.20792305550344,73,95.216
96100,370.779982565359,137.03773333554972,134.54916052694017,138.6202431290204,72,96.639
96200,441.0367984558821,160.9337803307688,157.3948173076102,163.8528750132998,83,92.905
96300,424.0979765086024,154.67274744897847,159.02780595987974,159.934999041409,81,95.729
96400,422.8913845998339,146.55521460225364,149.78540651993336,150.73930956894546,78,95.504
96500,454.77695272635805,165.39856375567564,164.86480766649996,167.13706513730347,84,86.706
96600,359.9744833968663,136.44085913168618,134.6583253113551,136.49422220266945,72,93.76
96700,414.4717311857593,144.93252730794904,145.501872380002,146.78856050708117,77,89.4
96800,420.30373006200966,155.26293302838124,155.46408845752083,157.05562188821887,80,92.986
96900,420.8852725259478,153.4920837437461,159.81477728335346,164.1168909545457,82,85.976
97000,406.86137503997446,150.0224029326455,152.51376196765034,152.746597560829,78,94.058
97100,423.5052326380711,153.99946603323357,155.23253863435878,157.25623554633057,80,99.359
97200,445.48282050966236,160.27247786138696,160.4243396983963,162.7851531760165,82,94.881
97300,443.69213650715244,161.6292005442664,161.7333941522621,163.4364075838456,83,89.179
97400,463.04086306547447,165.50131802527847,163.9550650008018,167.80034307100033,85,93.326
97500,338.37673014626967,128.97118284443553,125.85430221495331,134.43679344912678,71,99.697
97600,412.405989890855,151.58259123647568,151.46117044666542,152.67828096119382,79,97.363
97700,411.9319634327339,146.9426119189056,144.14278096730936,151.0020629497001,78,93.469
97800,412.85914011957584,145.4637578450187,145.48014334418195,146.80986998186424,76,92.859
97900,430.0570118047417,160.0783736159319,160.48403248201092,162.70333450672405,82,95.463
98000,312.51437980526856,112.5325704201699,120.94734895701808,121.974259176349,66,107.343
98100,436.98817854358725,153.76229663332578,152.88640047578264,153.65063936101666,78,92.4
98200,355.6045768639581,137.34626364528532,136.7081779375497,138.79587781126293,72,101.487
98300,347.665381189727,130.83750700335787,126.25059729321433,134.32922343567316,71,96.579
98400,371.4277468559771,137.79708906214736,141.8450466342026,139.9372550548434,73,99.584
98500,371.4675918145781,141.33264540413884,147.27937699549548,144.11691897100832,76,90.392
98600,393.25903771156686,147.43157093430185,149.39525866180816,148.69518393353758,76,99.156
98700,408.02922805696653,146.026143322014,147.9309777849836,147.8049358825098,77,96.219
98800,390.7222940838344,140.02990163270158,145.89800405584933,146.73767360052008,76,101.749
98900,383.9927960694911,142.9386763626621,143.35025687216782,144.74335241714698,74,101.141
99000,382.16522219302567,137.1791471992561,138.56087324018955,139.86734664329003,74,95.202
99100,394.30603443873207,143.59662024260314,145.60929056655402,143.7760135694977,75,95.983
99200,430.4673727551641,157.9261486160666,156.29029480862258,157.45707199252422,81,97.198
99300,427.58745945245784,150.08821712784757,151.88014532344314,152.22613157430692,78,101.165
99400,412.8471473670782,152.98254219522704,154.21306737252596,157.24847714893252,80,94.152
99500,391.1330146035203,146.10084206056743,148.07006899369554,150.01991818669885,77,100.025
99600,395.31693043155065,142.9931247416398,142.18415285858285,145.80749570893101,75,97.333
99700,416.8072603775895,144.59108696178876,145.79640544369784,148.27163127262017,76,104.627
99800,400.077460426069,152.0303295426799,146.83087894913322,154.13781537318,79,102.845
99900,336.70846498470564,137.03926350730202,136.61612698034114,133.67018849587512,70,96.511
100000,313.1488031784115,124.16409926389524,122.56705015273845,122.17323706360192,67,103.315
