100,-46.53963975,26.33582277,37.7219808,19.23687536,34,28.944
200,-2.196716583,18.23331199,41.51676225,30.86003916,37,30.296
300,-50.83845189,30.01728141,36.26302904,32.97641828,34,28.873
400,-46.87139032,21.68637273,30.03188401,21.66219342,33,31.02
500,18.97318891,49.47598627,62.47485714,44.2834936,43,29.37
600,-89.44371885,24.24685175,36.54260963,10.01328314,34,29.354
700,-75.34749422,13.69932324,37.07404642,13.49296884,34,30.143
800,31.70553679,35.70263131,60.85436024,52.02035045,43,29.766
900,7.706757882,45.62126501,52.50256546,41.7814266,42,28.526
1000,-30.48851828,24.29301711,37.58829944,41.75004279,37,28.381
1100,-74.02852255,22.63134638,41.75607368,23.14521039,34,27.645
1200,0.610350458,33.8688202,50.14265665,27.04355002,39,30.168
1300,-39.01700617,15.48205258,45.15886063,33.5631698,36,37.99
1400,-37.87432438,10.68647728,31.27105524,19.41000162,31,33.84
1500,-279.9113988,-32.75658277,-28.28113683,-51.12817141,13,36.973
1600,-224.0119007,-10.35062569,2.771351886,-45.78974879,21,36.319
1700,-220.9587676,-13.51288408,4.150463118,-54.86189558,19,36.65
1800,-180.4799072,-28.34444853,-3.400985383,-34.19609691,17,35.886
1900,-11.19931772,20.2375513,34.93920772,11.69227578,33,33.425
2000,-36.84772583,-4.362020623,15.41996334,4.659060023,25,34.911
2100,-89.03257051,-14.9319459,-0.855705892,-4.191229163,19,35.675
2200,-59.15556171,-14.89392866,9.393959942,-11.4255084,23,35.082
2300,-66.96727917,-15.97293671,10.40781261,-7.330244818,25,36.815
2400,-93.71796927,-34.16704627,7.132157365,-22.9603397,21,36.59
2500,-80.454766,-15.02020599,1.922006164,-17.83406129,20,36.468
2600,-3.912893085,13.50090484,29.59631451,5.048223543,31,33.695
2700,-101.2751129,-25.35174191,0.938094647,-28.69457469,19,37.221
2800,-127.9913425,-33.27355055,-2.533578924,-24.03393613,18,36.44
2900,-162.0767703,-15.3173196,-19.42972648,-28.31799383,19,36.556
3000,-222.9301989,-36.48177005,-39.69282258,-66.46454494,12,37.63
3100,-133.9799859,-27.58708958,-10.01295931,-33.64676683,20,36.874
3200,-46.16767059,-2.514620271,-1.920206603,-19.94445226,25,36.196
3300,-15.51633666,0.695534974,-3.930136532,5.421120836,28,34.895
3400,-223.7721461,-43.4647563,-57.1046348,-22.51450969,12,35.064
3500,-77.97630207,-6.907853914,-8.289411533,-7.24910347,24,34.702
3600,-196.1957492,-32.24788729,-43.42196311,-2.432713668,18,34.322
3700,-52.5195748,-2.222026191,-0.54511343,-1.964666639,27,34.064
3800,-100.7764205,-7.749244371,-3.719490944,3.216307219,26,35.424
3900,-34.13366997,-1.825828948,-12.83673689,10.35460794,26,34.405
4000,27.42509218,7.692731797,24.59625645,26.56448929,35,33.696
4100,-76.86002112,-8.053339635,-8.774421835,-16.40991913,25,34.794
4200,-57.35024011,-8.881775785,-11.72041805,-10.82419974,24,34.92
4300,-105.2438838,-35.22117978,-26.88603812,-24.50928849,19,36.717
4400,-7.414538453,17.81770717,-8.647487603,11.23607787,31,34.292
4500,-108.2104829,-6.451243513,-23.88674403,-25.49445571,23,34.845
4600,-33.15650526,14.35613996,-22.69511867,7.710938171,29,34.491
4700,-144.6791043,-33.90188971,-42.45908484,-21.40121752,16,34.092
4800,-94.02338296,-11.09777366,-33.17074253,-15.17925868,23,35.688
4900,-126.1065553,-27.46381915,-52.36830992,-16.5303127,17,36.396
5000,-51.3541462,-9.759347814,-12.84700184,-5.842482475,21,35.898
5100,-160.6897081,-30.00098354,-29.14311932,-45.01625037,17,36.408
5200,-145.3891835,-26.11998643,-40.44713323,-55.51371301,16,36.222
5300,-107.1557042,-14.73399264,-26.45809586,-17.07202432,19,35.37
5400,-120.4413411,-17.58979083,-35.16059055,-26.40424344,16,35.918
5500,-74.20131577,-5.612705738,-14.99033819,-8.449606639,24,35.124
5600,-106.7670039,-17.49595771,-33.65644029,-23.4889566,18,36.016
5700,-119.9964929,-21.89743865,-29.00627609,-24.51662206,16,35.427
5800,-234.1399737,-38.87557298,-65.7195608,-49.22437128,9,37.054
5900,-90.09771381,-7.223254046,-24.74039314,-14.27597972,23,34.36
6000,-147.8024582,-10.02441289,-48.62965871,-20.93398784,21,35.384
6100,-66.75434617,-1.535640953,-43.95073635,2.630718849,24,34.835
6200,-113.8950799,-22.88495453,-33.04231922,-17.72528727,17,36.607
6300,-149.795249,-40.88764594,-46.2189575,-23.36769783,18,37.53
6400,-145.0321548,-34.35468747,-45.52177588,-36.54828673,11,37.127
6500,-163.169581,-31.33206286,-53.47074603,-25.54283382,15,37.631
6600,-134.9947691,-12.49612143,-54.3668945,-22.22136748,15,38.059
6700,-146.9580123,-16.6522442,-37.39412625,-34.69773823,19,35.505
6800,-135.6614074,-13.52665833,-46.3068716,-25.20818536,19,36.023
6900,-136.2308778,-16.76015456,-35.20206453,-37.98925366,17,37.157
7000,-194.3739858,-46.13149883,-49.83007946,-34.70408585,10,37.473
7100,-95.44555176,-13.88525145,-26.19066278,-6.201537912,21,36.211
7200,-111.2656579,-8.644017255,-50.50403202,-12.94353555,20,35.83
7300,-117.7031489,-18.59078726,-32.76344839,-12.79388213,17,36.533
7400,-73.08138228,7.300748481,-16.35855141,-4.004763654,27,35.687
7500,-134.7825786,-5.150954622,-32.49570554,-32.96976128,19,35.882
7600,-126.1983482,-3.280746845,-44.61798254,-30.86092319,21,36.764
7700,-164.9037585,-24.56087859,-63.76307492,-39.3334704,13,38.375
7800,-161.6131911,-25.11480938,-50.44612953,-28.82583536,14,37.621
7900,-241.411767,-44.08997543,-58.04871647,-59.33500395,9,38.82
8000,-136.5855158,-28.68785079,-47.55357514,-42.50369788,15,37.437
8100,-154.3099906,-33.95410305,-42.07308999,-22.47401581,13,36.914
8200,-102.8373364,-6.2327672,-26.73185185,-25.80551837,20,35.974
8300,-124.2704677,-20.77846386,-29.02735277,-16.33092542,20,36.789
8400,-156.6185223,-23.65016798,-51.01296448,-21.51225587,16,38.298
8500,-99.67863199,-16.79992366,-26.46372262,-28.56753099,18,37.923
8600,-43.92987429,-3.361474575,-6.542833906,3.658011157,25,35.825
8700,-185.9624323,-22.52002974,-47.04623854,-45.50976034,14,38.785
8800,-79.69216494,-7.316740038,-24.95881642,-15.60560423,20,36.647
8900,-111.746761,-23.10609866,-20.49954212,-29.10600624,18,36.986
9000,-99.06278202,-21.09495257,-25.07773954,-23.24420342,20,37.646
9100,-51.55485948,0.059998603,-2.778624229,-14.53836561,23,36.396
9200,-68.12467139,0.116151889,-11.66651107,-9.542994084,23,35.2
9300,-85.18230738,-20.48292119,-5.385667765,-10.44039102,22,36.478
9400,-113.6559105,-16.83376368,-31.23110332,-14.20683691,17,35.549
9500,-76.03645465,-8.807067672,-11.42453728,-20.66061569,21,36.643
9600,-5.483736079,10.60602061,3.401110381,3.509709151,27,35.859
9700,-41.33261382,5.407386483,-9.813821779,-8.680082148,25,35.945
9800,-61.00345141,-13.46961438,-14.29736265,-16.99564889,20,36.867
9900,-11.02209745,26.96504702,27.0256224,19.20810139,35,35.262
10000,18.91030857,25.27072779,23.56560848,24.86041941,35,35.75
10100,4.003124667,20.11339828,13.652865,22.19081903,34,35.267
10200,-30.72828206,21.20512762,-1.520423999,-0.920702265,27,35.159
10300,-48.26482859,22.03779622,9.847491542,7.363425385,29,35.509
10400,-86.99491034,3.21141663,-0.269344497,2.784369977,30,36.719
10500,13.85887205,31.04924553,12.6509035,21.76157982,33,34.904
10600,54.08316321,35.01634805,23.93607351,21.58195784,38,36.174
10700,39.83289166,32.50081931,21.02560137,20.69859095,35,34.606
10800,52.12213285,35.8928124,27.17100231,29.43057036,37,35.488
10900,81.47419544,38.99649484,31.02463372,34.69946786,40,34.189
11000,34.23315956,19.75243673,36.09962711,35.35163148,37,35.879
11100,83.82984699,36.20288602,39.23801127,48.16809062,42,35.17
11200,118.3860952,51.54570542,54.97361043,53.41723794,42,34.213
11300,-61.18555165,1.67505271,6.052312056,9.733843591,30,35.516
11400,54.79408068,33.57578119,12.47115267,38.30068656,33,34.334
11500,124.4555974,57.60503279,44.40147378,52.00737697,43,35.593
11600,53.86513362,30.10767372,27.32112861,42.82201911,38,34.446
11700,65.30603608,30.83575311,21.54764183,34.60954497,35,34.48
11800,-65.69338309,-2.702156339,-9.091863222,1.172582529,22,36.713
11900,-52.25341333,6.004045297,-4.50597612,8.809120822,29,35.647
12000,45.91228311,23.28042834,25.58176736,30.24383769,35,35.677
12100,-109.2461441,-18.29017684,-14.66156996,-16.94661967,17,36.011
12200,-56.03807447,9.912566839,13.68605128,9.520411536,26,35.693
12300,-30.95150606,14.51371326,14.14890136,27.10031538,30,35.412
12400,117.0830546,46.19326706,52.54577677,50.96827349,42,33.725
12500,97.00932175,57.67592395,59.48997131,66.14082163,44,31.44
12600,92.74923731,41.24589469,45.40398445,50.40085843,42,34.327
12700,61.21362091,32.17965288,40.40783703,45.36809261,39,34.063
12800,70.75360404,22.83586343,42.56091973,46.41306729,39,34.342
12900,66.42724827,36.18818773,48.86435941,57.52861044,44,33.396
13000,99.21325972,33.02047839,43.55231139,44.65828643,39,33.909
13100,125.5669153,53.6276018,58.48331652,59.41296464,44,32.286
13200,40.15662448,22.87197986,23.57921376,36.83703371,34,35.189
13300,55.35970505,21.13865872,39.71672328,34.96466127,37,34.5
13400,135.9529762,57.20235802,58.58326444,52.49701136,45,33.753
13500,9.610445077,24.50239986,18.97539001,31.00479501,34,35.052
13600,106.9887524,33.57652359,48.33083669,45.42924616,40,36.056
13700,54.62396727,33.00040383,34.59097405,25.2098034,34,34.046
13800,106.1957814,48.13123772,48.75942879,57.36698756,42,33.734
13900,118.0737273,55.89116988,56.02357413,56.57786344,44,32.693
14000,111.9700683,36.05834422,54.35292046,54.31624034,42,33.147
14100,134.0036059,57.27371806,56.93793815,59.43079036,43,34.232
14200,194.6295706,71.35407294,74.61441732,72.02939556,50,34.429
14300,70.23351422,35.46062602,34.45056117,40.25727582,35,34.73
14400,44.09777004,34.78135902,38.72469014,31.85315306,35,34.947
14500,16.57523385,31.069775,28.94831119,31.13893388,34,34.061
14600,94.55737964,39.81307565,43.53924119,45.8841974,40,33.927
14700,134.3181225,53.59372772,55.98484174,59.0569151,44,33.394
14800,16.32123204,17.05580483,33.38564729,16.91714548,31,34.467
14900,5.177304708,20.53487382,23.30822065,18.41224933,30,35.465
15000,154.9111288,68.88097085,65.49802843,70.9656005,47,32.615
15100,76.85194734,36.30319854,41.82938153,39.01733411,36,35.626
15200,117.3127353,63.14312201,56.35623062,51.26081036,44,34.515
15300,155.7781938,61.03975414,61.52955099,68.21079746,47,33.126
15400,213.4525209,83.02889031,86.84199524,87.58807141,55,31.938
15500,127.055652,52.874072,57.56650434,61.71785575,45,34.04
15600,199.4081764,66.39238046,75.88145576,74.72744689,50,33.552
15700,151.4230853,65.53550875,70.86484695,58.63637495,47,33.939
15800,75.24338977,45.86248543,44.39069109,41.67339679,39,34.598
15900,170.3243383,72.48821108,76.97235449,76.47302717,50,31.874
16000,161.7394742,66.3734586,68.43569324,70.07899873,47,33.349
16100,123.4221204,48.69976818,57.3632623,61.00113553,44,33.255
16200,160.0153691,59.91475455,59.5109299,69.82647105,46,33.421
16300,108.9169371,48.97646555,42.14510917,51.83061419,40,34.349
16400,256.4622495,97.89583316,92.23895904,100.4617652,60,31.386
16500,173.3531776,72.63324983,67.49830289,70.38341691,50,32.794
16600,137.9595073,59.10048129,57.7051781,65.32613579,46,31.766
16700,258.6357885,99.91513786,100.6991384,94.93868747,59,32.744
16800,71.49492714,38.26530903,42.47644715,49.62181401,39,33.013
16900,181.136253,69.28701897,67.57263655,68.93224421,48,31.738
17000,171.4937069,83.14300568,81.39743776,83.34910265,53,31.442
17100,162.3198966,66.88532402,66.19950035,64.3522363,47,32.613
17200,231.6057917,89.07569992,89.47724321,92.54897247,57,33.095
17300,231.3632546,89.51683075,91.43653569,92.84847463,56,32.052
17400,296.7883468,105.5090514,107.0090265,106.4702958,63,33.005
17500,305.2201693,108.981039,102.8533327,109.6572581,62,30.37
17600,264.9931336,98.05005112,108.8881639,106.11408,62,30.63
17700,234.5079851,90.39129395,95.15421367,96.58458826,58,31.627
17800,279.2489318,102.7114904,103.2653523,106.9905506,61,32.069
17900,233.1691167,88.3389886,94.33209934,93.79053728,57,30.146
18000,211.1437152,78.44045798,79.83227822,78.56703875,53,32.037
18100,193.8534467,78.46988046,82.40166992,75.92095635,54,32.024
18200,252.4703076,90.66634493,92.85515324,91.35249562,56,32.138
18300,295.9177732,102.8825502,108.9953565,108.6211857,63,30.783
18400,298.3387033,112.7571653,109.6535101,111.0880345,65,30.48
18500,285.3862256,112.8393464,107.3377372,113.1504385,64,30.701
18600,260.9868036,95.99616477,97.2436497,96.26631659,59,31.179
18700,189.4001332,71.87788953,72.94345673,75.12208209,51,32.223
18800,183.4615217,70.44451768,74.80552591,70.01334497,49,32.537
18900,320.778758,122.1560217,127.1029808,132.5264501,71,29.524
19000,219.4913485,84.88445976,86.85230129,89.53435065,56,31.011
19100,176.3010066,73.22772398,77.93504916,73.80979819,52,30.529
19200,174.0474737,69.63377184,73.47536049,76.25033778,50,32.275
19300,214.7818185,76.57935385,93.2688031,91.53464957,56,31.73
19400,245.3427234,87.5692495,99.2851471,99.21515431,58,30.888
19500,251.2801288,87.74637652,100.0103612,97.56148125,57,31.54
19600,173.2739601,57.61542755,64.90126231,68.57186201,47,32.706
19700,253.0213154,86.0953216,95.79453852,96.63806716,59,31.942
19800,248.8455755,90.37900361,100.8353343,99.85565787,59,32.458
19900,164.6647602,64.98714676,71.02420651,71.57120709,48,31.88
20000,192.0843666,67.52965411,74.22716256,73.40385611,48,30.999
20100,260.2807462,89.95800875,91.38715956,97.76436185,58,30.62
20200,260.7220337,91.77092594,98.45541735,100.3247937,59,29.593
20300,210.2117835,80.65536994,80.27535921,83.20749313,52,30.838
20400,228.6613516,84.91833522,85.55186013,90.00153313,55,32.777
20500,281.4362856,99.41816619,110.1280223,108.377629,63,30.711
20600,259.6528606,94.47941614,98.62162606,97.75947995,58,30.766
20700,300.2907025,107.2973644,113.4248858,112.9940071,64,30.27
20800,265.6326929,98.46382886,106.689128,108.1994397,61,30.217
20900,321.3061958,115.8265451,116.5677134,117.8690281,66,29.013
21000,241.4333691,94.27342681,94.71759631,92.87209605,56,30.518
21100,265.8223172,104.561896,98.71761027,101.5377956,60,30.383
21200,301.6480084,112.7463821,111.0745598,118.7379933,65,29.529
21300,295.2241194,99.6023953,106.6760047,113.0934106,65,29.969
21400,243.9429629,90.74323797,95.16156314,100.7371326,59,30.534
21500,262.1366472,95.15343326,100.3703615,100.6922371,59,30.479
21600,238.3867405,88.38815262,89.89684819,95.13852657,57,30.653
21700,362.8359157,122.2877339,131.0670023,131.2747834,71,28.273
21800,237.6220982,91.98169207,96.76299177,97.91538143,58,29.626
21900,341.2528777,124.3574833,125.2905181,125.6734631,70,29.195
22000,275.2559992,97.71291287,99.50940367,103.1240385,60,29
22100,323.6093342,111.2063765,117.1401833,116.2942911,67,29.52
22200,325.5226579,110.9252161,119.4326922,116.5083524,66,28.639
22300,255.3971334,84.52027756,101.3537167,96.02428583,60,30.099
22400,281.676286,98.56172096,105.7304232,108.6925982,61,30.262
22500,272.0746059,97.72054935,107.4376949,102.0268935,62,30.229
22600,255.8184877,100.3709887,103.9982407,108.3947128,62,33.581
22700,256.0668603,88.39197466,101.0628377,100.8558695,57,29.812
22800,238.9126458,73.02314218,89.53254435,91.57735966,57,29.482
22900,190.6496848,80.48875174,92.88491,87.35536055,56,31.383
23000,273.3633715,98.84208475,94.67494189,107.1396168,62,29.902
23100,302.3624142,104.7536307,113.3981046,112.1818028,64,30.405
23200,281.7726723,109.5457792,108.7578541,109.1298728,64,28.827
23300,231.7773751,83.63952455,86.26231978,91.08571834,55,30.656
23400,293.9559952,93.45386414,104.4383116,111.4522537,63,30.617
23500,270.399477,95.29966235,100.7494457,104.2223088,61,28.672
23600,367.2350824,131.1881424,127.2065516,132.6125515,71,27.673
23700,205.0494619,77.280998,78.17539413,83.37093043,52,30.154
23800,250.4573339,89.40548324,98.08818446,98.98689664,58,29.231
23900,259.8548529,90.10688991,104.3419016,99.51028071,61,31.067
24000,246.3798463,92.6762861,102.8386891,104.0971054,59,29.17
24100,248.2832765,97.86984534,108.8597643,111.9570604,64,28.957
24200,206.4725683,69.8930676,85.98090004,86.70206052,53,30.921
24300,241.4811483,84.27053971,96.43850629,99.54221406,59,29.048
24400,262.6598112,98.47326026,103.6416447,101.7695871,61,28.948
24500,237.8803102,83.4285187,90.43127787,96.10197122,58,29.449
24600,234.1583809,82.62008958,99.3227906,97.88767361,59,29.623
24700,288.026633,97.65451386,102.840694,103.7786356,62,29.166
24800,223.2947413,76.04456758,85.26030453,79.75547747,53,30.752
24900,252.2408327,93.24822411,94.50076644,104.5136687,60,30.55
25000,218.8660629,87.91245528,94.26084816,96.53881433,60,29.489
25100,136.0815888,49.14196594,63.41009777,63.81616843,46,32.87
25200,235.1005566,82.18365903,84.61003397,84.88905625,56,31.867
25300,192.4703184,76.46164389,82.14590788,84.31928701,54,31.679
25400,197.9410557,74.12547428,82.68701938,79.55150271,53,31.364
25500,289.6338753,107.1690299,106.8851167,104.4180829,63,29.62
25600,226.6374286,90.50138695,91.52510027,90.97443107,57,30.952
25700,195.1083112,74.38282497,75.30146609,80.78509179,52,31.437
25800,357.6791146,126.9310403,128.4176003,138.9485952,73,27.195
25900,224.1041846,88.48604555,97.38261113,90.34099399,59,30.15
26000,241.3218064,99.34249258,98.18198885,100.7967396,61,29.909
26100,267.3113155,101.6933839,95.13986403,107.4926935,61,29.8
26200,271.7395964,98.21952069,93.54781689,102.8287676,59,30.481
26300,261.3185548,83.68906806,91.98177129,104.5173405,60,30.396
26400,251.1173515,90.26215388,98.62836654,102.4097927,60,29.596
26500,309.2812004,108.3704549,113.1905351,119.8405199,66,28.91
26600,340.4768294,122.7865046,108.5676166,128.6939733,71,28.308
26700,273.2101828,93.92638389,101.8315806,101.2714814,61,27.937
26800,299.280744,112.9493232,113.6088058,116.6326543,66,29.09
26900,264.5402477,111.8112026,100.1232952,109.813612,64,29.555
27000,284.0576788,107.1816056,107.155944,113.0428276,65,29.89
27100,390.5908454,142.6997055,134.9072959,145.4851162,77,26.662
27200,305.8897465,111.514078,113.7361668,117.9524664,65,28.662
27300,353.9550615,124.794479,120.611971,130.3389868,71,27.613
27400,315.2120878,113.0143492,115.0658276,116.2381069,67,28.553
27500,329.1191228,119.044512,123.5120324,128.3373521,70,28.32
27600,316.1071595,112.4474619,117.7412471,121.8388671,68,28.786
27700,356.1631896,129.365291,125.5563223,131.6952575,74,28.941
27800,305.7835688,115.6826438,113.9264783,113.0657013,65,28.025
27900,344.3933662,113.1518554,128.8481829,127.1334275,71,26.666
28000,395.8420972,137.4825886,143.5483949,142.1782725,76,26.469
28100,379.8966241,134.8559591,125.408037,131.3352095,73,28.971
28200,356.5868577,134.0608114,134.7338254,129.77267,73,26.997
28300,346.6281562,128.6184942,126.0152065,128.765183,73,28.29
28400,381.0919291,140.0490028,131.2034727,143.3632835,75,27.37
28500,392.7398267,142.137107,133.5638592,149.2758763,76,26.229
28600,357.1879808,123.5027189,125.5652852,125.5605764,71,27.165
28700,342.9455476,126.1019479,123.9837948,122.1817546,70,27.206
28800,322.1013101,119.7152975,128.7708024,119.4394413,70,28.469
28900,242.9695559,108.9430509,96.615952,113.4640247,65,28.004
29000,243.4130174,95.78275178,94.45031011,103.2758312,57,26.952
29100,195.8881669,86.03828439,84.98578231,89.22483094,56,29.811
29200,354.2289221,115.3889972,133.0624349,128.6516945,73,26.859
29300,397.830869,140.2981824,143.8515268,142.563253,76,25.452
29400,250.1836976,85.64455759,103.3135753,105.8744321,60,29.809
29500,421.473139,149.3812225,153.0812943,155.071513,81,27.267
29600,358.4361365,134.6189616,135.6311403,131.2327151,74,25.461
29700,347.8773248,126.5927605,127.8660998,129.2352043,70,26.112
29800,371.8596445,134.3607077,140.6550592,139.7497888,75,26.205
29900,265.7165672,96.15962385,104.5044854,107.1545578,62,28.348
30000,334.6296974,119.3220902,125.3774549,122.4412008,70,26.971
30100,371.0006403,123.9883101,127.070657,125.9554055,71,26.127
30200,308.3940046,115.7839376,121.0117364,112.966025,66,26.155
30300,269.2564838,100.3189764,99.86543054,106.5213962,63,28.635
30400,286.7555541,98.64837058,102.4837015,98.90512373,60,27.595
30500,321.6408597,118.7770215,124.5557845,127.1607148,70,27.009
30600,255.4191196,87.51912114,92.91555112,95.59730292,58,28.732
30700,230.895298,85.97058011,93.04826487,86.419872,57,28.575
30800,317.1609324,113.9973311,119.256784,114.7902963,66,27.631
30900,430.968823,153.3922607,157.108844,159.519889,81,27.261
31000,399.2235766,131.2228467,141.0895625,142.3474815,76,26.854
31100,388.219082,130.713758,138.6552099,143.2089479,77,27.874
31200,398.1276418,137.7831605,146.2486973,143.2425254,78,26.065
31300,396.3169677,132.8810984,142.3665679,135.9984467,77,27.201
31400,333.2975998,116.8623161,125.5224444,129.4738645,71,27.31
31500,389.2929076,133.0245318,132.3615231,136.8840802,75,26.748
31600,384.7966968,133.3460573,136.0585134,134.2275416,72,27.967
31700,359.4715076,126.8869835,126.6789038,126.2709269,71,26.998
31800,339.7141382,118.4919595,125.020081,120.402653,68,27.442
31900,418.7867939,146.2222938,150.4166284,143.8100243,79,25.048
32000,415.1504932,150.4169273,147.5342566,145.5235418,79,25.351
32100,383.5279151,136.9950871,139.1627692,136.2120319,75,26.916
32200,402.0803866,142.5207917,145.2713457,140.6928141,76,26.226
32300,367.7496062,117.7553705,132.8072845,126.3953206,72,26.457
32400,431.118097,152.191251,155.1211408,150.5846505,82,26.488
32500,398.5696928,138.9409917,143.1601282,132.1827175,75,25.54
32600,334.2788679,118.6420093,126.4616982,118.3706575,70,26.903
32700,476.674183,165.5386174,170.449481,167.2493141,87,25.645
32800,346.7846205,112.6263919,131.351734,136.7028485,73,26.651
32900,397.4786556,136.0603061,145.4134741,142.8786218,76,25
33000,450.72924,147.5904588,157.7821202,156.0305913,81,25.285
33100,336.6752574,107.5435997,133.6916065,129.9553148,72,27.134
33200,365.6896274,121.6411086,130.623803,131.7144249,72,27.276
33300,384.7713504,132.2432885,138.5461177,133.1927254,75,25.966
33400,411.5562545,142.9192472,148.02942,144.9207701,77,25.586
33500,502.2445682,167.0229356,170.4337947,171.0424874,88,25.04
33600,414.5158932,137.3801566,148.0800223,148.1889793,79,25.934
33700,404.795185,137.7567376,144.7626874,145.7567947,77,27.42
33800,419.8200146,144.8412476,149.7506414,150.6662048,79,26.884
33900,455.9648685,155.7378246,158.9686037,158.3198092,81,25.113
34000,397.1806412,140.7973203,142.188849,145.2300163,76,25.854
34100,398.0793046,139.0815829,141.4776138,141.2469798,76,26.054
34200,387.405847,144.4918868,148.0968976,144.2023896,79,26.588
34300,394.590961,131.7203683,140.884523,145.700685,77,25.902
34400,355.468072,128.8139712,138.9154038,129.5236918,73,26.011
34500,367.4631713,127.5711503,138.304517,138.4078833,74,26.254
34600,399.9505705,142.9199341,144.1864771,137.8446393,76,24.358
34700,436.017012,151.2463982,149.9839196,150.6972116,80,24.95
34800,387.1171584,130.3590486,136.0878656,136.4077914,73,26.403
34900,351.6577199,119.3724155,129.4771643,130.6766437,71,26.327
35000,329.8939269,118.899374,132.7203103,130.5763821,72,27.221
35100,407.4190042,141.5097528,151.3056251,143.127914,78,26.939
35200,412.9933393,144.5980519,150.1955532,144.2060012,79,24.462
35300,403.9491651,148.783607,148.7721736,142.3738845,79,26.317
35400,426.1118001,146.6407584,151.0600011,145.7405603,78,25.975
35500,353.0872692,111.8338841,129.4387897,131.0750752,71,25.867
35600,413.5164584,141.1439364,150.0912598,148.7224187,78,25.762
35700,470.211443,153.0486733,166.3215282,156.0569761,85,23.559
35800,423.3448234,154.1384391,158.630378,152.7671359,81,26.553
35900,397.7671741,143.9714109,148.2242668,144.0357777,78,24.568
36000,425.3281793,143.0888535,149.6150243,151.8103681,79,24.296
36100,371.6198468,127.2115705,137.94921,134.2293467,74,25.744
36200,395.2662264,139.7547963,148.9720392,148.1165175,78,24.909
36300,378.3568735,125.0624521,133.6779195,137.835138,74,26.561
36400,457.5049791,155.5568854,157.0225304,159.6810715,82,25.09
36500,377.3986674,131.8692551,149.2736822,152.2127688,78,24.965
36600,462.1179788,154.5600373,158.3569634,158.1588971,83,25.834
36700,359.4539275,125.0056814,134.4547653,137.2733787,73,26.463
36800,390.4072722,136.1096971,138.940814,140.6376123,75,25.703
36900,357.714619,139.0014361,136.6058133,139.1288117,75,25.996
37000,420.454471,146.6800878,148.0894277,147.3621786,78,25.032
37100,324.6465048,121.2936722,122.8031283,132.5957897,70,26.105
37200,366.7211234,133.2787796,139.6305152,146.4789119,76,25.609
37300,382.3972866,133.5190718,141.5864011,136.7292866,76,25.7
37400,336.2235284,123.503608,128.3883807,128.5433352,71,26.741
37500,403.0770501,139.6905064,148.3154855,150.7092376,79,24.596
37600,420.7873259,155.3503495,148.8566597,155.2671406,82,25.824
37700,391.3424009,140.785546,144.1303351,140.175216,77,25.678
37800,432.5898373,153.3758836,154.8864926,156.3915561,81,24.764
37900,395.7946761,133.3709814,139.0810869,142.0070593,77,24.974
38000,373.1532825,133.6964118,142.6837055,140.873346,76,26.08
38100,366.35255,133.1633545,125.4340537,134.0610641,73,25.729
38200,470.7479793,161.0585831,164.9098467,160.3816913,86,24.499
38300,367.0736678,130.4268519,138.5214299,138.0607613,73,24.906
38400,396.5260546,139.4309503,147.3401568,138.3952306,77,24.656
38500,377.307451,133.0016685,137.2978539,139.873573,74,24.894
38600,385.217295,132.3488621,136.9543795,138.3917798,74,25.103
38700,429.3588894,150.815188,149.7426023,156.6662352,80,25.879
38800,435.1386383,157.5125572,152.9651034,159.2572758,82,24.996
38900,433.1847516,153.2901858,156.2959692,151.7618097,82,24.331
39000,380.1565061,137.5060691,142.8420226,134.0370598,77,26.151
39100,502.8324953,173.8799774,174.2008451,164.1489128,89,23.891
39200,390.7037058,142.2018466,144.5711948,140.9824533,78,24.916
39300,474.5079387,162.3531463,167.576539,162.3039763,86,24.541
39400,445.5281591,155.182558,159.310336,160.8687079,82,24.218
39500,440.7963683,152.4856748,150.3701435,151.4839646,80,25.593
39600,376.9098853,144.214991,143.0504563,141.1106405,79,25.448
39700,411.6471424,141.3247084,151.0845398,144.7019639,78,25.238
39800,441.2075363,157.8064442,159.7107383,160.7665723,83,25.382
39900,415.2206069,143.9741403,143.841698,142.0016683,79,26.246
40000,417.8108824,148.7654506,154.0186942,146.7953901,79,24.933
40100,419.8813504,150.4855841,151.5186974,140.2457153,80,24.429
40200,398.3333873,144.634924,148.4185911,144.9455604,77,25.12
40300,305.6753469,101.3481626,113.6699521,113.569557,65,25.949
40400,386.742691,133.4282205,146.8036044,144.8994074,77,24.995
40500,281.4872325,120.386041,110.0228691,121.8465939,66,25.61
40600,442.5403947,158.1395439,159.0241957,144.8702869,82,25.054
40700,454.1707476,155.4846487,159.7939265,160.8590615,82,24.703
40800,454.3626816,156.8324041,157.9113818,160.5188144,81,24.128
40900,373.9065984,131.52993,137.6845063,138.5121295,73,23.995
41000,408.2565339,141.7938065,144.7657387,145.1741812,75,23.229
41100,395.7537271,137.9148059,143.583878,139.4419866,76,25.67
41200,471.8529673,169.1950657,169.2575509,165.4067814,87,24.259
41300,406.6324689,140.1209296,142.0906608,147.9400082,76,25.577
41400,295.3310515,127.1637004,116.747759,122.5713042,70,26.257
41500,477.4138503,162.5451915,163.7098625,166.7976543,84,25.209
41600,391.9738676,146.3517347,152.0612176,150.319887,79,23.871
41700,446.0470907,154.7412486,157.5675707,155.5790862,81,25.135
41800,388.0897945,142.6857917,141.5645789,148.460174,78,25.719
41900,384.7196775,144.7878703,140.730208,145.8233509,78,26.243
42000,446.1179456,154.910157,158.5685095,154.6002277,81,24.026
42100,432.3453483,146.8934616,153.2502808,155.543463,81,25.983
42200,369.2939075,132.4220412,139.3419836,134.6260198,75,25.278
42300,343.3386938,127.922026,138.4154557,130.8809853,73,25.863
42400,310.3043158,113.6255029,119.5567358,116.9591414,66,25.942
42500,444.6080237,165.4308572,160.8897583,169.4112536,85,23.538
42600,365.0308397,120.0014115,134.4073475,133.7795052,73,25.916
42700,377.1800915,133.7467789,137.6032599,131.1399003,73,25.686
42800,428.6198548,152.5256199,154.6706881,151.9723466,80,24.477
42900,432.9754676,153.7729634,154.657584,154.0490006,82,25.436
43000,414.0324883,137.8442353,144.5811978,143.8825842,76,24.648
43100,374.3940517,125.7321863,137.8104053,126.4945529,74,24.943
43200,413.202144,145.4670454,145.6872063,138.3892943,78,26.172
43300,386.3324955,132.3695673,148.719489,130.1662361,76,25.672
43400,394.7482769,142.6705574,145.8688658,139.1128257,77,25.748
43500,403.8267139,147.6552276,153.239998,149.1909621,80,25.873
43600,357.1216742,142.9446464,142.7047748,144.5836087,75,26.661
43700,406.8224412,141.6943994,144.9571894,145.2102888,77,24.982
43800,419.2926897,147.8200121,142.6485431,146.3015023,79,23.925
43900,449.0252309,157.84025,159.4677517,164.3614655,84,25.584
44000,414.1033509,145.2084085,154.263215,155.6496192,80,24.271
44100,357.3294136,126.3395969,136.1712361,135.5017727,75,24.997
44200,376.6664755,147.9830254,144.1485535,149.643294,79,24.482
44300,310.6313552,109.3224499,123.9386832,125.04289,70,27.086
44400,460.5422183,149.2387042,158.6471396,163.6713908,84,25.323
44500,446.1252039,156.5045786,155.9462324,151.1861237,82,25.933
44600,435.6411382,144.6055016,152.7852457,153.5543805,80,25.039
44700,427.6109574,150.3693825,147.2694162,154.8234984,80,25.166
44800,463.009821,161.2727407,164.6343156,163.6504402,85,25.293
44900,395.2773911,135.439206,148.5670955,143.3029943,75,24.991
45000,396.5227036,134.3490552,143.7189095,143.4682061,75,24.556
45100,432.0244163,152.4574834,147.0791372,157.2876819,79,24.978
45200,462.1657405,158.9154912,161.3213608,154.7870606,83,25.078
45300,386.1064466,133.2846746,137.8120852,137.4468602,75,26.081
45400,406.0721389,142.5531703,141.1016423,147.1246382,77,24.796
45500,355.9411429,132.2826886,130.0832141,132.4928953,73,25.918
45600,389.4300863,144.2007664,150.9345325,143.6228934,77,23.525
45700,446.1323349,147.5547526,158.968093,155.5703634,82,24.633
45800,338.7934535,119.8436246,120.0150043,127.3544354,69,26.433
45900,360.4587845,121.4465402,127.1877927,133.368217,71,26.307
46000,419.6888496,149.1796747,148.75457,149.0402504,81,24.183
46100,325.8484282,120.8613529,123.7159224,129.3415602,70,25.272
46200,409.3596004,144.8561892,147.3778969,145.6197176,78,24.702
46300,333.5680895,118.2716394,133.2528792,126.8388201,71,24.414
46400,404.0871615,145.3266713,148.8740039,140.017519,78,24.248
46500,442.9937884,155.6517604,157.515047,161.6492386,81,25.152
46600,418.3650473,150.3452743,156.2975073,146.1626458,81,24.621
46700,427.4473332,155.7951792,149.2132594,158.8376353,81,25.17
46800,437.120188,153.3854966,148.3455905,152.5681931,81,26.305
46900,399.5205872,142.5120768,147.5695498,145.0333683,77,24.946
47000,394.4417253,142.9751926,149.8693786,148.6575914,79,25.211
47100,457.0707183,157.5867024,163.3068504,159.7027534,84,24.526
47200,390.6819475,137.7307531,145.5544946,140.4346985,76,25.165
47300,437.6907895,147.5536043,152.8899458,154.0541413,79,24.774
47400,457.6472336,158.8609218,159.3303762,166.1020129,83,25.058
47500,386.9370259,131.3552095,135.3944416,138.270843,76,26.027
47600,429.4569348,147.9420726,148.166322,158.9405474,81,25.794
47700,432.4980019,153.7651246,156.7738226,156.4471942,81,25.78
47800,419.4149804,148.2745086,153.6840806,148.1855519,79,24.092
47900,382.1893015,142.5682464,143.860903,142.1397784,77,24.707
48000,466.9317703,165.7492193,169.8312653,167.5979089,86,24.15
48100,371.0782146,141.8061247,147.8463111,141.7630734,77,25.053
48200,370.8770341,137.4428742,133.250129,127.701373,72,25.47
48300,471.2465039,164.1790665,167.3276549,165.5895307,85,25.512
48400,461.9285839,153.9207922,160.7999251,160.9444757,83,24.691
48500,410.7038799,138.7615418,139.1669915,143.0663118,75,25.678
48600,475.9057429,166.3706094,173.6469977,171.1238311,87,25.698
48700,426.1343771,151.9264753,153.1720202,145.8936156,78,24.401
48800,443.3734509,154.5614415,161.1512927,157.0716718,82,24.956
48900,424.2045246,150.4503233,150.4232089,153.4554428,80,25.289
49000,440.2326654,150.947011,154.8343974,152.9836668,81,24.841
49100,416.5074838,147.3558011,153.6758188,141.5255425,80,26.002
49200,437.2924144,159.6875898,156.5611461,161.0778491,83,24.634
49300,435.8474188,152.3531117,153.3000017,153.4180651,81,26.392
49400,378.1733064,132.2876808,139.024596,142.3502367,75,24.848
49500,406.8149232,139.122303,150.6392184,142.8779679,79,25.939
49600,433.668234,152.0850209,154.5844806,160.4115637,81,23.802
49700,442.9726718,148.1358341,158.4864521,160.4535335,81,24.431
49800,449.6815275,161.8229798,163.0225818,170.4199917,86,24.496
49900,400.1569715,145.2217702,151.6243414,153.6769272,79,23.729
50000,432.3255162,160.6013482,162.4876775,160.2167511,83,24.801
50100,423.9576053,146.1892021,152.8154562,155.3297562,80,25.336
50200,461.646792,166.3768873,159.4470652,169.4613667,84,24.224
50300,425.7897295,147.962083,146.1487338,145.3354425,77,24.656
50400,418.7943107,151.7996585,150.0852201,149.5588304,79,23.182
50500,481.3629041,167.393871,168.1588724,166.1140929,86,25.131
50600,467.9513683,161.8370831,168.8420353,162.8564036,85,25.178
50700,414.3738361,144.0322221,148.6742431,153.2745451,80,24.692
50800,413.4875174,146.8958351,147.1065508,149.6365795,78,25.063
50900,442.4982115,144.7031052,158.601931,154.753831,82,25.264
51000,426.747869,148.1481053,152.64896,156.8834145,81,23.164
51100,413.0998673,150.9391395,146.2381013,154.3591269,81,25.054
51200,350.6093162,126.6898988,130.2687498,132.1889059,72,25.632
51300,363.5970809,140.3365291,136.8236069,150.7110492,78,25.768
51400,415.9359867,151.6873622,155.675157,156.3839847,80,24.386
51500,440.9536358,148.2719656,157.0274919,156.6792652,81,25.342
51600,398.5170513,139.5678333,142.7578052,145.7005989,76,25.109
51700,383.1796053,135.2078944,137.9568298,136.7709898,74,26.534
51800,415.3643418,136.2791268,143.7005673,149.3116888,78,25.568
51900,440.4510494,154.3332318,155.6084944,157.2216313,81,24.945
52000,383.5251745,138.163482,136.9297468,143.3188042,74,24.442
52100,345.0862964,132.5845367,135.5172154,139.4332851,75,25.045
52200,439.4609463,156.2488324,157.2317678,157.9223725,84,24.553
52300,353.3522136,122.0392836,129.4860424,136.7136957,72,25.965
52400,408.9163807,136.901387,148.8692977,150.4834894,79,25.642
52500,399.5373461,137.2758253,139.3971294,143.4855439,76,25.525
52600,469.6892922,161.1808475,165.0296019,165.1814542,83,24.375
52700,477.8882631,164.406089,168.3823139,166.5117101,86,23.402
52800,406.4669016,139.1473049,145.4286712,142.7549854,76,25.561
52900,440.9722629,155.7667481,157.4963235,157.9981554,82,24.44
53000,403.8307915,144.2753414,143.3751033,147.938924,78,23.557
53100,450.587981,156.4591103,159.3235127,157.7226021,84,25.136
53200,458.7029908,159.6250503,156.1489101,161.7338249,81,25.234
53300,372.761156,121.100047,134.1516266,135.67682,72,26.187
53400,343.3196748,119.2206573,122.2893304,122.0805587,69,26.438
53500,332.1934155,120.5684458,121.9162105,133.0654239,72,26.968
53600,403.7335659,143.7165356,142.3760194,149.197172,77,26.38
53700,413.6783324,145.9607552,145.4727652,142.1402566,78,25.864
53800,497.2765928,170.6972604,167.9967054,170.6713997,85,24.465
53900,483.2200254,166.5760092,168.3964474,164.1014859,85,23.529
54000,437.2715514,152.1796524,156.5147738,158.8823005,80,23.863
54100,458.0669353,159.6095029,156.5874769,157.3384184,82,25.624
54200,415.9013717,145.6066122,149.4106083,148.458952,78,24.333
54300,474.136393,168.4522891,166.3008808,168.3603904,86,24.525
54400,439.8087936,156.7689731,157.4913097,158.514125,82,25.226
54500,440.6035756,142.994979,158.5057991,155.2728469,82,25.039
54600,439.6123853,142.9567386,153.856141,155.1964736,81,24.26
54700,489.2629152,168.8538491,173.9960344,175.6627898,88,24.755
54800,405.6605369,145.8154148,147.3460291,148.5616071,77,25.4
54900,401.1901826,143.8659351,138.0915173,147.4184631,76,25.285
55000,451.780448,150.6802707,158.4171817,158.6505338,82,25.042
55100,499.0577168,173.0231099,173.8146669,174.1749413,88,24.264
55200,468.2495922,161.9440702,169.0992825,160.6680997,86,24.694
55300,457.8781453,161.1675493,161.1166974,163.8428282,82,24.362
55400,482.6884918,161.1557373,167.1249985,168.2765453,85,23.541
55500,451.4905378,153.7162044,156.7556087,163.6238912,84,24.921
55600,444.5860354,147.1009611,156.5938312,154.1308261,81,26.677
55700,470.9500108,161.4558066,167.5458454,155.2242639,85,24.741
55800,409.2025457,151.848078,148.5757454,153.5952525,80,25.963
55900,398.6804118,149.2027534,147.9923768,153.0631147,79,25.208
56000,402.94107,140.5161023,141.9297937,148.8513858,77,25.258
56100,412.9648557,140.3070563,145.0297596,152.6979772,78,23.415
56200,428.8753038,149.1265562,155.48398,157.3282228,80,25.427
56300,467.9947646,153.012369,161.6069042,162.4988803,84,24.265
56400,467.9409737,157.5890962,162.9241107,165.1278938,84,23.804
56500,426.0346975,146.4056103,153.8691483,159.5341754,82,24.369
56600,392.2490351,137.2049917,147.055635,142.8927696,78,25.572
56700,448.4944861,159.0399889,161.6852773,161.0152334,83,24.243
56800,445.214478,159.7448662,162.9522339,164.6751255,84,25.257
56900,451.6829355,158.8043907,163.3757604,167.3066849,84,24.662
57000,366.9579515,134.6700584,130.9780494,139.8027424,75,27.042
57100,486.7130976,165.6897966,163.7608071,166.7918739,85,24.414
57200,372.1097412,141.8285163,139.0836491,136.4536019,76,26.7
57300,520.1292495,174.7852239,173.3995564,178.9364948,90,25.103
57400,387.9317019,133.6423214,140.824321,142.5973581,75,26.171
57500,432.4501351,149.300503,156.1282063,158.6536174,82,25.173
57600,394.7651509,138.4160383,139.86471,145.0128251,75,25.368
57700,389.5834212,133.5482975,148.3307154,146.463858,76,25.756
57800,437.9131599,154.1825596,152.1776273,156.3995287,82,25.67
57900,375.8831866,130.2161612,131.0652459,135.2867039,72,25.734
58000,455.755876,158.9633613,159.0416121,161.3984726,83,24.877
58100,393.4997471,141.6161041,142.7444963,146.9732069,77,25.433
58200,426.0252479,148.0422967,145.7976972,154.2378136,80,25.422
58300,376.508669,135.4253536,140.9195179,151.1146762,76,25.882
58400,419.1846626,133.9765201,146.3091209,146.2689381,77,25.356
58500,414.0114382,143.7436837,157.8412728,152.0069786,81,26.335
58600,421.2634177,138.3693716,154.5270403,153.5433624,79,24.191
58700,479.2852081,160.011731,168.424878,171.7931494,87,24.972
58800,398.8220951,136.1317741,144.0622615,144.2242216,77,26.804
58900,437.4027585,151.8674265,162.3770455,163.8272525,83,25.139
59000,456.2988036,148.3660688,161.2284976,160.767648,83,25.639
59100,420.5985767,141.1567267,151.9886174,148.8522956,79,25.932
59200,447.6260291,152.6631943,158.9806163,160.3432373,83,25.463
59300,374.5184703,132.7014917,135.7475614,136.9216583,75,25.548
59400,448.5570829,151.686195,159.4259447,155.9203942,82,24.753
59500,410.7607852,135.918744,142.590789,145.5235217,77,25.244
59600,437.6048181,153.3463066,151.4119452,155.7764739,80,25.185
59700,412.4433308,139.2120537,145.416135,146.6144003,77,25.054
59800,373.2562529,133.3488354,140.7234756,142.7680176,75,25.477
59900,350.0588092,132.3309599,134.7409332,136.2238006,75,26.284
60000,440.9939602,152.9934206,158.2194944,159.1251529,81,24.772
60100,424.9490151,149.8405464,150.5921624,155.5055935,78,24.011
60200,416.7466111,143.1725481,145.9405849,152.7201508,78,24.892
60300,462.2908904,157.4534985,164.7270158,165.2308846,85,24.58
60400,382.991151,131.3288496,147.424487,140.831134,75,25.453
60500,467.1281291,157.5473106,164.1976081,163.7278328,82,23.795
60600,436.4984264,145.5255429,155.2741965,155.8758006,81,25.962
60700,456.4958682,154.9522168,161.1371505,164.8316163,84,24.871
60800,396.5652648,135.7609376,150.7759705,153.1713255,78,25.851
60900,433.555258,148.0859977,159.9579158,157.6830866,82,23.745
61000,455.5913074,153.6533455,161.104328,157.8309929,83,24.559
61100,342.9173721,117.701352,125.3851678,126.6116323,70,25.559
61200,450.4340363,156.075204,158.6544699,160.5375594,83,25.563
61300,446.4020608,154.7633475,154.2219947,152.9286265,81,23.747
61400,472.3793,165.478687,162.5173833,164.0368983,85,23.533
61500,432.4606519,151.5823768,156.0065805,152.5875727,81,25.663
61600,408.2964848,134.5250354,151.2665814,142.3773513,79,26.729
61700,418.7468717,144.6116043,153.2049144,151.0775193,80,23.739
61800,447.1852194,158.9995529,148.0916002,152.6962915,81,24.384
61900,451.1661905,148.6601865,165.8304149,158.7395878,85,25.581
62000,467.202117,158.4896079,160.9704362,164.3388649,84,24.319
62100,439.4821147,155.5094346,155.5172487,153.7336074,82,25.915
62200,438.5400101,153.8646057,153.0498766,153.1238614,80,25.619
62300,445.2423076,160.6236315,163.9682555,163.2721316,83,23.774
62400,475.851129,163.5082537,167.1494807,160.8453768,85,24.541
62500,394.6031055,140.6959544,143.5403086,134.4722974,77,24.917
62600,434.0464279,145.7361968,150.6498436,148.039727,80,25.114
62700,473.835423,158.4677582,167.2685667,163.5032141,86,25.004
62800,376.0779958,127.8266889,131.7658471,131.3127783,74,26.203
62900,391.0119413,133.2385226,141.2447954,134.7163531,76,26.075
63000,474.4568703,159.6082803,165.7981098,158.158736,84,24.641
63100,444.6957779,150.6352096,155.5753577,151.4592272,82,24.492
63200,503.1853029,171.5076776,168.4337251,173.600708,88,24.234
63300,455.2269725,159.3612075,161.8686615,160.3947747,83,24.471
63400,451.8706949,154.8746207,161.6430309,161.5225629,83,24.416
63500,387.5860612,128.6000638,141.4523589,134.8096578,74,25.009
63600,444.1047617,159.8418403,159.311295,162.070879,82,25.281
63700,408.6576633,148.8939831,148.216556,152.8562849,80,25.338
63800,373.2544911,133.0167671,138.9020642,136.1745139,75,24.867
63900,421.8667216,146.3806775,142.206816,150.8396851,78,24.815
64000,462.0975816,161.7258844,161.654111,165.5607051,86,25.742
64100,452.4279153,153.8674805,149.658252,157.7785697,81,24.644
64200,436.2253277,150.867392,158.2955173,151.4359422,81,24.252
64300,490.2739007,155.3917587,173.8860254,173.960189,88,24.352
64400,497.5984422,170.6868991,169.6214147,174.4311947,89,24.125
64500,454.1940911,153.5634184,153.4640946,158.615181,82,24.341
64600,323.4836683,115.7933664,124.5605055,130.7215429,69,25.667
64700,442.1831188,155.1314223,162.3120261,153.8635631,82,24.45
64800,404.0635173,130.5802816,148.089376,144.0253118,78,26.119
64900,418.7625186,141.1114995,151.3145358,147.4628593,80,26.414
65000,389.5706565,138.6319342,141.3251859,144.7089059,75,24.12
65100,432.8092524,147.7751746,159.1778512,160.450611,82,24.578
65200,403.5969314,140.5482837,142.8929919,146.7629572,78,25.02
65300,472.0463076,163.0936318,169.0518023,168.6172995,87,24.99
65400,434.2347935,151.7300233,152.075791,152.5305776,81,24.274
65500,405.0111505,148.0529805,150.0610318,152.7305369,78,24.134
65600,370.4139009,139.1559618,134.5677005,134.6903515,74,25.811
65700,346.1519002,133.6553332,137.5596724,133.970498,73,24.567
65800,366.5013087,133.3610637,133.6181432,134.2586037,73,25.014
65900,381.1362379,135.708586,140.0771333,137.4460996,75,26.13
66000,451.4383237,154.8434268,163.1600042,163.6818846,84,23.812
66100,380.9203396,135.3959815,144.9339283,143.7810482,77,26.163
66200,447.6237458,161.3942273,164.4985207,160.421997,84,25.606
66300,415.2644743,148.4172117,155.2771221,155.8710522,80,25.501
66400,408.5778219,145.4909992,144.1040623,146.2057305,76,24.866
66500,410.1994338,139.6051598,145.1282333,149.6237968,78,25.756
66600,478.3489892,162.6748065,163.8524856,166.016941,85,24.296
66700,421.1077589,146.0431174,152.3854099,146.0290689,76,23.91
66800,423.3486343,144.8598927,151.4199228,148.639687,79,25.552
66900,419.0624618,145.7528079,152.8485764,153.6040751,78,23.7
67000,476.8581795,164.8219657,162.0290883,159.909699,85,23.886
67100,431.850462,149.8602519,151.5199879,149.6374619,80,25.395
67200,454.5703623,153.8503253,160.7617325,155.3824806,82,24.086
67300,426.8191332,145.9828931,157.0137124,152.2877753,79,23.85
67400,404.4507105,145.8231011,152.0754853,148.4087081,81,25.932
67500,427.5847492,148.4717665,149.3338449,148.2375851,78,24.527
67600,381.2014789,131.4840104,134.8819781,135.4498794,73,24.785
67700,421.2837676,149.2719747,153.7439589,146.7332291,79,24.649
67800,432.0392332,150.7212639,151.4064458,150.1918164,81,26.04
67900,433.3602443,147.3525674,152.4878425,154.7260846,80,25.612
68000,470.9497302,161.2032334,167.4969812,160.9954036,83,23.766
68100,425.5473752,153.4452719,158.6026361,148.1617406,81,26.328
68200,438.4714209,151.6346757,154.4156745,154.0304582,82,24.605
68300,400.9156757,136.9425494,148.6657437,145.2380589,76,25.487
68400,478.5661203,162.5899504,170.3644293,163.5972057,84,24.552
68500,446.0442222,153.0475224,150.8114479,158.0292227,80,24.036
68600,396.3442044,143.4202891,144.3105407,144.6194586,77,26.02
68700,360.2224005,142.4699321,140.1100104,136.5447207,76,25.67
68800,446.6908482,157.4943318,162.4446393,161.9488834,83,24.043
68900,428.6016166,148.7197071,158.1615432,154.861677,80,23.579
69000,369.1408586,135.6116457,128.4418056,132.5560933,72,24.092
69100,429.2969374,142.5843542,147.8538352,152.7185036,79,27.093
69200,393.0059558,134.7284553,136.8412146,140.7044032,75,25.533
69300,397.4434974,139.832925,145.7426729,144.7045333,77,24.705
69400,441.6407044,160.1727762,163.7925375,162.3932902,83,23.928
69500,403.3839594,146.7838438,145.2912018,152.0013415,78,24.977
69600,356.1294965,128.9504235,135.547973,135.5936285,72,24.351
69700,455.3574532,158.5808514,159.4462687,159.8007594,83,25.289
69800,379.3645179,144.6891406,142.6968994,143.0683433,76,25.1
69900,413.9184834,140.6838132,144.235654,150.1114809,78,24.639
70000,437.8217918,152.3784434,159.7532265,158.3653852,82,24.621
70100,409.946058,143.5010522,147.7216922,150.6512704,79,24.21
70200,420.7310341,142.1003536,152.4368544,156.4671316,80,25.826
70300,429.6800154,147.5340365,149.1118628,143.04269,77,25.52
70400,387.3565415,136.8919281,142.3619827,140.8932266,74,24.789
70500,420.3740574,148.29683,155.6266696,151.8466276,81,25.155
70600,396.8953349,140.5681025,141.9367144,141.5646324,76,24.567
70700,393.2240051,145.1513634,142.6110494,140.3061363,76,25.172
70800,457.9566028,159.840403,164.2608424,159.3298412,82,24.435
70900,393.7214381,141.4437012,143.6301347,144.7066828,76,24.362
71000,396.0758607,143.5604453,150.5286387,148.6711523,78,23.134
71100,415.8798411,149.5322299,152.0670086,147.0204992,78,23.91
71200,422.6639167,148.0144763,153.551203,152.8571518,81,26.066
71300,346.8508062,118.4478543,120.46746,128.7629476,70,26.312
71400,322.3600442,125.7910273,134.2433735,124.3499092,69,25.094
71500,371.7107928,135.8372473,137.1709934,141.6466289,76,26.471
71600,423.5357107,152.435661,148.1878561,154.9701587,82,25.949
71700,407.1319659,141.9683008,144.1477659,143.6414748,77,26.032
71800,419.2438921,162.775843,162.6941499,164.9861231,85,24.592
71900,359.2266559,117.3402843,129.1573364,133.8401149,72,25.757
72000,361.2498976,135.2380938,130.3392202,137.1935152,74,26.373
72100,391.8217811,140.4132023,142.8327545,139.8037185,77,25.809
72200,372.1131463,131.3431468,138.9704832,138.1039208,74,27.233
72300,353.4820838,127.1690476,134.3491959,129.6220003,73,25.512
72400,435.2594713,156.397157,155.741118,154.4310518,82,25.26
72500,415.5985597,144.6944187,147.4232578,149.7549918,80,27.017
72600,355.8036012,134.0917169,137.647376,138.8661666,75,24.986
72700,391.0000662,138.6970048,142.9266207,144.8813225,77,25.561
72800,424.736063,148.209992,149.7136712,156.156039,78,25.26
72900,408.1072638,144.986227,149.5852041,148.72876,80,24.75
73000,412.7687168,149.3535038,157.7542437,158.0716151,83,26.259
73100,415.4745693,149.6359098,145.2214577,151.8333559,78,24.421
73200,394.4736061,139.6470497,135.9322441,147.0581756,77,23.788
73300,406.7291458,143.8142897,142.5434989,143.8542684,76,25.349
73400,367.2951814,132.8871343,131.8749193,135.0628244,74,26.733
73500,400.8669281,143.0846779,142.1533584,145.3236368,77,24.825
73600,367.6224578,129.4119755,131.7775337,141.4418995,74,24.739
73700,442.4115165,152.3690248,157.6813742,157.2498128,83,24.648
73800,434.6305752,151.8221856,162.5784627,163.1491942,84,24.818
73900,473.8864757,160.6221484,160.6305252,168.3086673,85,24.008
74000,300.0478841,100.7280935,121.0025676,128.9877451,69,26.638
74100,401.5463051,140.3664673,150.58736,155.4739787,80,26.582
74200,478.0265017,164.1360564,170.4503185,170.5937638,87,23.474
74300,388.6974596,129.8008199,140.4233507,145.4489215,76,25.144
74400,341.7180722,125.4894279,123.8878636,129.1873349,72,25.909
74500,472.523174,160.1237398,164.9231121,166.9650102,86,24.913
74600,477.3805282,169.3519151,165.6740648,166.9116717,86,23.928
74700,428.7470373,148.612868,152.9474457,153.003014,80,24.072
74800,345.3560224,120.9253514,128.3986082,124.4037647,71,27.131
74900,417.8006346,145.9444805,145.6232461,150.7131048,78,24.376
75000,435.314251,154.5828423,156.8747207,159.3513876,82,24.444
75100,510.7573845,173.9865648,174.3114122,178.3534759,89,23.789
75200,329.237464,119.6094327,128.8178545,128.5940226,71,24.999
75300,490.9665747,163.3865597,170.9411291,172.4079343,87,24.767
75400,391.8599889,142.5492197,143.7264489,144.5739557,76,24.475
75500,344.3928049,134.214163,127.8379539,133.0677064,74,26.727
75600,428.9587674,149.1984755,153.7123828,147.5730465,80,24.782
75700,442.126812,145.469236,155.1920771,158.3082441,82,25.306
75800,417.7869362,143.2398247,153.3152251,150.0549629,80,26.397
75900,437.9501426,153.6194852,160.8915484,156.0902132,83,25.977
76000,384.1704788,135.7746552,148.9630813,148.3939582,78,24.47
76100,423.6661518,145.1169528,149.4932215,152.942919,79,25.272
76200,436.1611196,154.194224,148.9099572,155.677826,82,25.174
76300,397.8245103,137.0215268,142.6701098,143.6530874,77,25.586
76400,331.6862889,120.8193358,129.0119134,126.3894402,72,26.082
76500,432.7050955,152.1119993,154.7610354,156.8354978,81,24.496
76600,457.9111217,157.6982414,162.087139,156.8687996,83,24.609
76700,461.5050275,152.8472859,164.1591757,164.5113025,84,24.72
76800,427.5966559,157.6033606,159.9668391,160.7250653,81,24.889
76900,453.9321681,152.5667974,155.7360283,154.3955137,79,25.033
77000,399.5200931,132.2625774,144.9309579,144.4090281,78,25.304
77100,424.3790455,149.87449,155.4247976,156.4208687,81,24.484
77200,438.2541728,153.6451885,154.8222483,155.5475009,81,24.618
77300,385.317719,134.8654227,143.1463796,149.4283724,79,25.534
77400,409.6353624,140.1191153,146.9421354,148.673022,77,24.497
77500,386.5248433,128.6277103,141.8421728,145.0967539,77,25.652
77600,332.53006,121.3539753,122.046118,127.6530507,70,26.254
77700,446.6442077,152.3617866,163.7824888,160.0958237,83,25.598
77800,409.067367,143.2553757,148.307119,148.3734875,79,25.229
77900,398.0114346,137.9289151,144.3824005,143.048491,77,24.251
78000,444.0800792,157.0831238,161.7385895,160.2115093,83,24.888
78100,418.6189104,152.5970804,146.6017418,150.2335432,81,25.908
78200,437.3235615,155.6210193,153.2454398,153.1292835,82,25.219
78300,371.6690602,137.9039662,142.2114545,134.8790045,74,24.516
78400,370.1688566,123.8901677,130.9885022,137.1413923,73,26.57
78500,424.6085963,147.0616387,152.3658891,142.3854021,81,25.747
78600,474.194784,164.4831944,165.9575272,159.7617315,86,24.425
78700,406.6054656,143.5789964,137.8748376,142.360369,78,26.346
78800,433.9230974,153.041962,157.2675692,152.1631947,81,25.743
78900,385.9964864,142.9550426,143.3411261,137.8226514,78,25.517
79000,428.8609792,145.3096606,152.027397,148.6164482,80,26.45
79100,425.4391561,152.9031268,154.6520631,151.2042242,81,25.26
79200,419.3789342,152.9530556,146.0146977,153.0450651,80,25.191
79300,416.3203483,148.092373,156.9653144,152.3007656,82,25.425
79400,433.06063,141.2940118,148.4100297,158.187863,82,25.837
79500,440.6392457,153.1678185,154.9170395,154.0433619,82,25.106
79600,445.3052751,147.7692109,158.3379326,154.7002374,82,25.177
79700,483.4116905,163.792135,169.9966007,163.9729895,87,24.571
79800,406.9397429,139.2683089,148.9055997,150.4223342,79,24.791
79900,426.7560241,153.7280156,149.3499919,151.0444196,80,25.361
80000,379.1873491,136.7279266,140.9942926,136.139539,77,26.333
80100,430.9744617,149.6224976,161.4661668,157.23042,83,25.29
80200,448.1295775,162.4256494,163.1500834,164.1816632,84,24.662
80300,446.9165113,150.4269827,159.5796816,152.2854393,83,24.776
80400,437.5492438,153.9607063,157.214289,154.3421634,81,24.177
80500,397.2182728,136.9011359,137.3859081,141.9485143,74,25.901
80600,397.0506169,133.171154,143.2138992,143.2868908,74,25.273
80700,432.2684862,144.9309449,152.057829,153.1328549,79,25.58
80800,455.4849814,160.9082605,161.0761761,160.7451674,82,24.883
80900,457.9903303,155.6249669,160.7004529,160.3896144,82,25.005
81000,386.8634574,135.0146953,141.1791868,139.5704568,75,25.932
81100,397.415346,144.5287696,146.1181307,145.7790024,79,24.953
81200,434.6878432,149.6947964,169.2034345,164.8239259,84,25.256
81300,384.1315294,141.8802834,148.3319129,148.47324,78,24.307
81400,327.4280514,127.454371,135.2880707,130.0137629,70,25.48
81500,366.6296535,140.0404874,141.3491262,139.4264562,75,25.43
81600,397.2355153,140.8196558,144.8579363,145.1787288,76,24.691
81700,402.0714682,151.5439398,149.6299681,150.6901482,79,25.572
81800,445.2496361,159.36335,163.6623381,153.0938084,84,24.757
81900,437.9415628,145.8980049,158.8243585,160.190756,83,26.308
82000,369.9751987,130.7348961,136.5545232,138.4370878,73,25.153
82100,492.9887399,164.5391293,176.2849667,175.2543035,88,23.461
82200,468.2895817,159.8878463,165.1978706,167.9763479,85,24.196
82300,361.675592,138.1171853,134.3255459,135.2463562,75,26.757
82400,421.6813385,143.4000225,150.8530022,142.526109,79,25.228
82500,339.283355,126.7909284,120.6207996,127.3261231,72,26.456
82600,407.8329646,139.0106707,145.3160954,147.2074125,79,26.535
82700,443.0388169,150.2017127,159.8949335,157.1217826,82,24.62
82800,356.7630757,135.7621839,144.0147752,143.4845885,75,24.309
82900,305.4614459,130.8560358,129.2018385,135.3763153,71,26.326
83000,381.8081866,146.9729801,144.9132512,145.3533169,78,24.675
83100,372.3730728,137.0186748,140.9604766,142.8481058,75,26.109
83200,401.4146652,139.1507063,137.8336384,141.5752446,76,26.365
83300,487.4278884,166.8294375,168.1636221,165.9928123,86,24.721
83400,418.231747,146.6531461,152.513981,153.8901023,79,24.994
83500,328.9640816,117.5409623,117.5173511,125.7885116,70,27.533
83600,407.4213211,149.5036808,146.3957795,146.960936,79,25.261
83700,356.7595449,126.5681594,128.1843126,131.2296549,71,26.493
83800,418.2476841,137.9135347,144.8399194,146.5011333,77,25.842
83900,423.8014018,145.3001008,152.14376,148.2231002,79,24.69
84000,344.0255174,133.8942159,127.4353615,133.8966058,73,26.143
84100,382.4924889,138.1027148,143.2008999,140.5530024,75,25.773
84200,324.5775206,121.0184048,133.6986149,137.5912384,73,25.67
84300,363.2241083,130.8631483,138.1411422,133.938023,74,25.576
84400,273.2754352,101.6660442,108.580753,117.2994533,66,27.767
84500,333.2746258,110.0323548,126.1588439,126.4095612,69,25.91
84600,366.5125869,118.0203035,136.085259,134.2361775,74,26.18
84700,391.5449938,137.8443642,142.0048267,145.1433822,76,26.162
84800,360.3875977,124.2488673,136.5569832,127.1958151,72,27.444
84900,259.4724963,99.87856536,107.9017065,113.3704739,65,27.688
85000,364.2217133,113.1467103,135.9253099,132.857323,72,26.363
85100,353.8222717,129.1826347,131.4585952,133.9650108,72,26.344
85200,392.6486016,141.6744826,139.824883,141.3036581,75,25.65
85300,435.4995613,155.3710008,157.181783,157.1663405,81,24.706
85400,380.5185561,131.7944856,143.587905,139.2995519,74,24.822
85500,372.7411199,121.5845619,131.7552854,139.5620581,74,25.448
85600,235.1106312,96.8350522,98.93629112,100.2153371,58,27.411
85700,385.9459419,141.3065086,145.311128,145.4961043,75,25.554
85800,410.3678906,148.3115274,152.3224677,156.3787745,81,25.419
85900,456.6323946,160.0203641,167.2744334,163.6440015,85,26.558
86000,464.54032,158.5676879,165.2362444,159.9037671,84,24.783
86100,407.2480933,140.8580426,151.179472,149.0176529,78,25.679
86200,462.9426285,156.3712432,162.2091782,161.9093724,85,24.653
86300,371.713613,132.4476062,136.5035196,137.7398522,74,24.604
86400,442.2155425,152.5624462,152.3038322,158.2763677,82,24.522
86500,426.1754102,143.3574697,151.2538971,150.0418794,79,25.356
86600,480.7459147,163.4645233,168.6203009,169.2317353,87,24.616
86700,392.6284248,141.1086997,140.9228275,147.2580397,77,25.372
86800,436.7108393,151.0391471,154.9902485,153.7606803,83,26.038
86900,404.8861012,149.6921814,152.0471719,147.2115758,79,26.12
87000,360.3657315,131.0297992,134.3732104,139.2742531,74,26.987
87100,466.7194239,154.7055538,166.7103683,166.0188664,85,25.148
87200,412.886306,141.9619132,147.7728292,140.6899917,77,25.965
87300,468.2727686,157.8513777,166.6378881,159.9166889,83,25.109
87400,398.0641069,140.2211345,146.2290497,144.5425021,77,25.119
87500,459.1809649,163.2337426,164.8330238,162.5261868,85,24.158
87600,396.6204623,138.1753451,151.4638251,148.0231908,77,26.222
87700,394.9282842,140.3128611,146.2880896,145.2848342,77,25.724
87800,383.4727541,129.2839842,143.152388,141.1745755,75,24.684
87900,416.7397777,146.4304057,144.9412526,145.1034194,78,24.896
88000,425.1966289,146.5108817,156.3831162,144.4787762,82,25.291
88100,396.8519756,143.3321047,146.2227802,135.6006848,77,25.213
88200,440.7428987,159.1256646,162.6744181,154.0184089,84,26.767
88300,394.857745,141.2541896,138.4386727,141.4973694,76,25.442
88400,405.808648,138.3117208,149.7131237,145.5629338,78,25.447
88500,309.3744909,119.3468402,122.310106,127.5826927,69,24.888
88600,447.6598913,161.7135489,166.3613992,159.0222995,83,24.393
88700,443.1401808,157.0393533,160.822379,157.9234729,82,24.234
88800,336.1067039,124.155554,129.7606452,121.065373,69,25.32
88900,373.4232852,145.4065207,146.3373096,141.839651,77,24.582
89000,395.0903761,145.5413211,149.2812777,141.5782707,79,24.482
89100,404.7582204,147.2673475,150.6369282,144.509556,80,26.181
89200,377.977243,140.570975,143.6118227,139.1338159,74,24.241
89300,297.2621822,107.8601646,116.426721,117.1147317,65,26.678
89400,398.9379276,142.1587575,149.9748396,142.3669916,77,24.531
89500,436.071846,157.9308967,159.1629079,153.7453835,81,24.635
89600,466.5138481,160.6692045,162.3399546,159.0799412,84,25.442
89700,410.668911,147.5432343,155.4741725,151.9208784,80,25.156
89800,465.5933849,163.9046673,162.0371652,162.5825222,85,24.934
89900,352.2182367,136.8942995,130.762636,135.143082,74,25.102
90000,414.8378962,151.9529581,146.8299918,151.1691784,79,23.737
90100,444.023405,150.1022306,156.5995909,160.1023346,82,26.264
90200,358.8876718,128.567341,134.6757349,133.8085368,74,25.956
90300,363.551626,130.5982148,131.7030098,121.5542566,73,26.985
90400,357.0793994,134.4906387,142.218135,139.2603531,76,25.566
90500,448.6803682,156.8774719,164.8982961,154.3397002,84,25.408
90600,405.0869046,139.0002954,149.7088325,144.4501746,78,24.962
90700,470.4822276,158.2245071,161.1249074,164.1443165,83,24.481
90800,425.9562873,142.7380166,154.0782219,151.1580745,80,25.294
90900,420.8061625,152.6928322,159.8302706,157.834107,82,25.304
91000,492.5671247,167.6003016,172.6180144,168.6411129,86,24.8
91100,501.4249724,174.32877,174.0288643,176.9680637,88,24.144
91200,451.0245659,160.1353694,161.4371015,157.00795,84,24.784
91300,455.3609738,158.2297216,159.115302,155.8427245,82,25.045
91400,434.0493689,144.8780909,151.4693866,150.420728,81,25.664
91500,380.2545758,138.3113781,140.9984043,128.8887795,77,25.072
91600,389.8337466,131.9521116,137.6165611,139.4798487,75,24.59
91700,418.0263223,146.6871795,154.0961033,145.5851498,80,24.619
91800,418.8083377,150.4028757,145.4807179,150.5091609,80,24.321
91900,443.3733163,152.7646506,156.6284687,155.9305466,81,24.808
92000,398.1524087,143.5790274,148.9551293,139.6399124,78,25.732
92100,450.8565778,150.7270446,165.7561378,166.4751368,84,24.847
92200,392.2337803,132.1766552,144.8899434,135.5583709,76,24.757
92300,388.852303,132.9660444,149.3997415,144.2954292,78,24.154
92400,433.6869951,156.9063617,160.6730467,157.1153378,82,25.136
92500,435.2706916,151.389157,154.0866377,155.8786941,80,24.396
92600,479.2365089,164.9370985,166.2281514,161.9302183,85,22.529
92700,421.4128443,146.501857,154.7408074,148.8417326,80,25.459
92800,406.2257283,154.0539179,153.7168363,146.0728887,81,24.722
92900,440.457167,151.746871,154.9843731,143.897274,81,24.217
93000,422.5391619,151.5628812,153.3998698,156.3075467,80,24.474
93100,453.7092488,154.4578076,160.2478162,164.6025344,83,24.043
93200,386.6694057,142.8521787,144.7198445,140.0272389,76,24.445
93300,329.4693741,124.5862559,125.7345496,132.22645,71,24.361
93400,428.0383137,147.1156768,154.1322457,148.921247,79,24.991
93500,420.3774402,146.3146321,154.004168,144.4022513,81,25.67
93600,463.2394425,161.7101879,158.9559539,156.5396135,83,24.564
93700,460.0797912,161.7199776,162.3762061,160.5665949,84,23.903
93800,423.7536099,147.2622294,152.2299308,153.3275772,80,25.135
93900,395.635962,146.9932899,148.1786427,148.9401108,78,24.115
94000,474.2390284,156.238392,165.7519831,163.349558,85,25.301
94100,417.9601306,151.6468927,154.4321375,149.2853102,79,23.783
94200,432.8277336,152.0447705,150.6396364,155.7627063,82,24.478
94300,401.3779687,139.3775505,150.731935,145.0848405,78,25.093
94400,456.9791856,167.9255002,165.3367416,163.8532396,85,24.23
94500,423.7227906,155.1649501,158.0881154,155.7206088,81,23.275
94600,366.4973578,141.4292737,142.3031473,141.0747396,75,23.629
94700,379.3341721,142.8032629,138.7530961,141.6041393,75,24.64
94800,355.2900438,143.6340556,137.9509398,133.3829789,76,25.638
94900,429.3386749,147.7613032,159.8953525,152.3508423,82,24.715
95000,440.6409057,157.4282714,157.7933815,161.5198095,82,24.682
95100,402.112416,135.6967656,143.1083779,142.8443553,76,25.239
95200,312.415496,117.8342565,133.2017659,127.2427393,71,25.681
95300,499.6917118,173.5139317,173.7379021,171.7832844,88,22.81
95400,443.6850949,156.0210206,155.0268945,159.7180672,81,24.006
95500,424.9790516,149.1183179,148.8273821,149.6144758,78,23.693
95600,425.2158155,148.5141206,156.3504384,149.1767912,81,25.504
95700,435.4333999,155.5519674,157.3124631,154.7576472,82,26.127
95800,419.1405061,141.4817222,149.3411391,147.3145713,78,24.785
95900,462.4875081,159.9940787,163.3132064,166.9012927,84,24.889
96000,384.9247491,129.084328,141.191535,146.9856409,76,25.493
96100,445.0092985,151.8020997,157.2853132,153.7564199,82,25.142
96200,409.1774011,139.8031624,145.6437296,140.1921888,76,26.212
96300,408.3162146,143.9038604,141.3740021,146.7989284,76,25.146
96400,434.8504107,153.2875546,159.5393503,163.3803004,82,24.928
96500,444.9136791,154.3114735,158.475801,158.8495434,82,25.343
96600,457.9831523,156.3228163,156.706128,156.4908701,81,24.553
96700,442.0963586,152.3668697,156.0632499,157.1842764,81,24.336
96800,358.9793779,122.1740898,133.343749,130.7680845,72,25.411
96900,460.428065,154.7510705,158.1603385,156.7249388,82,24.995
97000,415.9544873,147.8650073,155.8540886,157.7492647,82,25.393
97100,464.355358,165.3135406,163.0846124,166.0429959,84,24.682
97200,384.8489255,141.5744019,148.9165628,141.7948634,77,24.371
97300,402.7806878,146.868912,149.7923063,147.4293888,77,24.866
97400,374.7136125,144.0988779,147.9724191,142.9694638,77,24.294
97500,404.0817647,143.8002671,149.9264691,146.8077935,78,24.9
97600,454.0515127,156.8734722,160.6544889,164.5348367,83,24.884
97700,373.8864683,146.6704235,152.8583638,148.4666968,79,25.56
97800,403.9365432,147.2874342,147.5457739,151.8124184,79,25.795
97900,418.8222852,149.1204801,155.2559075,156.5269888,80,24.124
98000,397.9768319,141.2209588,148.1887148,145.8582464,78,25.592
98100,423.5551069,154.1598983,163.3370887,162.3141928,85,24.38
98200,345.0916727,125.9991153,133.4301624,132.5136226,72,25.269
98300,441.5048217,148.1619404,156.0495218,158.5444122,81,25.361
98400,423.5920695,146.5752413,150.4701881,150.2130682,79,24.71
98500,498.9541443,174.4605525,175.1501916,168.9389397,88,24.879
98600,487.7113748,169.3781344,169.9937122,170.229764,87,24.671
98700,404.8161065,148.5305203,151.4765243,155.6023056,78,24.138
98800,487.7792721,167.6601814,172.9362764,174.7402513,88,23.559
98900,469.9485686,155.8437768,163.2792949,163.2730953,84,25.367
99000,443.5096833,152.803994,161.035891,164.9008708,84,26.378
99100,418.7549289,147.9344201,150.2007997,152.3882118,78,24.294
99200,465.964725,160.2896697,162.9849545,161.9838429,84,24.051
99300,472.3403198,158.1634093,165.1272212,168.6196612,84,24.143
99400,406.1225529,141.5507189,141.0015134,151.6035441,78,24.793
99500,422.5947662,147.6821306,147.9470612,155.1044779,79,24.542
99600,461.5766713,152.6312473,163.3524237,164.2541815,82,24.301
99700,452.8718039,160.063808,165.5982843,168.6557142,85,24.04
99800,441.1107461,157.1696141,163.0443112,160.2270687,83,24.43
99900,409.739352,141.9550531,150.7287928,152.087485,79,23.932
100000,430.7913388,156.9913017,157.413695,154.7425394,81,23.397
100100,346.9548855,127.0289513,132.7581275,131.8667018,73,25.586
100200,390.6292727,144.3424729,144.4784961,148.5730662,77,25.308
100300,448.4963093,158.0985958,158.1867182,157.0304051,83,24.791
100400,384.9814943,134.257015,145.7517167,146.7947355,76,24.287
100500,466.9168254,151.9699063,165.7072602,170.9429169,85,23.972
100600,460.7585148,162.7548384,163.9834665,169.8786875,86,24.394
100700,411.6675473,139.7115796,139.3040985,147.2095774,77,24.966
100800,404.0003546,147.2413491,151.7649514,150.8008412,80,25.132
100900,476.526515,165.9513821,170.6246808,169.6452681,86,23.738
101000,401.5138408,143.8755442,146.2265318,152.4812628,79,25.632
101100,393.3624251,134.0131091,145.5537042,144.8374171,75,23.744
101200,384.8772714,133.5441077,142.4852987,145.2443806,75,24.962
101300,442.098726,152.0634959,154.3731009,158.7880737,82,24.6
101400,447.6198759,156.1072723,163.3311921,159.2272481,83,24.813
101500,452.2245452,158.8304428,159.6753459,160.5362539,83,24.483
101600,410.5903218,140.7789686,152.6882963,156.422517,80,25.369
101700,407.9351122,146.2603623,152.1589508,158.4263347,81,24.551
101800,406.3554641,143.7905607,146.1335229,142.904201,76,25.492
101900,397.1884276,133.2360188,139.3577363,143.3219547,75,24.791
102000,414.8792061,136.6270742,151.3962021,154.0744956,80,26.244
102100,473.2448508,156.1126127,162.6200634,167.5002159,85,23.185
102200,414.0436304,142.9943286,147.8974021,153.3101713,79,24.512
102300,452.6292903,155.7137659,163.9305841,167.031946,85,25.005
102400,434.2446511,152.104616,158.8015441,160.7215025,82,25.244
102500,396.1944825,136.8739845,135.536989,137.501727,75,25.879
102600,432.1093638,144.7824942,153.6300657,154.886786,81,24.41
102700,466.2599356,167.3825502,164.6706193,168.1614238,86,24.839
102800,455.1881479,153.5346224,158.4479912,161.5374764,84,26.13
102900,350.9204178,128.6123025,131.080433,134.761496,73,25.723
103000,455.1629993,160.6362934,164.6500248,164.123047,84,24.975
103100,387.8778156,133.3569303,135.0098312,137.6318239,75,25.069
103200,433.8695805,146.9877073,156.4544041,151.3237448,81,24.924
103300,471.5182468,162.3133241,165.6970604,164.8565381,84,24.273
103400,440.9350843,153.497442,161.4390533,155.6238149,83,24.936
103500,475.5674672,165.5208608,161.8704157,168.9227677,86,23.701
103600,369.5498401,135.8836681,134.1533656,141.7661702,77,24.741
103700,429.8273083,148.2401641,150.615892,154.0870258,79,24.911
103800,458.0405932,156.0886818,158.9015375,161.8806931,83,24.884
103900,390.1571728,134.3145202,138.7647135,142.3836679,76,27.539
104000,409.7272444,144.4135447,154.8306896,156.522539,79,25.11
104100,421.7375613,144.5011457,147.4483408,151.811089,77,24.546
104200,408.041481,143.0516418,151.9356483,155.622654,79,24.126
104300,464.1238472,164.5921139,161.023248,169.0882752,86,24.508
104400,482.7119184,165.0874096,169.6401055,173.4075671,87,23.779
104500,433.4532515,151.3575562,155.6125545,155.4358968,83,25.487
104600,428.4283359,142.6560227,152.7903113,151.4676342,80,26.244
104700,428.0722789,148.0742321,145.551892,151.3691891,79,25.447
104800,468.0222919,164.7905537,165.9302857,164.9165798,85,24.227
104900,382.189874,137.9260248,140.6034687,136.6874388,74,24.302
105000,482.833706,163.0266435,167.5970368,167.714635,85,24.463
105100,454.1145917,156.9191888,159.9299341,159.2061871,83,24.788
105200,478.3146581,166.057911,170.6661337,172.60994,87,24.76
105300,430.4966263,149.0612107,160.448838,158.0140257,82,24.577
105400,345.7926962,124.6965928,128.8457621,126.7339982,70,24.682
105500,379.5925271,138.682682,145.0990631,134.2391822,76,25.157
105600,374.3114467,136.6565824,135.1146295,137.0993826,74,25.428
105700,411.474619,146.2221312,147.9783592,142.1117599,78,25.533
105800,399.5992198,145.2858377,152.6438126,144.0390553,79,24.156
105900,449.2111812,158.5757661,166.2024969,157.5577438,83,24.958
106000,396.1860914,140.0100939,141.7893404,147.7692543,78,25.659
106100,452.9467458,159.4276205,164.4361317,156.70595,85,24.548
106200,410.9573909,151.9044348,152.4502332,150.1707405,80,24.413
106300,316.433295,120.307315,122.1255348,124.742603,69,25.767
106400,414.0730665,147.1197199,149.7604464,146.4046267,80,25.757
106500,413.075222,148.5679949,149.944384,157.4803071,81,26.114
106600,394.7673097,139.3692326,145.6731866,148.4641865,77,25.709
106700,355.6811964,129.9907227,131.5928578,130.4518727,71,25.232
106800,438.2258008,152.0934506,154.475778,154.9247456,81,25.52
106900,368.6398178,117.3085554,132.9336142,139.8848876,74,25.791
107000,441.1155144,148.2412418,157.2306612,153.4621657,82,25.428
107100,385.4037383,126.5131995,137.1421783,138.5556956,74,24.59
107200,387.560569,141.3091925,140.174713,146.2334654,75,25.944
107300,371.6069954,135.5326632,137.9108064,136.0097877,74,25.014
107400,376.2044757,136.6187658,137.4414016,137.2399321,74,25.249
107500,433.6621823,150.6476976,157.6917833,146.02437,82,25.152
107600,417.0212569,148.9777082,152.380029,155.6306216,79,24.716
107700,478.7200785,167.7361243,162.3568493,165.7681927,86,24.808
107800,433.1559245,145.9334608,152.407201,151.0475539,80,23.914
107900,506.058163,172.396813,176.6062747,171.3719458,90,25.371
108000,373.1233557,139.2771358,138.2191127,141.5590823,77,24.96
108100,340.9098327,131.7626473,135.3621656,135.2828115,73,25.116
108200,444.7467279,149.1079248,157.563501,158.5699368,81,23.415
108300,403.0933992,143.9913889,143.8785956,148.7573635,78,23.305
108400,428.2592494,148.9518386,160.1002028,154.776634,82,25.613
108500,477.9807869,164.7306264,166.1117581,170.2740842,86,23.456
108600,402.5320303,143.4575945,148.4636302,141.6388687,79,24.814
108700,468.1906339,156.8185541,167.7762156,167.9705173,85,25.291
108800,461.0076411,159.9285877,162.894393,163.4206449,84,24.818
108900,510.4084493,171.4326124,181.2681229,178.7864051,91,23.393
109000,408.8788921,131.9040914,154.9046661,152.6601521,79,24.529
109100,424.1895158,146.3123898,144.8688235,150.2430131,77,24.862
109200,418.1991801,148.6978169,146.9154124,148.3614147,78,24.71
109300,425.5067567,139.8513062,153.4309822,151.952721,79,25.387
109400,408.7575674,131.7814054,150.455226,149.6241482,79,24.751
109500,448.943638,153.5575218,162.6009138,160.4695288,84,24.716
109600,468.8061127,163.1018381,168.6820249,169.6677419,86,24.077
109700,434.4241705,152.0864206,156.2783975,155.4772572,82,24.4
109800,417.7462865,139.1427011,142.0887396,146.1461503,76,25.033
109900,431.1095617,152.1813982,154.3656883,154.3485756,82,24.658
110000,452.5480895,155.813272,160.8099267,158.0135415,83,25.02
110100,384.020407,129.8035408,138.1996064,140.8906171,74,24.121
110200,344.4139111,127.8258189,134.0322017,133.032696,73,25.284
110300,427.3389208,143.6363508,152.2886345,152.1645274,80,25.748
110400,478.8213919,159.8345665,166.6277129,165.5583586,85,24.976
110500,470.5324332,154.8213479,164.7562456,165.7267363,84,25.447
110600,388.562066,129.2358142,136.3421114,139.2607312,73,25.336
110700,435.9307066,144.3916851,151.2262392,153.2285172,80,25.428
110800,428.0021472,141.8102316,154.1558156,154.8649699,80,25.279
110900,418.46945,141.1948381,151.8341044,152.8077715,79,25.443
111000,459.8258821,154.6633046,160.3325036,160.2496178,83,24.254
111100,435.2759925,152.2324934,158.0129566,154.0147983,81,25.105
111200,417.3787326,137.2406405,147.2265525,149.3000611,77,25.193
111300,445.9555337,150.1903996,157.3836468,160.0090589,80,25.554
111400,430.0778057,139.3510326,155.5705519,148.6851404,80,24.507
111500,456.8353231,154.9006171,157.449747,162.059279,83,25.039
111600,369.9510447,132.0602529,134.0771502,136.1876024,74,24.378
111700,416.2719482,143.9846778,154.289797,152.0535585,80,25.332
111800,393.2454819,134.5246095,140.0581958,140.5807745,75,26.124
111900,374.8660097,128.0657632,141.4543594,136.8259237,75,25.885
112000,397.9369295,136.1189785,144.2565397,139.3182983,75,26.935
112100,358.6169697,125.5695552,134.1546054,139.287303,75,25.535
112200,445.020705,156.0622494,157.4716784,157.9541168,81,24.706
112300,401.9552302,134.4579484,141.7126948,140.5043833,76,25.75
112400,445.402611,149.6837356,159.6956624,155.6557449,81,24.783
112500,436.9496877,148.4008678,157.0439199,155.6929718,81,24.602
112600,428.6117739,146.3999894,153.7069464,153.5026501,80,26.525
112700,432.4865124,153.278409,156.0842268,152.7409806,81,25.294
112800,385.3088802,123.9741445,138.6370171,143.5875854,76,25.509
112900,393.8180161,133.1303907,138.0176973,136.8747289,76,25.695
113000,413.5416709,141.1675685,152.707094,146.5455082,78,24.01
113100,368.6740543,132.5518882,140.5996845,140.4764856,75,25.522
113200,332.8242895,104.7979102,128.0346241,124.1797834,69,26.76
113300,367.21674,128.6673676,139.898523,141.1585621,75,24.885
113400,413.3536881,138.0998618,139.4643355,145.1248952,75,25.545
113500,465.1966617,156.6160512,163.0481738,164.7191826,84,24.071
113600,420.0584665,141.4147733,155.7593885,153.5905808,81,24.875
113700,385.2361512,122.4085039,137.7174832,139.8065107,75,24.748
113800,403.4917229,136.3496747,144.7202818,141.7584732,76,25.917
113900,401.7305106,139.0039439,147.1399393,147.51651,77,25.138
114000,418.5978983,143.9317265,148.8496775,151.4344765,80,25.281
114100,383.0236115,126.9465012,138.4519267,136.1574007,75,25.427
114200,458.4128534,162.1978674,158.9060677,162.3955781,83,25.236
114300,457.4122975,152.861459,157.2294738,161.6364311,82,25.67
114400,447.3467549,152.1025256,160.4432394,163.3434463,84,24.636
114500,369.0193938,127.9472459,139.1251485,142.5731076,75,25.25
114600,408.2618833,146.5111734,147.3851248,144.5817904,77,25.564
114700,403.7523713,136.7598313,145.5823118,141.0609638,76,25.005
114800,340.9631131,124.9496342,122.9430381,126.3329461,70,26.953
114900,388.1184134,133.8010128,142.1872415,142.9861588,75,24.473
115000,386.5391554,130.4842289,139.657784,138.409315,76,24.15
115100,351.9901526,133.7334621,124.4642833,139.2129987,75,25.35
115200,340.8316087,115.6517707,129.9332685,128.3188595,71,25.326
115300,385.600782,143.5423149,141.3348871,139.9517293,77,26.382
115400,421.694451,139.6218648,146.5548406,145.8228326,77,25.42
115500,405.5310146,144.1309978,150.5742918,148.2363898,79,25.83
115600,427.6862634,147.5453422,154.014175,154.8098622,79,23.736
115700,432.3101905,153.6439593,155.16206,153.708469,81,25.59
115800,414.6959421,146.8148279,144.5148676,145.0300904,79,26.935
115900,418.8975487,139.6927176,147.0008186,153.2846136,79,25.533
116000,361.7584945,122.5266609,133.538394,128.0787747,72,26.468
116100,457.9306349,156.8869391,159.6646447,152.5633907,82,25.523
116200,427.6181787,146.002323,148.6997676,151.0059134,79,24.031
116300,393.1115118,139.4134771,141.8483248,143.0540412,74,25.256
116400,430.9668113,152.3858709,154.8621131,154.0519971,81,25.644
116500,365.4380398,129.6282846,128.8401391,127.5542839,72,27.01
116600,450.4595773,148.6461507,160.3053535,158.254144,83,24.912
116700,419.4307427,145.768154,147.6834973,144.1748729,78,24.718
116800,397.61168,131.195763,148.3094299,139.1954675,79,25.714
116900,425.1630831,139.5176791,146.2140242,146.7862151,79,25.551
117000,387.1945051,135.0333216,135.8180592,138.9983741,75,26.446
117100,437.5519334,152.8889177,153.9618643,156.376181,80,25.318
117200,409.8982424,147.4145496,151.0298011,149.9869533,80,24.814
117300,411.1048147,140.7701935,141.7477234,147.0768688,77,25.22
117400,401.1218854,149.6719093,149.5934324,145.9825859,79,25.521
117500,470.8242842,156.5038135,166.3127883,160.27907,84,24.277
117600,407.2058801,141.1600413,142.7635005,142.0208734,77,24.641
117700,371.700659,128.3355384,140.5315016,141.353781,77,25.709
117800,430.7195687,147.5314882,155.1731612,157.0221974,81,25.989
117900,396.5592728,134.3297863,140.6405498,133.9772843,75,25.253
118000,399.2293558,134.604575,141.4744395,142.418189,77,26.025
118100,391.0118771,134.9719626,142.1999875,140.8482507,75,25.938
118200,452.2638735,146.8108787,155.0366523,152.6156134,81,24.494
118300,400.9951259,136.1355988,143.9655013,140.6147761,78,26.112
118400,373.1499001,123.195689,135.1116901,134.1328012,74,25.855
118500,376.8830553,129.3351453,138.1919975,139.922489,76,26.164
118600,345.4413436,117.2008453,132.226553,133.8702156,70,25.933
118700,387.9463929,139.2345371,142.9722077,138.8992968,73,26.855
118800,457.1827466,157.5789527,166.9486795,164.6634751,84,25.135
118900,415.8992684,145.3330945,153.2605722,150.3687788,80,24.493
119000,459.3937343,152.6421909,159.1986993,157.9340867,82,24.329
119100,405.1060003,142.6745141,147.9082353,139.2090002,77,24.966
119200,353.3540634,126.3350685,132.1497825,137.068038,72,25.554
119300,365.6491586,133.3779393,142.3163323,141.9169913,76,26.185
119400,382.4387833,130.8924284,140.7092892,142.0296224,74,25.691
119500,352.8697871,123.237199,136.0975506,129.527006,73,25.488
119600,355.6710885,128.9062919,129.6282012,134.1840303,70,26.598
119700,374.3708229,132.0741334,136.8486501,134.691175,74,24.896
119800,419.3426845,145.6124996,143.5571278,148.8624652,78,26.061
119900,394.1639123,135.9817667,134.4129608,141.1443438,73,25.895
120000,409.6934299,145.9322943,147.7598919,142.3125549,78,25.117
120100,410.1601397,146.5977447,157.2697066,148.0676183,81,25.06
120200,389.3010797,142.3403912,139.5151711,138.1047006,76,25.754
120300,403.9592209,140.8871665,142.578821,144.3135071,76,25.88
120400,407.7300625,142.4927255,146.3513715,143.5368601,76,24.655
120500,388.6717616,133.1187102,143.3423031,141.3576624,76,25.699
120600,426.9506498,146.3097236,149.5415226,150.7244346,80,25.987
120700,479.4899941,165.5167295,164.7931601,165.5490436,86,25.232
120800,438.8716251,142.9012304,158.2280503,151.552575,82,25.593
120900,427.8155216,146.7351709,144.5003423,154.3663298,80,25.103
121000,406.4964274,149.2707947,145.2028292,148.0757364,79,25.034
121100,424.5701717,150.6082453,154.2797587,157.9777216,81,26.509
121200,406.8024388,138.1372117,143.3443328,146.6567866,78,25.464
121300,352.5463664,132.0419529,134.0794255,136.1693951,73,25.838
121400,405.3381157,139.5188056,149.6897846,146.913235,78,25.429
121500,381.7888513,138.7388361,143.9650968,144.9674275,77,25.846
121600,393.9363412,137.7963263,148.0625486,147.9454545,77,26.043
121700,425.7189151,151.4745698,155.4584989,155.1181188,82,25.761
121800,371.6309069,130.2276501,135.9481564,135.7911249,74,25.592
121900,425.951044,154.1289087,158.5530007,165.3563894,84,24.947
122000,442.4531232,150.0197288,160.17733,155.7645097,83,24.931
122100,403.4241204,135.6580661,150.4485856,147.9177086,79,24.655
122200,402.4412263,139.1189578,147.1761221,148.8898357,76,24.224
122300,499.6441155,172.8032753,174.5557888,173.7135818,89,23.993
122400,343.9996632,130.768499,134.7730602,140.7703906,73,25.004
122500,359.7681385,128.3368528,138.6169936,132.5506966,72,25.309
122600,443.1862983,156.1048646,157.0433232,156.4897819,82,24.298
122700,461.1783517,160.0347161,164.0049602,154.2363464,84,25.97
122800,426.2344982,146.3319836,158.0270886,152.8803612,81,24.552
122900,471.5770505,163.8603262,164.5922231,166.3901722,84,23.98
123000,468.1470308,161.8096395,166.4305615,160.2367724,85,24.328
123100,438.1787975,149.4715337,154.9434095,157.8684603,83,24.881
123200,427.8876537,153.6612934,158.42613,156.7865338,81,24.575
123300,460.3659458,162.5496287,166.6677103,166.5521099,86,23.886
123400,467.5780678,158.6671798,167.0825053,164.4983498,86,23.958
123500,404.0960419,148.5244678,154.9709528,145.6798228,80,24.662
123600,404.8584755,131.6317848,149.9039377,144.5712725,78,25.474
123700,477.3332282,159.3381304,174.5246072,172.2906776,88,23.291
123800,426.0005795,144.0166804,154.3741311,151.1156775,79,25.861
123900,343.1730317,128.3817252,139.7871499,124.8094627,73,24.825
124000,335.0819159,107.9568488,127.4823719,125.0510115,69,25.31
124100,399.346293,144.0032162,144.0311736,140.2501923,77,24.388
124200,408.3632158,142.2924726,148.9749327,149.4108203,79,25.692
124300,311.1545884,102.0365034,123.6269531,120.8946382,68,27.323
124400,364.4517595,122.3894441,141.7954364,137.4944076,74,26.953
124500,368.1610081,128.6830693,137.6109978,134.1839215,73,26.261
124600,296.1951418,94.17402895,116.4438078,114.1158855,64,27.166
124700,337.3055483,114.6202599,134.943123,135.6821383,73,26.051
124800,342.5073464,118.0218317,129.3772171,120.7072623,70,26.879
124900,265.6000313,108.5573514,109.9626418,114.4004291,65,28.499
125000,192.3527939,92.29890154,86.61883875,102.5342826,57,27.787
125100,264.5421941,114.3764537,112.6795246,119.117698,66,26.211
125200,199.0671306,103.9000158,93.66702223,95.26496502,63,28.876
125300,356.9608806,138.0440762,139.5672015,132.5626603,75,25.054
125400,389.2203724,136.880747,140.7228728,133.5199309,76,24.915
125500,364.5021086,126.1422437,130.7240587,135.9888176,75,26.075
125600,361.7550102,133.680674,134.8577763,133.7505998,74,25.136
125700,449.080901,154.9913691,156.7567538,157.3680774,82,22.814
125800,433.1310604,148.680991,155.3991702,149.3360931,79,25.425
125900,474.6498781,161.121355,165.4094907,162.3707562,86,25.011
126000,396.6962779,132.1451889,144.2573974,142.1417103,77,25.835
126100,478.6244929,166.9694014,165.2627423,168.0399593,86,23.221
126200,385.9474698,137.7957678,145.1076984,148.4603979,79,25.643
126300,394.8234425,135.7747461,144.5102174,143.3490041,76,24.862
126400,406.5638111,135.4811485,148.1027969,150.3299117,78,24.886
126500,352.6117274,123.7459432,125.7088713,129.7532086,71,26.009
126600,384.0379642,136.019809,138.5140131,138.5031151,74,26.095
126700,409.2411912,143.4609482,143.4834198,145.7928626,77,26.469
126800,417.1386446,148.77362,156.9933558,155.068479,80,25.678
126900,392.9251402,133.0477052,144.7470097,141.0980474,76,24.893
127000,398.2371982,129.5541563,144.0909052,143.7170699,77,26.143
127100,395.955005,138.4187486,142.8675953,144.6372864,76,25.043
127200,316.0876768,120.1850852,122.2520589,127.0181743,70,25.452
127300,447.6445317,155.612535,160.0966975,159.2644375,83,23.658
127400,394.6032933,145.2819751,138.654532,144.276197,78,24.432
127500,445.6478502,159.3981383,160.8434182,163.7392319,84,24.011
127600,362.3116561,119.3083852,136.51803,141.1782875,74,25.357
127700,445.0610872,153.8431284,160.4059379,159.0505967,81,25.525
127800,430.669243,144.4217361,157.629104,155.3664292,81,25.658
127900,347.7643889,120.8992279,131.3613472,132.7082819,71,24.876
128000,383.5995213,126.5113133,136.8631552,133.751833,73,27.058
128100,420.20659,142.6740245,148.6148483,148.0521841,77,23.976
128200,485.5177715,157.153777,170.0427801,170.2071712,85,24.828
128300,410.8345298,135.6752339,145.4267552,145.9818237,75,25.04
128400,440.8622368,155.3038078,159.5876438,161.183475,84,25.041
128500,360.5032747,132.8232547,131.941164,133.6989556,72,26.512
128600,377.5912051,134.3692534,141.7516331,140.6829708,76,25.981
128700,404.9912905,136.140762,149.7826297,147.9364489,79,25.411
128800,410.3962276,137.5121667,152.9804842,149.8325499,79,24.356
128900,412.2853011,155.599639,158.7321303,154.2307139,81,23.645
129000,358.0660656,138.964085,141.7462831,145.4756794,76,24.732
129100,420.6967006,147.8377425,151.2228044,155.7156842,80,25.474
129200,398.4271215,142.7775668,150.4929722,146.8674425,78,26.451
129300,422.4355115,138.9856853,154.8624772,153.1148101,79,24.939
129400,452.5404207,154.2918703,164.1995813,160.9146724,84,24.031
129500,367.728238,125.1983055,136.5037078,136.163895,73,24.755
129600,432.9286724,155.9605649,162.3018556,155.1517328,83,24.759
129700,428.4524892,147.0953171,151.6062307,152.5272191,78,24.441
129800,433.4473178,154.3188992,152.2278621,155.051491,81,24.987
129900,507.5837496,174.9979766,176.1544648,169.8898216,88,23.629
130000,421.6821324,152.9033848,151.5705512,161.307338,82,24.83
130100,419.3266865,141.6144315,155.4540183,150.6977138,79,24.602
130200,385.044711,135.8640025,137.8770491,145.1774292,76,26.358
130300,410.1539384,138.7472459,142.5153607,148.7439505,78,25.8
130400,493.5207634,164.9914725,170.3827249,169.9940533,85,25.338
130500,445.6383234,155.3776427,163.1126388,163.8386052,84,25.174
130600,406.7993891,142.1912551,146.8285539,152.5670382,79,25.72
130700,423.0334984,145.3916388,142.2091664,150.0352393,79,24.757
130800,415.4507638,149.0905331,143.7767082,150.007784,78,25.466
130900,392.9416686,137.5208513,146.0089617,145.6204505,77,25.451
131000,459.2200223,158.9972157,164.4543778,163.2022949,82,23.939
131100,357.1287225,125.2241698,129.8941251,131.0872647,72,25.788
131200,466.9669941,155.2876397,163.1770856,161.6205185,85,25.006
131300,423.2215369,144.6957288,151.2908368,149.6154862,80,25.522
131400,398.2277649,131.9541669,144.7839347,150.8970919,78,24.907
131500,428.9341682,142.5544696,146.4507649,150.3766769,79,24.533
131600,463.4338822,145.5153316,161.4362092,165.1267204,84,25.233
131700,432.4849406,149.1858549,153.3958343,152.7248143,81,25.607
131800,386.1416729,134.7732548,140.1496344,142.3963374,74,26.144
131900,428.1468086,147.2448275,150.8028629,152.3359773,79,24.675
132000,476.4397277,158.6708095,165.534473,169.2971756,86,24.708
132100,399.2307838,141.5133326,138.3046516,141.8432803,76,26.43
132200,476.067996,164.1178765,167.9957092,169.8417352,85,24.102
132300,406.7387892,145.3336685,142.5792502,151.5727592,78,25.539
132400,415.5290903,145.5150114,145.5162071,157.6746589,81,25.668
132500,423.7826394,150.1036657,151.2453568,154.5836565,80,26.038
132600,366.9529573,135.8759146,134.7298574,135.3159363,75,25.808
132700,393.7756487,131.993193,137.2463211,143.4742775,74,25.416
132800,389.9514697,137.6489697,135.3987676,146.9538963,77,26.034
132900,401.6897344,141.4713477,148.4793091,141.5294414,78,24.692
133000,361.5224095,130.1126929,135.2842092,136.619354,73,25.167
133100,399.2077632,140.6168307,142.8782716,147.9014493,78,25.133
133200,416.4588983,149.2016346,146.4828698,149.024787,79,26.087
133300,450.5098619,156.159743,162.4425346,165.479509,85,24.899
133400,433.2587786,152.3271537,148.3180938,156.4137813,81,26.353
133500,406.0726005,141.0871311,144.5430307,145.6964938,75,25.616
133600,409.6317149,131.8813524,146.9750489,145.9642971,78,25.031
133700,424.0372383,143.5864972,151.6493266,150.6605217,80,25.169
133800,415.9131036,149.2251455,149.6619341,156.4130195,80,25.279
133900,354.5673011,131.2073032,136.7763579,140.5078341,74,25.821
134000,379.9791671,134.9808619,138.2908206,144.5023532,74,24.814
134100,377.527681,128.257364,141.0805922,134.3831593,75,24.885
134200,457.4237128,161.1048815,161.0687935,162.0205137,84,24.359
134300,401.3764975,142.5206811,148.3611232,152.4611581,79,25.655
134400,374.4724661,131.5809051,142.3159269,146.6642187,75,24.395
134500,429.4260405,151.9508178,151.7061224,157.2282559,81,23.937
134600,381.4138738,144.5785264,144.8577997,146.5828626,77,25.323
134700,386.7555154,143.2107299,145.4439852,139.8718403,77,24.767
134800,411.7213545,143.1061418,147.4263645,142.6696349,78,24.994
134900,355.4572391,123.0807923,125.3414348,137.9889625,73,25.439
135000,378.6315426,133.2037028,140.8039095,134.1004468,76,25.206
135100,426.2782392,151.7996519,157.3150108,154.8679272,81,25.679
135200,449.5645522,160.1334131,161.6734799,159.8222479,84,25.191
135300,441.8382173,152.053348,156.67301,154.3435591,82,26.179
135400,453.90518,150.3614893,161.5936399,163.085425,85,24.204
135500,442.4176903,149.5670915,157.3830138,161.4452483,81,24.697
135600,435.1297817,153.1759552,159.3571765,160.172327,83,24.088
135700,408.9942258,139.7629291,150.6911022,149.9119929,78,24.149
135800,417.7837704,148.9439835,144.9278246,149.6232253,80,25.994
135900,385.8029745,134.1893945,142.3612801,152.0921091,78,23.94
136000,354.5173397,136.9649653,138.7953956,136.4984346,76,25.424
136100,399.0651549,144.8621104,148.2097202,143.0811526,78,24.832
136200,414.4818488,152.7495473,145.3194541,154.2875151,80,24.581
136300,436.5449803,158.2429524,160.3355016,167.4124403,87,25.191
136400,317.7719524,115.5173085,125.8438233,130.941187,71,26.079
136500,346.0641342,124.7826911,137.0967333,141.8116638,75,25.133
136600,401.2150432,143.374549,150.1386127,152.4689835,81,25.29
136700,419.3284022,150.3679549,149.3115921,155.712404,79,23.447
136800,374.7704029,134.1298788,142.3441657,141.9318985,75,25.804
136900,396.5232888,145.1450326,142.8084436,148.6053677,79,24.838
137000,292.9068397,113.5170065,118.8112322,124.462543,68,25.992
137100,349.9948022,124.7839709,124.7505639,134.3885648,71,26.491
137200,377.6589846,130.1183983,141.6324678,138.7959137,76,24.934
137300,357.9920257,128.6808141,128.3993152,135.949892,72,25.166
137400,434.3878346,151.6103259,150.9515611,156.0819519,82,25.831
137500,417.2489455,148.9212824,151.4130014,150.7360351,78,24.421
137600,399.703213,140.9315401,144.5622615,144.5727413,76,24.776
137700,444.5867723,151.6197122,157.0439475,158.0307565,81,25.686
137800,414.6962318,146.2490327,149.2371212,149.1829685,80,24.708
137900,382.4886143,131.6989546,137.0987527,133.3706964,74,25.459
138000,349.6126952,120.8803967,133.4946939,129.5862845,74,26.845
138100,369.8671869,129.3150412,134.662175,135.9004015,74,24.488
138200,355.6884323,122.8536064,137.2260003,137.1709858,74,24.109
138300,427.9983452,143.9427441,150.0003876,153.8263268,79,24.622
138400,395.2810641,133.8717986,151.5011689,150.175243,79,24.659
138500,283.5747026,111.4206432,112.1165522,119.5392096,65,25.379
138600,404.3224685,142.6956407,142.2612598,149.0397775,79,24.452
138700,435.0372691,153.4807884,160.2584022,159.1243393,82,24.745
138800,395.9694682,142.1214103,154.4096065,152.4981012,80,25.219
138900,458.7848011,161.4198151,158.921654,164.1060687,84,23.861
139000,415.7978506,152.8379748,152.9150327,155.1463375,79,23.771
139100,304.6999598,124.1400204,122.4648248,127.7540685,70,24.054
139200,443.9262636,147.3859699,158.7619802,163.0749451,84,24.873
139300,440.0617193,156.9068253,164.3675849,161.3800859,84,24.522
139400,387.6019408,137.794516,138.8832192,142.7408443,76,25.08
139500,427.0241917,142.6006856,152.9967245,156.1296802,81,25.153
139600,371.6513258,136.4235233,133.8674104,141.4574744,75,25.136
139700,412.5654328,143.4274159,147.7269792,156.3015649,80,25.959
139800,397.1207789,141.9036245,139.5527341,149.4397133,78,24.31
139900,413.6767776,154.415029,151.7640447,149.7374974,80,24.32
140000,339.6231905,123.5086458,124.4761016,128.3918058,71,26.107
140100,389.0255405,145.1314705,140.3126986,144.3426455,79,24.867
140200,376.5724311,134.8590439,142.2416378,144.1755669,77,23.527
140300,311.72404,121.63527,131.6634445,136.4553384,70,25.804
140400,364.8362376,122.3252096,134.2470448,134.367862,73,25.55
140500,330.9894213,125.1496485,124.930055,128.0030513,71,25.899
140600,388.0536853,133.0978883,143.9463917,146.582344,76,25.414
140700,261.5336919,103.6928417,111.9902968,108.3862198,64,26.509
140800,365.4027907,116.3283241,141.0815698,138.7631647,74,25.022
140900,353.3904237,121.6652142,128.9851453,137.8888846,72,24.514
141000,383.2106419,129.2570924,139.9639655,143.7791105,77,25.107
141100,403.9841821,133.2514712,145.5553411,142.2860921,77,25.087
141200,449.3689769,151.3238211,157.4773166,159.7694143,82,23.769
141300,373.3185954,128.136764,137.625231,136.9368891,74,24.536
141400,453.0320998,158.5676949,161.7186889,167.9254546,86,24.331
141500,413.3844304,154.2873525,147.9935606,158.6396434,82,24.301
141600,378.39876,137.1183403,141.9420432,136.4058376,77,25.418
141700,367.3072617,133.0124241,137.5988456,139.7073803,76,24.698
141800,374.6968651,136.2585604,139.0825608,144.7530901,74,23.988
141900,359.9743337,126.9176358,128.1839811,130.8009749,73,25.343
142000,458.0226591,165.3250891,163.5719135,170.1415004,87,23.998
142100,424.7255903,135.8315833,154.5931994,161.2512626,82,25.401
142200,386.6514804,133.7286926,136.2730159,139.5725074,74,25.331
142300,324.7645395,120.5685557,125.8531444,134.4660838,73,26.312
142400,391.2006913,138.5333215,141.107034,151.7676138,77,25.285
142500,415.2751897,150.3669141,149.858559,149.1258496,80,26.066
142600,368.174672,129.958709,134.8938492,136.1125094,72,25.29
142700,378.7890072,143.0830416,148.9756456,148.7235038,78,25.215
142800,399.7426095,143.9058649,137.7143563,148.7557832,77,25.575
142900,450.3059264,159.5067027,163.0006623,158.520913,83,25.343
143000,383.6913283,136.7647628,139.4430724,146.5099929,74,23.737
143100,421.9827961,143.937896,151.4754256,154.3242234,79,25.451
