100,-4.776148661325006,30.26991498492735,49.14510039220948,46.31783390550017,38,46.008
200,-34.72992316563131,40.2792117307968,55.16595569962688,25.41870525752636,40,43.354
300,-5.003105914823181,37.444282027754696,38.130649041059435,27.64257413905135,37,63.634
400,-114.77353488513029,-4.157698854642774,19.808980421348366,-24.97839708783938,25,64.102
500,-46.42927971939808,-2.845125047665209,8.253514729626918,-10.38481061947113,24,66.68
600,-82.02147983369305,-17.334939928562044,5.249408646125806,-22.890327938681885,21,68.927
700,-150.29541919527844,-27.852363296876284,-17.027193932505078,-7.008560377080406,20,64.835
800,-42.71868649532571,2.3283204600565943,-17.62770086824345,9.771261480242487,26,67.187
900,-86.24867248532325,-25.946912000727547,-18.854513336626972,-12.423864298354902,19,69.801
1000,-137.09276943610402,-20.471720779696472,-34.260434360003465,-13.963214683339737,16,67.407
1100,-79.44726631208323,-11.550676546668774,-16.972169905740362,-7.320765263493017,23,64.821
1200,-160.4176154728606,-41.40960033554886,-42.52577150359542,-32.3343380489039,13,67.643
1300,-171.37823387145392,-36.30399193959013,-54.66500193548791,-35.841329021684416,10,67.698
1400,-122.03867192258048,-27.224111470854268,-48.27430920972114,-18.96205856122181,16,67.914
1500,-54.86380054691908,-2.355094884547084,-14.109654572156888,0.13771112217103557,24,65.888
1600,-44.0721605509234,12.201515702209196,-3.413721584883989,22.807900886485964,31,67.923
1700,-108.23218508285755,-14.277915978825856,-42.331020903566234,-10.007666656800339,17,72.406
1800,-92.3032297557478,-2.6011767064461733,-44.69742461062334,-11.56916689576889,20,70.052
1900,-44.02371388097772,9.613270536270617,-12.539504844781227,7.491099067330005,26,65.177
2000,26.52730064896339,24.077378836485092,15.85165045954027,21.31100775288308,30,65.374
2100,-7.342811949296473,20.355493779601648,15.798705015040948,19.003506569375144,30,64.473
2200,-62.70216292722938,-0.5288110423917581,-9.810952534276874,5.424074928126947,24,67.222
2300,-7.98477061645199,12.652137919570125,12.705698651146156,14.739900634930345,27,64.249
2400,46.620305469713394,43.161222009166195,17.664815302441628,36.884825138569546,37,64.239
2500,124.74842712434234,62.750946347436326,53.74967706654265,57.63170761213418,46,62.114
2600,153.5616085297504,65.44609641825808,66.69892836460002,59.25040436792323,47,60.015
2700,132.9462956562925,57.795051063281726,68.85569622491874,59.64565323812962,47,60.301
2800,140.26043408673178,59.52465401267702,65.53076020100812,45.51269052848605,45,62.891
2900,191.74884772738645,68.30682691994303,76.61156012425374,66.93870992827875,49,59.926
3000,266.4516809535743,95.69024857409282,100.37421742353011,86.95612973624333,59,56.608
3100,266.5261457857756,95.78783549902828,104.40336876078001,88.482393017228,60,57.872
3200,216.84376990719957,82.38434416307173,88.62380726213729,75.11145528138123,54,60.036
3300,223.84092384633112,89.8807962642832,98.08296593632744,84.91336278762185,58,56.597
3400,289.3860382360613,104.6523407052373,113.76028170851636,104.54354916031875,64,55.618
3500,225.5638636095047,80.02627605721041,93.06944536738159,84.75215619008661,53,55.599
3600,223.90209094403272,83.28556189461544,94.29137229415342,87.93376746105604,55,60.262
3700,284.9896351769154,95.59380643605606,101.57988386459022,104.89275395188102,60,56.767
3800,315.91958432631884,110.8621499257675,113.8676118726473,109.42501826670363,65,49.964
3900,308.8268370339739,105.64879302257515,114.25124829721484,113.25459793848366,66,52.937
4000,274.3915947634979,92.27542405457771,104.68323318733219,106.23426710711159,61,54.631
4100,270.8917938493521,99.63619354619678,101.90465224253778,101.42338791548963,61,55.908
4200,279.75282512342494,102.21816567109913,107.40928350278766,110.31773769447031,63,55.068
4300,274.9856208615375,101.06362620929264,103.39529602492476,108.82915677372928,63,57.829
4400,345.31585214800475,113.59313217216877,131.12549896807545,131.12254628246515,72,55.62
4500,313.5450473614934,113.91868440409229,120.70446678802865,121.18866522559537,68,51.693
4600,318.59006654287873,109.2989065807538,118.45190284046782,119.78195256071814,66,54.536
4700,342.6633319894222,122.90170364824618,137.57995069427614,132.1955951764781,73,52.34
4800,305.50477550265083,101.7165900886821,113.08934359335784,116.18260419345219,66,55.34
4900,295.41913927568044,108.14323720825281,113.06400356244455,117.79310930878604,66,54.817
5000,274.17210017814307,93.74554563744071,111.51285745035473,112.74289338710852,63,55.068
5100,382.47222137977064,131.34983394277074,137.16058132218572,138.04983332428074,73,51.045
5200,320.1189434752267,115.61984184105233,122.10158102226916,119.06810983019379,66,54.019
5300,334.19428457140543,116.50723441831276,123.1066348163168,127.77952330198326,69,51.756
5400,330.7559164661411,116.41373639796207,127.76019566942938,131.95365895822593,71,52.105
5500,338.74888622328433,117.4863464677011,126.50404646322102,130.50735004159628,70,52.489
5600,305.9938885794658,112.242454841889,121.89951603311769,127.33740130379347,69,52.223
5700,320.01563670189,117.33513726162943,119.21865140335889,124.09842114521018,66,50.663
5800,382.1453067401843,129.52094354383632,139.74828930741117,142.4358347177874,73,49.477
5900,269.2391503441563,105.03264004287031,103.95674514992463,106.34076190823767,62,54.593
6000,342.52153146495766,123.40932295741432,116.5596529477853,127.12742022032582,71,53.504
6100,331.7923251179016,125.78176891968411,123.71015566208908,132.48588753260157,71,51.891
6200,320.16611288913805,122.35639472628573,116.26693968263834,126.86690263984849,69,53.465
6300,383.452457803659,146.30718167400025,142.43729408135158,148.73527489685839,77,47.434
6400,389.30583342181507,136.78429872049853,142.37910919012748,144.5630339710753,74,48.785
6500,329.5293788592596,122.74843276699112,125.10384540877683,121.36046603696714,68,50.779
6600,410.8505302791697,142.93417388892186,147.50418968949558,146.59605993103375,77,50.387
6700,288.29282111181476,110.55414902604777,111.29780779458856,121.3070672889497,67,51.431
6800,321.5509471793567,125.81305696479268,118.51069696144175,128.31979929684243,68,49.756
6900,396.4906054865529,139.31319764159767,139.29343837164618,148.21090658200904,79,48.183
7000,364.38874171937545,126.51069003593382,129.46946909213568,124.85631060913518,69,47.742
7100,360.07038262694465,124.97764907545324,130.11707629071623,129.30083742390008,69,50.189
7200,345.99308582734045,123.06564359650162,131.83308893911308,134.46087600291713,70,50.372
7300,332.4542078131071,115.8251937307343,134.9762611181974,137.4564016718203,72,50.534
7400,382.43555941928474,134.70878772539513,144.05931102496018,150.74380680051584,78,50.297
7500,372.89221426833814,131.25423963366978,132.63620707042344,134.6147367494242,73,48.843
7600,311.55846580760067,122.35030960991232,126.8062080973215,128.12501883380585,67,49.104
7700,370.5754428204208,125.91551514009892,135.9902711907394,133.48148236205816,72,48.378
7800,345.29962844177663,129.01091959847454,132.75337721607193,133.5387321289728,74,50.043
7900,409.4393872381079,141.55025103521905,143.09101492995782,146.20484842898742,76,46.08
8000,420.49794560518,146.48270909909385,150.56013600278027,155.62519652165324,79,47.749
8100,307.4154249366731,109.84776471660875,115.83792449531016,120.55949741574425,64,51.705
8200,263.6523862771648,97.45820748518709,105.99680231740936,111.85659720634195,63,50.325
8300,390.58114153092504,132.19628142769275,135.7156967684091,147.89084338462052,77,47.835
8400,355.5804545445005,127.40433805897815,135.12528991173488,140.71528375837067,73,48.868
8500,341.2274854645353,127.86573094613705,126.41297360672074,131.41981469787427,71,48.413
8600,382.7938290954716,136.45825785356422,145.26677066803416,149.4481675525364,78,46.143
8700,332.27598748432,112.63067807536716,117.7495874144721,121.80051153132007,68,52.102
8800,305.30011462473914,104.37982160872986,127.49704009645106,129.88712688198072,70,51.809
8900,413.78294932061675,136.05188277352806,146.29412800030317,150.24691148784166,77,46.333
9000,420.54941081650315,150.53889356338905,157.47536868007958,157.09370562929274,81,46.9
9100,418.15824074864713,138.67014117302148,144.15853365488024,149.96252134924435,78,46.748
9200,448.8275915898093,155.43806595752864,159.8222482277502,161.44327321137334,83,45.151
9300,345.2085602755765,120.7647488975824,131.24264910938518,138.07445773083157,72,47.602
9400,317.90022544394907,119.10538782588102,122.92745137903994,128.47784623628414,69,48.134
9500,444.57818817140986,149.81666622627313,159.08582972241095,160.6064549882405,82,45.799
9600,443.91691215793,147.04183710743985,154.65367372543443,157.44988973152954,80,47.561
9700,401.1773969389137,139.03536708591201,146.14460938223783,146.762500805711,76,47.787
9800,472.5259714246736,154.95086732311123,166.62920451128485,172.02902811800558,86,45.606
9900,371.47004161819723,131.78779233082673,140.36009076207415,144.04225797808985,75,45.933
10000,322.48916492467185,127.75802953560864,135.46680013166235,133.74839246099097,71,47.483
10100,422.4762961885906,147.6524350917185,151.7907791432881,150.00429776371837,80,47.823
10200,414.8591395818947,146.88115262587965,152.48907730815083,157.0201684465541,80,47.967
10300,403.77860392247925,137.7939558280341,149.0841813177547,146.09627360546264,78,47.713
10400,431.76862774787935,153.90597581826992,156.92822357055726,157.42511661641035,80,43.888
10500,441.1754524406063,154.1995478437355,161.83044921312438,162.42557438606067,83,44.667
10600,419.9805856873998,147.14622767044898,156.94840858824864,156.04195614899396,80,47.895
10700,428.04001151278567,152.4374535580259,155.3374404380635,153.80087790547623,80,45.946
10800,392.1299324098756,144.02643844843712,144.26527858026327,146.3703056316257,77,48.322
10900,454.3409880058427,157.99686618365013,161.14079608044088,164.4170303935443,83,45.984
11000,387.9128585081924,145.00245144253205,145.91716540638217,152.16364245841825,77,47.053
11100,387.7920370799744,136.69095313379256,143.35013725814906,142.32585870935716,74,48.037
11200,440.0387031007895,156.29638501299976,157.0878275438007,157.15398230835552,81,46.309
11300,419.4732477072352,146.95093272073092,150.8204499584749,150.4733052693981,79,46.618
11400,433.23747448936666,148.79193172489425,161.22090498072728,157.52066197300542,83,45.195
11500,431.14979552179665,156.2679561355613,163.9198062425491,163.7820302754658,83,45.813
11600,399.33070126146106,140.8798570608107,147.71423356890642,148.89234328418578,80,49.099
11700,438.30491231251375,155.1691602345057,158.20029985384824,158.7421296756316,83,46.215
11800,384.7451189237914,134.8091908751029,140.78647297758044,146.57631547613323,77,46.794
11900,359.82900396267877,133.1770907175336,142.72826265512805,146.3524772535236,74,44.549
12000,494.4480461492704,171.8359361903412,178.33577692697537,175.40023022874166,90,43.744
12100,480.3881389539408,166.8504269028188,168.50290339912183,173.55377722130902,86,45.888
12200,452.09831266359475,148.73320913780043,159.85286146171353,163.85257225180382,83,46.322
12300,432.0427387849224,146.79296299574523,157.78681649019597,157.6058813176494,80,45.434
12400,404.60617974407086,138.3291454453364,150.920643465423,152.21146616799638,79,45.88
12500,430.98488020067293,145.55174169563864,155.11072486476186,155.1519067171441,81,48.083
12600,472.225117715635,161.46154339236702,163.66022592628713,158.99071783861942,84,46.15
12700,306.42335438511776,111.73693704844345,124.72526208884203,117.90602734249285,66,50.044
12800,402.3134744341678,146.98624963717344,153.94279896156002,155.34984330091672,82,49.142
12900,462.51872370370734,160.71489944159757,161.7309234833815,157.6111130540989,85,46.276
13000,395.1994513761372,143.4174189356629,149.59124480735667,152.1150742700706,78,45.765
13100,459.84434995528005,163.6804366758969,161.47710295136002,168.85931158595366,86,45.24
13200,461.5847917669682,158.88634943728022,158.41361282406294,161.1108165223645,83,47.962
13300,452.6804759575007,158.69869718052635,156.76739503707023,164.14974163160804,84,48.149
13400,406.62402203816936,137.9823811591545,147.82323045324623,148.41602573326065,79,48.198
13500,444.1723578735628,152.64312276682767,152.79565972081656,158.58274068724157,80,45.273
13600,475.3205450047007,163.8125307582117,166.79811457815984,169.9274653383431,86,46.461
13700,464.60080520075934,164.49064178745215,164.1183794810566,170.6565890864281,86,45.711
13800,402.08094732569896,140.0261623183337,144.97461048669564,150.84302721734568,78,48.715
13900,418.0418221745594,148.69212896115008,150.55943835965175,148.9173930590553,78,45.674
14000,378.7849789909939,135.61275842034274,145.4047543187799,141.73409869323655,76,47.909
14100,368.61807814539264,135.98748097534155,135.0564935695596,140.04097071396023,74,46.624
14200,345.19091458071466,133.77550548106558,136.47690172098328,131.9552647441519,75,46.821
14300,336.98366717480616,110.66981781908093,132.73118077206684,131.95271754540735,71,49.617
14400,384.9572280304737,134.86224695801198,150.8075481909526,144.60794276116792,78,48.432
14500,427.714807075816,154.22287617062966,153.76843185773336,156.223879287793,82,47.847
14600,434.8063515332462,152.8098678207999,157.76606037915627,160.60940053037518,81,46.647
14700,451.4492401203641,150.660765783362,161.71565862556517,166.12162926086523,85,47.675
14800,373.5989850062004,131.60446593618263,138.30669579823697,146.11313983801554,74,45.633
14900,408.1868692182186,140.95436418013887,148.56984207022205,146.5431450681201,77,46.786
15000,468.918726921839,145.4456176297897,169.1887728875639,171.03957075309256,87,44.835
15100,440.58413405444793,159.4179072116637,158.36110142208682,162.73255109959837,84,45.395
15200,362.3224422010399,113.06151324605649,133.60030235914118,137.6415067328699,72,46.061
15300,383.4794313054979,138.61405593253903,147.79354903805816,151.8759240974165,75,47.13
15400,481.0105275921729,170.16978119171262,174.51323626730846,175.49435562930663,89,45.649
15500,367.57284991069247,131.65261339876102,137.12248951231516,143.7776230664701,75,46.314
15600,425.1240448824852,146.36242121334126,156.85414987354505,161.4010097512226,83,46.664
15700,403.7726247622943,142.19840188418542,148.47742756226998,145.8322171979122,78,49.363
15800,342.0981262202809,125.9886396872739,132.0608924985327,129.19095839764842,72,48.319
15900,401.6096558237269,143.4014979057195,147.4732112370932,142.7357562871075,77,47.674
16000,383.0726420862406,137.04335355642084,147.59116668756798,144.29101637722138,79,46.8
16100,444.18796257226904,153.90416178090314,160.6706747156761,164.07163642808825,83,45.47
16200,347.2478677859446,130.4696980006589,136.77763850440613,136.63779323049084,74,46.074
16300,374.46206071566814,129.9348982379901,140.50008291233326,143.47061631426013,75,46.799
16400,434.9152798076339,154.65882988196924,157.07903790236992,152.97826361207427,80,47.351
16500,372.34438116544675,129.9252342376744,136.4897879557707,136.7535273993047,74,48.66
16600,425.63423458210207,136.96075642658886,150.6222941657068,154.92336713373047,80,48.085
16700,419.3640757299046,139.76237713532586,154.2884602295152,155.00181865789412,80,48.855
16800,392.14244530792627,135.83312564846702,144.1103531393158,148.23063114644663,78,48.384
16900,357.1307130183214,118.69034024217822,135.05147819927214,140.34182628031002,76,49.856
17000,404.9708136162303,141.3169424902418,142.12461027343136,151.41210715274528,78,46.657
17100,400.09276682141973,138.80085135675066,143.90094532120708,148.21341625631783,76,45.7
17200,489.81654071728707,167.19172674784798,169.51804091510468,175.13599895325075,88,47.376
17300,375.91026490346997,140.27001484715763,142.01540278358067,137.4315628275659,75,45.531
17400,406.2158537178787,141.60112046534007,149.28933338494676,156.11825049459063,79,46.596
17500,358.60494026757965,129.95937005542248,128.21164937303635,132.73952718209864,73,48.406
17600,449.24545259395984,156.92154566488688,162.07100896988266,161.5609147067961,84,45.966
17700,368.8291362651951,131.83969362034543,137.90469543063446,144.00643066022795,75,49.195
17800,468.8918023668996,159.07943070510402,164.34738249294986,166.68858067032343,85,45.933
17900,449.94946142747835,164.6673638482294,161.7676727080551,168.35028033412948,86,45.218
18000,472.9380268352984,162.12002292317305,165.71654767119887,168.79064154576787,86,44.324
18100,398.5941109682832,141.94281063880848,140.00608269667893,145.15830312164425,76,47.977
18200,415.2482527569591,146.8006832266921,144.95898638329646,154.36491880649572,80,47.729
18300,389.0302392924119,129.20065928805775,151.30028322437005,146.6282706559706,78,47.098
18400,358.119527120092,123.10902725952033,130.73937424698485,135.69838464881323,73,47.92
18500,466.6077394955217,159.50762297057656,166.1644437501561,166.8836918405523,85,45.375
18600,393.28308095003905,139.09808059511278,154.44021323959805,151.01372459052772,80,47.971
18700,360.34891266481145,126.32904745798359,131.42479843135806,140.41460741866672,73,48.999
18800,384.18267272516283,126.71477053097618,142.7444634660298,143.60294646046358,76,44.869
18900,389.2078374419972,130.13229397081008,143.51288644680645,135.08237688277367,75,46.745
19000,450.07313463991045,163.24466585815335,166.48791445624448,167.11440997535246,84,46.707
19100,415.37636405466736,149.17251955286895,144.00658951375055,148.73574260884868,78,43.641
19200,375.92535587779844,130.09192077641342,131.20214704360316,143.6596044813292,75,48.886
19300,351.02301313475726,123.53949901643117,134.41181387478315,137.74941067521436,75,48.723
19400,364.40057420780295,134.21061553633547,138.2618088614435,140.6112757772394,75,47.798
19500,404.2980006992662,141.60148471297325,139.5702690859213,152.68098890770727,78,47.422
19600,370.07906504463193,121.85325190987186,129.52269357705964,139.050141123791,74,45.805
19700,446.021080624167,152.27028377321196,162.63422597763017,168.22899719241417,85,46.468
19800,416.48767026848077,144.2572228885203,154.919709286448,154.13066322327967,80,47.043
19900,379.72708796624534,126.42243519711498,137.8472718029342,138.73123383509994,73,45.926
20000,352.33274062294896,127.1945020091405,138.1001897818153,135.93740490419202,73,47.474
20100,351.60859693206726,133.8363742852858,119.0514811549317,130.60928701280426,72,48.524
20200,413.7030176601893,139.76639057562602,154.1575791005324,155.36674919983093,79,47.069
20300,390.4959504559212,135.44901273807062,143.87334498552664,140.7046867279202,75,48.437
20400,367.0426955712766,127.9725693008089,136.1598602914443,136.80564887075022,74,49.03
20500,428.4224993780766,147.80814743309583,150.6349409431984,153.24984467554876,78,48.113
20600,380.01772085213173,125.91979258258749,129.44308051310347,136.49599943467388,73,50.47
20700,441.0788106664909,153.02239660235662,158.6371903895782,161.30832485587806,83,46.014
20800,378.51888895628485,130.0016803740935,140.1993981719983,142.28321909482756,75,44.895
20900,392.5869659590225,136.67029342884754,144.57400897852193,151.4178734316728,79,49.023
21000,367.5505238187299,131.44018039924117,143.0883519446471,141.45361028637842,76,47.93
21100,387.1141746767705,134.51482616688907,143.46912763594938,145.33069253050868,75,45.494
21200,382.09957259693596,132.51290520536907,144.48787473966576,141.4904438960852,76,47.531
21300,378.65737383078624,126.18510073155845,143.04017796484368,144.92426482662856,77,46.647
21400,432.68114658560853,149.29331039916792,158.4891471264892,158.5844601879381,81,46.69
21500,448.90585042628123,162.45619599278405,163.1562083327314,161.79961793920899,84,46.799
21600,354.9303759106609,122.99680863341445,139.08811635400406,138.55049594881325,76,47.921
21700,359.66665329567275,128.02203706691498,137.89836898754967,134.38492143465783,71,43.572
21800,375.9021066812327,128.83550890067937,135.76371060000537,138.4095268997457,72,49.206
21900,427.94599159054263,150.60681671122097,154.61856470127844,155.23518292774352,82,45.305
22000,407.0484944929234,140.8864675945805,150.12433562504603,148.48765153820975,78,44.237
22100,357.36265488439096,132.66294171435737,140.9559237391513,140.9447901874784,76,49.279
22200,358.03526890464593,125.32946313719515,136.03365466778052,129.46933548208963,73,47.369
22300,423.1603291823635,152.27245365124497,152.85151751106173,155.08201810290117,80,46.283
22400,392.32457771775256,137.2164999916577,144.2779042382854,144.46622311224485,77,49.158
22500,400.06861684195513,144.20263511019672,153.43298224069375,151.0075787998321,79,48.576
22600,389.8053591162622,137.6562857324472,146.22065073977987,142.56766019381752,76,48.695
22700,375.65301138813834,128.30496285651444,138.36839700606305,139.4464474232257,74,46.951
22800,356.99207384088135,132.48256513509648,144.96478856529305,146.4171910817159,77,49.11
22900,342.78951756397146,117.62374009250242,135.9301658571462,135.16399744298224,72,45.913
23000,434.0390661841463,149.36442590905955,158.62524135870288,156.54852317481004,82,47.761
23100,407.8692491757314,144.02794707721466,145.38160298136773,149.69111132001134,81,48.977
23200,362.29882322026174,128.3828809841494,140.47074094942846,131.52963266964463,74,48.453
23300,408.7286300049734,141.4520427307731,146.38455828098014,146.06637553574265,77,48.882
23400,359.067921424928,130.27247021115707,144.45764224157674,140.82891050018893,76,49.936
23500,389.9635198140856,142.4999967649306,146.78960151704462,150.86569130219664,79,45.468
23600,344.46357207250026,119.64283534298563,139.42871820901755,131.79920818836305,76,50.417
23700,451.5468570360317,153.737597782623,161.89220013829717,162.13288683807272,83,43.601
23800,425.4977520912205,150.23822294879767,149.44592237986208,143.32138448214326,79,45.976
23900,425.8450874229633,149.36958013682488,161.53663342387034,167.67336972994474,84,45.051
24000,381.9527390600565,136.35002726808767,142.78910400169048,143.64907769978217,75,47.108
24100,424.6708593735404,147.9189473568544,153.16412726725522,150.65989145407298,80,43.998
24200,416.8098190816087,142.53929549855337,148.35418317620943,145.72081532591127,78,46.843
24300,349.6222499372796,124.47410475050006,137.45346965769164,139.8525765258346,74,47.462
24400,412.6888391344571,141.28561188406417,152.5858364312745,155.56675753221975,80,47.115
24500,332.00719686571944,116.54483586683936,123.22222159425651,120.9469252566439,68,50.785
24600,411.1986725381152,140.07626895017577,151.26290908647317,146.27056875866091,79,43.598
24700,391.5911070021681,142.14106950774837,149.20425632114112,147.36074070179149,79,49.036
24800,349.3967233454177,129.9145120465002,140.30615182677377,140.75546204357266,75,46.547
24900,367.7992916064995,133.51129484522957,142.33313893232898,145.40691238026898,76,47.237
25000,426.69233189366355,144.73024166440723,155.61173990813984,158.3230869853344,82,45.24
25100,426.5533470125564,154.09681757839041,160.2288743387109,162.9395492992938,83,47.042
25200,377.5420502160389,136.42351428919045,146.47750150582354,150.58210739013245,79,47.372
25300,387.35861043695536,141.0191133705747,137.14991667412576,146.9664064816939,77,45.535
25400,427.7910563567561,146.6209884496227,156.37693623959382,155.63518915954091,81,47.649
25500,365.85648164242224,131.56480382455848,139.89819938350763,142.11251709409845,74,47.339
25600,395.013825844209,142.83139906915878,150.83981789620987,147.75858086942466,80,48.052
25700,407.4959920034026,141.29763190143353,150.41789491707536,153.44425341891528,78,47.667
25800,417.06143702553084,150.89282742881215,153.0451758058401,160.79430421027106,80,46.112
25900,455.5978672020672,156.38353209961844,158.12925450224213,162.08648759631225,83,46.518
26000,484.72042648702234,163.6787326159694,164.28836593882556,169.02275114196817,85,45.305
26100,374.28142810081704,136.33599205197032,135.23205844673856,139.27318471542898,74,49.732
26200,409.0152747246342,148.95788927398814,155.29337612067732,161.82105489457922,82,47.553
26300,349.85531062575023,125.12979337730447,136.342913939581,132.99848794477523,73,49.435
26400,472.53260209638836,161.84000164689417,163.42644014790275,167.56462968517283,85,45.979
26500,382.9038515937194,126.39849448630946,132.7093119837822,140.99319955471216,74,47.911
26600,420.5363918133581,153.4468823851363,154.64257767287802,152.37089157183294,82,46.41
26700,357.67927754651515,134.636353961357,141.85846974065004,142.58571486443216,76,47.444
26800,389.3236750526923,141.51351294038597,145.54935912711923,147.81920742134585,77,46.649
26900,398.0032086374586,146.45779416546785,146.14745632227346,149.73979445887227,79,46.736
27000,438.8385314970832,155.14838389840583,161.33630537001008,159.94906956665173,82,46.154
27100,435.8848741342681,147.63077087180085,154.82889650115297,160.65116834504798,82,47.256
27200,429.99572670198484,140.92149847750264,153.15513661160446,153.1579082145623,79,45.157
27300,457.70698565024776,160.1941382656209,165.8686282315267,161.7485905773275,86,45.209
27400,443.2925005130472,163.01919688465625,164.7516931064624,166.46821049638658,85,45.765
27500,420.9718569288475,154.19814830821693,158.33246562666412,160.0151724754944,82,45.524
27600,397.5936752259847,137.70551922495247,143.21138768711378,140.4560059775554,75,47.012
27700,396.72367227912946,140.78818321429554,142.0583628390425,146.83738893827697,77,48.051
27800,446.8525158043712,151.8357845167228,160.47410899948233,157.35854179365998,82,45.568
27900,400.64486821849795,134.25870705643842,148.73849723496258,149.2173840739576,78,48.964
28000,426.56620423646586,145.6046668494243,145.87745883662936,150.61018096418752,78,47.827
28100,371.5621252467883,129.8618880415231,136.7453479744775,139.3868446476351,74,50.902
28200,482.8344626811421,165.29486662173738,163.2834235567285,171.40833925477952,87,45.455
28300,308.7272213613605,109.39277965875681,124.66388667248398,128.2714319384776,70,50.332
28400,335.18603099573187,115.01821613220442,116.11423370941898,123.15695391153946,69,51.774
28500,423.2131881104557,150.56463188070808,151.90084734474627,153.46490604388637,80,48.432
28600,351.0578786858956,124.76321887973815,125.92066992762315,131.04352186038338,72,48.241
28700,419.09030941893485,142.06292299242207,146.72193385889378,148.3460686846277,78,48.678
28800,398.4862532996887,140.8004967493898,144.70018934483932,141.09247142853147,76,50.707
28900,402.76710830405625,139.95086728344114,147.27876924148035,146.53281392973292,77,52.711
29000,434.64752994434116,151.35293479095438,155.9107815812035,158.85636366516786,82,49.642
29100,402.54348435249756,144.53692110177536,147.25941054657665,154.33807764381407,79,49.454
29200,451.1179650012866,157.3625677354438,155.92356199377474,161.13325343530042,83,50.337
29300,423.5307525888756,151.02889998995983,151.5487182856854,157.25378409268734,80,48.164
29400,463.8106544216352,156.48769639794867,160.08002461240844,159.21637697229914,83,50.315
29500,427.10659651628214,154.94856647833015,147.17514274353343,158.64992514541154,81,48.423
29600,426.808867598965,147.50454914929526,153.73482008887729,153.53956256964634,82,51.451
29700,385.17816746514575,135.29935165714554,145.6525502013535,148.4429124472433,78,48.284
29800,350.3807431391679,121.87586609267596,134.38074877651587,136.17886052533623,72,51.67
29900,487.810856604675,172.40565369426048,164.79143244756645,170.67450943766664,87,48.984
30000,422.4505325721923,145.9365009337079,152.86427023759578,160.5984078203809,83,51.84
30100,455.2791178058316,158.61841323905787,160.73500938480117,161.27644565763455,84,47.518
30200,412.2208010037406,132.91483087984292,150.56089112746884,158.89762258860554,81,51.791
30300,449.00524889121317,164.38601596125352,161.1415747534248,164.44441031401894,86,50.226
30400,414.9282439394335,141.11527853518345,151.2642974234272,150.8378823426419,79,49.142
30500,358.92910119762195,132.77172219273382,138.64836008288304,132.57622902293747,74,54.683
30600,333.76780231283834,129.11185464000326,122.69130401185936,124.56996122374338,72,52.781
30700,379.2112081567313,146.66415380348081,143.01804786640844,149.6177303574206,79,52.254
30800,381.7017423294422,139.63865093307223,147.05644782723178,146.33843454961152,76,51.565
30900,463.21092249715787,163.4627178454814,167.7037859492198,172.97979654344718,86,48.738
31000,375.5882347504905,141.44033508387602,136.91596064740327,140.50438919491467,76,51.659
31100,442.39236390995853,159.5021505973264,160.33081054200937,162.0877814278825,84,53.039
31200,323.20164561627433,113.4781289588448,123.41776401019143,122.13332187962456,69,53.038
31300,370.3433255132695,135.5511359070286,139.11369054697735,141.53783463233754,76,51.985
31400,457.2049495576033,151.60901596828106,160.78959733871434,162.35092086802626,84,51.935
31500,439.6750610211916,156.516553669566,162.57928743358937,153.78149622568287,83,50.054
31600,394.21564439235925,138.1654664188412,138.14131968768382,145.20241042882535,76,52.215
31700,391.99028927246553,144.7746625373507,141.79652941010698,148.9509074374979,78,53.329
31800,453.55891921345443,164.97044036318619,166.27316763244158,166.6140004487076,86,50.474
31900,418.8203934793221,145.9498704691539,148.0271766970395,142.29023610173314,78,50.097
32000,424.6734411801169,159.18539352328943,163.21173076594582,165.83430838908828,84,51.894
32100,376.0804704183219,134.95203466824006,133.47995272031142,138.43547926904964,74,51.686
32200,365.85965353351713,136.5003368651898,134.9433964433989,140.66481524260638,72,52.743
32300,405.83989725592926,155.58904366255504,151.97981085285764,150.88530766886333,83,48.823
32400,406.25860265856153,148.2181150942478,144.8399042378593,143.1268667852024,76,50.681
32500,443.51471720025904,156.42694095085432,155.48834239224928,157.2644393127393,83,49.663
32600,423.0907933897924,152.2406424629141,152.1536436400114,146.22408944436373,78,52.133
32700,348.5732443304475,126.97673859107176,134.6061552063533,135.80680363382132,74,53.689
32800,394.2146865596827,138.49538622233644,148.92511718508536,143.37342886611407,77,50.35
32900,367.3992637318227,136.25722331685142,136.82196566221813,130.4238869930033,74,52.849
33000,384.87352537321465,139.5397080206004,144.75924120652252,136.84562122492252,77,51.477
33100,421.89468688590387,151.82177721185965,152.24825610869755,153.77245207339172,83,49.288
33200,444.05712033776473,153.13249519798325,154.97080692185315,161.79063007096565,83,48.919
33300,443.10748832580356,154.67853368343512,153.85010895555882,158.809711411355,82,51.271
33400,444.69534862939065,154.5751941096462,157.39282994153484,157.0628314188378,82,48.686
33500,395.86543011581796,138.0548200046296,143.05694344389198,143.4452551123742,76,47.568
33600,458.00860357504376,162.54716584898355,158.50524744748438,162.2440600181553,85,51.191
33700,424.5689865061831,148.64008236057387,154.51877431590475,154.53978637632943,79,47.039
33800,411.9312024315062,141.78000299751383,147.09600456118775,148.601956347335,77,49.546
33900,391.4733556964586,139.34217439152826,141.92489737859316,138.25586929167994,78,50.086
34000,351.3392638542311,126.09963088949306,128.7471123049964,128.4659790873782,72,53.38
34100,424.9087588909495,152.47058950234478,158.09430847310375,152.43804719667858,80,49.316
34200,480.0837771623673,167.3332507744757,164.22383616826036,171.13948505412904,89,51.568
34300,378.66474340254996,135.17542198383802,135.22820680105707,136.32109878054067,77,53.488
34400,455.1913595626527,156.79211966263898,161.03175410838537,160.7917132782836,84,47.834
34500,418.31413289473045,146.50434929818738,155.93454982241926,149.6320078619915,79,50.987
34600,355.1443010928556,125.58393237101396,134.40237656534092,134.79191896641873,74,52.239
34700,367.96285433477425,142.09458910860155,143.56773901721235,148.81394115280114,78,48.225
34800,437.6733941424321,155.3429568632534,151.61386381709428,156.59898071377006,81,51.497
34900,321.2952067957316,115.67517628733953,130.36579548265652,132.10875137575297,72,53.502
35000,435.41451414252856,146.82880892116663,150.2557213493962,156.91971129132605,81,48.969
35100,377.03304837431125,143.25770337543827,140.37564135957703,142.24678292314195,77,50.777
35200,416.9824619355882,149.26944828912934,147.20910800646791,147.79929302091293,79,50.11
35300,436.09051186618706,150.6410974558872,149.6995619135402,153.528815466803,80,49.489
35400,416.8984728311743,150.7566444337772,151.26287739199336,148.80134564335285,81,52.85
35500,322.60345830187924,132.09036287247926,126.98327010497377,128.97723794330605,71,53.74
35600,430.5678481160794,154.2751875296238,164.39779400397143,164.78797175065773,83,47.566
35700,394.49977035742467,145.67976191964183,140.5572976153586,149.39936178089653,79,50.564
35800,386.35890423987576,146.52974971287694,139.8637302797144,142.54732146052808,78,49.982
35900,479.65029818448687,166.51329557293505,160.57154179313795,170.1492375445404,87,51.645
36000,451.4961382092777,157.367644070143,162.48025488129818,165.18311854573648,83,50.622
36100,452.436516933217,158.4737656796077,155.01752812342392,164.22209926146087,83,53.47
36200,450.99574005118865,162.86298874489262,162.6317518908232,169.39090140271566,85,49.929
36300,436.5110437353704,160.75586997767581,158.55547020189067,167.41968246824493,84,49.309
36400,417.30267419873655,155.69627768727952,152.20237489176316,163.12813017014034,81,49.095
36500,401.8920507974815,153.1939078251747,146.87441228588574,161.49269040661903,81,48.831
36600,364.67010218592736,137.2210472371574,135.18998565356915,140.40824757935022,75,54.411
36700,349.0938242290472,139.18583900746074,129.42838644399436,133.3756395665524,75,54.172
36800,375.4315780887493,140.85807725085215,132.27209819970057,140.84771085903267,74,49.456
36900,424.0713655554625,154.24013012743507,149.6909610503421,161.30688033108527,81,50.819
37000,435.67456335672233,154.26578778910604,152.72689851397442,157.15301218697996,82,51.492
37100,450.2747748061099,155.88188985138805,158.361407990095,158.9198663761215,83,49.645
37200,406.9523306232796,147.68225712216156,147.41981834771494,154.94743512143762,78,51.522
37300,385.32616271197617,143.0618936042182,146.69454021799888,152.6071298213784,79,49.921
37400,360.49514346513433,145.0462137698442,140.23105365920802,143.78817997974943,76,50.102
37500,351.5321283873642,135.8756783388706,131.86318130515295,135.84699179327296,74,51.021
37600,336.05887678469094,126.18472422092574,131.94440298163065,138.30833814557033,72,52.227
37700,370.78888735521605,136.25317890644052,137.08593851403322,142.96788752613972,77,51.543
37800,385.43599588121293,148.81731192316875,145.76818515222604,154.68412795802178,80,49.596
37900,416.10367315865994,156.37659770633203,150.49244447786063,158.14694336793752,82,48.722
38000,363.34737369219556,126.95019813401626,128.48550624138454,131.39606097763308,72,53.661
38100,421.1389918259081,159.50597361164785,147.86346656247497,156.60311991458568,81,49.412
38200,394.8204158942544,154.44873688212476,145.02416518399772,151.49473509788643,79,50.713
38300,413.2615599645186,146.21628636674927,152.3457340777946,154.61842129140751,80,49.759
38400,436.0077541937168,153.89786498983776,154.89158279724666,162.83194640110906,83,48.163
38500,434.6424147220164,150.29697031337025,145.99482497619312,151.3733775216388,81,50.529
38600,356.2686498847247,129.98012517090922,133.79952963740973,142.57238777835607,74,50.736
38700,388.131210127701,144.26160907596795,139.0433185432042,153.1688508827873,80,49.477
38800,436.35165295054276,156.43926528934938,148.93565056625647,157.44975598010006,81,51.437
38900,352.7813773155891,133.29811609389745,122.71688010544547,137.45204576220536,73,51.031
39000,467.5207947794772,173.65376904810225,167.17983292824988,175.07761034536645,89,50.526
39100,465.1625870756114,170.4224100468847,163.3091597248308,176.2417299670906,88,48.779
39200,365.9010916162344,143.7451626920466,135.68934228511318,145.20342049007272,77,52.51
39300,396.89186787386666,140.7112883809824,143.08485215039647,149.00933202807488,77,51.471
39400,338.15646540671463,125.78712325727591,129.41122458778264,134.71903174736622,73,52.266
39500,416.1994493998232,156.97937675006102,151.27906939911347,150.70447226756298,84,50.981
39600,474.65912354286405,174.7667933814433,168.1094216494711,174.57256757040466,87,48.937
39700,418.1195539720058,148.88135576230255,147.3386041730825,153.91344106499355,79,49.814
39800,425.0827180399525,148.57545112004524,150.01753280264805,151.6715299967822,80,49.248
39900,389.19862057754625,150.03254103270015,146.8483492936113,156.57241689221462,81,51.003
40000,366.04152285742,134.40251361840012,139.96205267332934,144.24926241127113,76,49.67
40100,401.84031725322654,147.79106001929006,143.75133736341567,148.61126218889004,78,51.019
40200,429.2737845822809,154.78118388794462,155.51026363968137,160.93111538930611,83,49.699
40300,390.6047536214818,143.18254082576289,137.95896102302865,143.56839331143394,77,51.409
40400,388.4741006062614,134.41131206994623,136.5154755471466,139.89341044936086,74,50.865
40500,361.1894241495619,140.19081966869211,136.96047650080564,137.66412642450243,75,51.374
40600,422.96180554455316,144.10593544434477,146.35690905953115,152.37550435510627,79,48.791
40700,426.7654198017138,148.32284919605655,147.5712885546249,154.24674298020315,78,49.744
40800,424.494106995229,148.03882964137506,146.75034816992914,154.2900214189651,79,49.484
40900,361.8261365495184,142.83763127244123,139.7154059746798,146.0793378617208,77,52.089
41000,392.1720503050839,153.25299776894815,147.67031279181595,146.50266779696497,79,50.44
41100,414.6781728337157,151.48310545834164,149.42903171956075,152.8076292927327,80,48.627
41200,432.40486663132214,153.54062664723824,150.98817719752446,160.4883840343985,82,49.918
41300,435.73137588488345,149.95567645022476,158.25466066816193,158.48050823690758,82,50.267
41400,426.56268281848037,147.56703824447695,142.01414645891663,156.31935023675177,81,50.864
41500,355.24752591014555,136.481725116258,132.84207627431263,142.89398194852555,75,49.708
41600,335.41388051624466,128.07311907492132,126.09774809450863,127.14941449337161,71,54.408
41700,439.92694302246457,152.2729035557164,149.22459725653732,157.66482735202192,81,53.239
41800,392.7997825350179,148.6991031799085,146.74340941412268,154.78036055496696,79,52.486
41900,406.471789334776,145.15193575864706,150.63168072586984,149.57627953204639,79,47.361
42000,407.2156335974822,149.4404534343018,145.18240553254589,155.17754932095758,82,51.589
42100,484.76064022077946,164.79473926599712,165.0797402375264,166.96070633198826,86,49.176
42200,407.71960731349543,149.323059764214,151.70690544647817,151.8893060248851,80,52.219
42300,418.87932441197916,145.0235177225828,144.25236139345768,152.27776719325587,80,53.309
42400,423.10067391018544,146.5018664191141,150.32395281329337,154.34276715657788,80,52.008
42500,431.98770337194765,152.71060436410104,150.7377618271738,157.19249410807703,81,51.047
42600,360.8877460909763,131.32632697162336,134.99356830238276,134.2541885756884,73,52.709
42700,263.0697849187391,110.25970410578937,99.68137627315019,110.95057252307056,63,52.609
42800,413.3809495093085,146.49209603737137,147.57655764893468,153.12685860208956,79,51.831
42900,403.786538018948,139.52863929695948,143.79711025600892,148.76046169800333,79,51.375
43000,308.36937521119467,124.17812597232316,128.10482286952742,132.04387831157607,70,53.203
43100,446.38399168594987,156.5706697614184,156.98504294637237,158.75290839958384,81,49.32
43200,403.4784314770319,144.43120161634639,142.2182532982195,148.4206382806189,79,52.043
43300,437.05408700457133,150.10149103390088,148.91703700435855,154.18573372627912,79,51.847
43400,441.86643304682906,153.38918519119045,159.7099946762972,163.1082242485744,83,51.434
43500,423.60165290074883,153.26965803092625,149.42081032553904,152.05136860712892,79,52.62
43600,411.27924183688134,153.42765189755318,160.77323944204173,160.41112129559622,83,50.729
43700,434.27563568468327,155.76059252436153,160.2021997105127,162.42430159711932,81,53.146
43800,383.8919317216527,142.82788671841345,145.30043008157463,143.51302695474806,77,49.641
43900,444.7752035108872,159.60039250396497,157.93208520293632,161.46078627917825,82,50.526
44000,465.848329940579,165.70646909244476,163.26895390287666,172.20170789181816,87,47.475
44100,449.44432997303426,161.36845493460376,160.46550530146467,165.31157497702145,84,49.605
44200,471.7430064442401,166.06470720550365,169.58203458374456,171.28256403815485,88,50.697
44300,399.4696341316461,139.4718651236902,137.685495047125,146.2270772985538,76,51.376
44400,428.64724108723584,156.08007147452642,151.81857195145133,155.6079184640638,82,50.631
44500,397.6902821866611,149.4613043194597,141.2039221211967,143.7458986349537,79,52.788
44600,434.07707297298845,150.47674761275172,158.31868260104773,157.64959819143223,83,50.451
44700,385.58832225004403,145.9658000352777,146.88000257694722,143.66503156351982,78,50.23
44800,437.8472071280245,152.69729462999715,162.31242926465853,161.36898345939872,83,49.584
44900,472.85144565105406,162.90582261295668,173.42621928405083,173.14037591690857,88,49.126
45000,431.45975257593125,158.71350683336104,152.50080768586497,156.2710822136301,82,50.856
45100,421.458251412982,141.23306184767972,150.30031265222846,152.6384925346378,80,53.374
45200,394.5731016206686,155.4494559031736,144.21392502977156,157.04427711618646,81,49.946
45300,385.2487625030233,140.88155325013966,142.01500809124553,147.30164329386014,77,48.262
45400,320.23123471276267,136.36813735735652,133.25083823983098,130.34934023976422,74,52.853
45500,387.99121405165243,140.5599418867204,145.85288670222747,139.46481641231142,76,51.854
45600,358.10343347172335,145.15299178896214,148.73710770149376,148.4874184915109,79,49.821
45700,374.43753101161354,135.7168694014151,139.1591239466157,138.8477461088765,74,55.453
45800,303.9967473200136,115.67828727069542,113.28023659263442,114.93194511259303,67,52.984
45900,111.51921843912766,83.59380841566767,85.41893390542947,80.89678641553571,52,53.537
46000,148.7978144716927,83.38491892161723,95.0853681381767,96.87518147068907,56,55.379
46100,277.31588984870353,110.44957217281258,106.79038373154145,111.94506017045194,63,52.836
46200,379.3261247226502,136.7940162329421,136.2057162833923,142.93866293906393,74,47.991
46300,332.2847329847385,129.1863656841102,126.99411657580302,138.2808710882619,71,50.261
46400,336.3640115317696,130.42953675398942,129.4560036215171,139.80062353290012,73,49.03
46500,380.91755494538893,138.56608615492138,136.56369188323418,149.63342746211757,76,48.243
46600,354.6872340097634,133.29151656101476,119.85513592292337,132.5272626288563,72,52.345
46700,410.0843183531358,148.6345656651818,145.0360861171146,155.6346210025171,80,48.523
46800,396.8260030618948,148.23571485957342,139.63435970927137,155.79762632091118,80,48.872
46900,352.0694127659169,128.74010078484076,128.15724688222477,136.7449311291766,74,53.763
47000,338.16771363942075,121.8276520856543,127.22317705210467,130.7734587643646,69,52.251
47100,394.4786991829136,138.64143396233084,141.97242822873625,148.7900547645233,76,50.684
47200,375.411385731622,130.03677867495045,134.08529486453253,140.57083671666723,74,51.048
47300,420.28455930868745,147.389073627923,147.05359910658453,158.97160809813158,80,51.19
47400,446.4884208712083,153.6658990321638,155.14019527855808,163.60674545856216,82,50.117
47500,374.3879510967955,139.48387677126465,132.18278158654118,137.71899935634517,73,50.296
47600,381.1095943680638,131.92668683578148,132.9885661771709,142.79392482827433,75,52.536
47700,346.7615024540435,135.87236520904594,120.73433531008276,139.09557035345918,74,55.921
47800,386.23321198575525,137.56335422397532,141.65886223075813,146.7218529551424,78,52.453
47900,415.32868010612304,147.80289189713855,134.46317488576562,152.46380171969128,77,48.889
48000,411.79912119247666,154.785095947297,153.651882570568,158.54852673319175,82,51.946
48100,359.150539870436,126.07738836298975,133.17888686015064,141.49366680550173,74,51.169
48200,376.49867839452435,134.96259122632193,136.03964989236755,147.02149354388723,76,50.673
48300,304.26010956496935,110.95746312566762,101.86382509718544,116.09994447884561,66,54.317
48400,312.87963084428355,123.63848394535573,113.3621731669553,124.09405569326361,68,55.231
48500,330.1765825551296,118.1682323370498,122.66036284552096,134.9728338991071,71,54.875
48600,378.6975030166443,141.34131372169875,128.8458545189679,141.51775410014082,74,53.55
48700,437.3187188249821,159.772555753688,151.65212629379374,165.37849369144908,83,52.055
48800,310.2110846784454,125.47783888142426,120.42884779453908,131.06434429907185,72,54.816
48900,379.857125744222,135.9002660116142,130.47932064872984,138.12011040342932,73,53.666
49000,323.1142664376763,123.31812106616574,125.35509594628495,129.06797755136128,69,55.177
49100,427.89316825823835,153.79608347186763,153.6379340874173,158.61916522500212,82,50.209
49200,355.21561024407805,131.16580641433427,127.9482386729115,133.81016824158928,73,53.644
49300,318.3155934622786,122.79590798974642,117.0011151778404,128.634600189612,69,52.479
49400,237.35848455562027,99.08911515538276,100.3811829826437,110.3567461071316,62,55.881
49500,382.2821595989577,145.2063561738947,143.68132054740403,149.35472019449716,79,52.02
49600,423.3708566750744,150.7674803921697,149.4682130490206,149.62705967784044,79,53.698
49700,361.50793317025176,139.15448132967828,141.06178875034928,145.23102385232846,77,52.644
49800,364.652782637368,133.14294826853734,124.51735958900855,135.34023790005628,73,52.919
49900,363.5664746713013,131.32388580818187,126.9690030399041,136.40975387882247,74,51.836
50000,430.8202583544842,152.90288776922526,143.15612989270087,155.8899841323617,80,51.238
50100,376.44136604864354,136.78824070219719,134.2002169012979,135.06328863811282,74,52.134
50200,423.47289638024847,156.17264846160975,152.04568493978883,157.02855791108328,81,52.635
50300,366.7355645760776,132.9388768857968,136.83388864635802,137.76921265853946,73,52.4
50400,359.9498353991403,127.00078169358444,126.0438029533056,136.29186520679394,72,51.661
50500,395.0159941287895,142.8796783689544,142.6985368989822,151.64112247745098,80,53.061
50600,398.0834608347094,146.66090861187323,147.59236290581072,147.5115584357549,78,52.279
50700,361.7510842568308,134.10532188109352,129.57775188089718,138.21431988796755,73,54.039
50800,355.7383791997136,132.19258032146922,125.34592255929776,131.20213783589818,72,54.001
50900,358.2106486085933,143.31710003697705,145.50218556036833,149.43942160444035,78,51.279
51000,343.21357394854977,127.29004620669825,135.4370242541709,139.9700246628063,74,53.791
51100,332.1043901323642,132.83772332734839,131.4302606960424,145.49508420814323,75,51.45
51200,310.62872867315195,122.05051321841795,126.05513989376512,133.54569841627074,71,52.068
51300,373.6816520350152,137.60929270222627,126.76441191903139,138.89956683007628,75,54.116
51400,352.9919448338085,128.652775301369,134.15904504994566,134.45012259189542,72,51.293
51500,232.8124625573072,103.59777006604614,99.36400652166347,106.71328258299613,61,58.07
51600,413.36662143257,144.40474134017177,147.3614000736898,148.99401766927872,78,49.869
51700,333.2961408970773,125.62484389660122,127.757930566881,128.88303903706216,70,53.676
51800,411.78051525242176,149.63227793806232,147.7591217854414,147.18582941526958,80,51.053
51900,440.4049365505282,152.35431196139803,164.3381347775977,168.79895608595103,85,50.145
52000,396.00510017541114,137.77915837565558,144.1052702423555,142.9638936958794,76,53.646
52100,301.0167251239131,116.17755934809895,112.0620140030994,126.07779596605627,69,55.898
52200,357.2541185880437,133.1051326302324,135.4518316287943,136.07704126958646,75,53.129
52300,364.9392506579827,134.8556479440049,135.77114703773435,133.45510093601666,74,52.008
52400,341.8883900838511,125.77095872364413,128.00979813035886,138.90751099180903,74,54.097
52500,299.56453102492884,120.22878251233715,126.08766271148097,131.01415104186225,70,54.998
52600,338.474394807795,124.81601104181767,129.56905228080458,137.74758700366775,74,55.749
52700,377.1393037466902,137.55786732493672,138.4571803864153,147.7310882718852,75,52.659
52800,285.38684934002845,123.30938091331477,121.53177162483941,129.3756374817379,69,56.314
52900,381.88447288392695,139.6878840503223,145.22528896181197,147.57787974877564,76,52.895
53000,367.56747186801573,136.26399204922353,137.67982667624526,144.66138802182283,75,54.188
53100,370.5921110653578,134.70780518310744,129.87025714639344,135.99742407747806,71,51.455
53200,339.29436252262394,124.86643818615647,126.80052653519226,132.16811203941856,73,54.082
53300,406.92139757952054,139.89378007127038,154.64928743927135,157.7150572345718,82,54.492
53400,328.25016488467264,128.23716064806231,125.97539684785743,127.10616175108589,71,55.59
53500,426.8926100004271,143.88676081648268,160.20991606988903,159.15301719041386,83,51.635
53600,418.9799705735639,150.80190711565837,148.84019258202156,146.5480405419188,80,55.46
53700,367.62193368046604,138.63075998656464,131.17950831180823,143.48519540976474,77,55.948
53800,320.4273699038797,120.9683834931185,122.95046557416518,128.82327433879192,71,57.434
53900,452.65662953171807,158.9376585884003,159.36372974954244,167.3102197060672,85,52.319
54000,386.09163961180656,142.66967666640386,145.19965551344984,145.51974908690144,77,52.945
54100,341.545678813807,135.74121793247906,129.30380796864412,135.7559994902337,74,54.26
54200,419.77410251322317,145.9384871677304,144.33942113231927,153.60766937739166,80,57.263
54300,397.46965638418783,138.743971841823,151.37629958201234,146.62191692766854,79,50.362
54400,440.13149523671893,151.1334012117561,155.02237505686702,161.02381617687382,84,55.055
54500,298.81649389248116,113.96201684285352,126.75102300805412,117.81736793247262,69,56.154
54600,328.48260386867355,132.78926807656003,125.16382306393358,122.99781988751656,73,55.871
54700,409.98384322611406,156.86256513425013,157.442268409635,156.25801814155545,81,54.154
54800,366.7562629743214,138.10123301807462,132.89132339799147,134.91267858121202,75,54.189
54900,378.7141841137196,138.5705277736504,141.84780745914273,145.22213047077938,76,55.089
55000,407.58886162944293,154.1287475959436,151.66440997129013,156.19407804427334,81,53.368
55100,397.1850233535757,138.95677044591923,143.79109577796012,138.89582612100048,76,56.575
55200,391.93462728278047,136.67358325694298,147.91704151632877,143.4764508717666,78,53.957
55300,422.4572749024878,149.11657043192818,152.97553452277958,150.66069815684443,80,52.496
55400,408.6032763681406,152.94905888168665,151.64256356905906,155.8936534472094,82,56.576
55500,365.50555744757423,141.34675661426758,139.77136456168517,148.93781279124346,76,52.653
55600,428.992861074437,148.8049362994683,152.98863854946572,158.27572610753163,81,55.432
55700,403.1166794222925,143.06597372418682,151.89876195666537,155.7469343069437,79,53.069
55800,408.59706341760136,141.4484332482952,143.9491098030585,152.41942829912347,80,56.069
55900,395.5516280728734,140.9410207240385,150.4437730347776,146.87975714178762,78,54.605
56000,427.54960751796796,149.2817450126353,158.01508833863733,148.09356410045302,81,51.643
56100,351.9283438698735,139.82095671381182,136.3148649677916,141.3570344650899,75,54.586
56200,422.855544508464,157.56161487465576,146.24819624086007,160.1694997136767,81,52.951
56300,383.4170239281673,140.79464888527485,142.43070020362072,150.649748013489,77,53.213
56400,391.74772079601263,134.84636998019698,137.36925170593594,143.86959869347612,77,53.391
56500,338.37973228235046,126.44196950048166,135.82377242835145,140.35135376511226,73,51.457
56600,405.8814161133569,137.95454825919384,139.23204123518616,142.3318447095936,74,52.963
56700,405.4769342117017,143.3414153134053,146.48934813071176,152.22001271960943,78,53.551
56800,367.38699461420657,136.92188138466736,137.00530573733485,139.64574371993658,75,53.351
56900,411.2436347512645,142.52117539015478,149.79133440300123,150.66920973067894,79,53.499
57000,369.6644787223294,140.746586483543,137.20295015162836,141.72585052919615,76,56.387
57100,364.9563465373456,134.84047896312413,143.02520368955757,146.51062446293741,77,51.868
57200,361.9403543551341,136.13800861841614,132.20515972268214,142.4158060778089,75,52.131
57300,388.0152849615104,142.6828730116987,138.6273870399986,139.66404489040463,76,54.438
57400,341.4270603550908,123.68314517083671,132.15939263994548,130.9018753939462,70,53.371
57500,422.5844095055826,151.83747637770858,152.82739587565445,157.15059866853508,81,54.225
57600,349.6171685338467,132.50523085993487,124.82197014488122,134.15083712950278,72,53.749
57700,396.7068724868469,146.2310994616908,145.8207596675456,152.3155492289055,80,55.265
57800,379.63941030586034,139.6394681252073,140.39199953134698,143.34303246334423,75,54.713
57900,457.22691438258755,161.86366903754598,155.80406311332376,162.2698295258653,83,54.314
58000,378.10394416522684,142.68062541235997,145.75324348142044,144.15234191305888,77,55.293
58100,410.67843061182475,136.0074228622433,142.61086270462914,146.56200116874948,77,54.509
58200,416.888770364087,158.75889062814537,159.2778185183046,159.94461897534688,82,53.264
58300,370.46781128342246,139.52791768439292,140.04312103641803,144.66966801598196,76,55.403
58400,401.92515510543643,154.09133437802163,147.36175484536597,157.25116991971663,81,55.424
58500,285.9908436952047,110.37430814479967,121.48075175708968,123.65042233643786,66,56.163
58600,335.07038181470676,123.19919611932234,121.68529140884125,132.62026264789947,71,56.181
58700,406.1128790014819,145.98978900837096,143.0509293400277,153.46463456562276,80,51.766
58800,357.8033138375371,137.8621419510255,133.25489503534024,143.42272512938297,76,53.651
58900,423.6955237422472,159.514755168268,158.3660265696523,160.63336486114218,84,53.828
59000,418.0062589123031,141.64697845833635,151.0059641165388,154.42029115611112,81,54.081
59100,332.26752861695894,126.98679687131518,121.79812914823319,132.6103841506157,71,51.364
59200,362.3290317784657,141.2060745628087,129.7339002920876,147.56058663019797,76,52.638
59300,357.12185085697894,130.46877751698747,129.5895333590906,136.9720896831529,74,56.078
59400,367.6478912128754,140.4645346616875,125.23499212547571,138.8560377790497,77,50.35
59500,317.843484653103,127.31652571036045,120.65943883610386,140.65319987850063,73,48.612
59600,368.46583671212,137.18029148551005,134.16821071898653,137.7069042186597,74,49.556
59700,391.88236104163065,143.04053344224724,132.87985293092527,146.3833787155798,77,48.509
59800,382.69244239393055,137.79737795608185,135.81801506993648,140.83089466440364,75,48.959
59900,405.1744271110064,149.84342958339283,143.03001295806928,151.72735028121818,80,53.021
60000,313.87890352619297,112.00851324816531,121.12786943349916,120.08160288345861,69,54.66
60100,416.82353870380985,145.16898042994538,150.2426905018939,154.52642685392007,81,51.601
60200,405.715414432558,145.6919711549462,142.65854808499856,147.25417694326907,77,52.525
60300,380.14453316719874,136.2634102499362,135.58240505426994,145.27447292400706,75,51.448
60400,361.58975296741033,135.10099971565324,138.25990654979225,150.64053364181854,78,55.156
60500,365.74572443472573,118.5411249224184,131.1098100983233,135.8249094819931,72,53.801
60600,334.16093500184456,117.94441030385637,130.3720414489975,134.61633441406858,72,55.401
60700,276.73873276083714,107.14349232060641,111.92807387924013,116.89121301774334,67,58.229
60800,269.8671693551819,104.99288665299947,115.45305845337525,116.16973905396057,66,56.809
60900,148.17871843832106,60.23773615469759,73.11113521245521,85.70380629493906,53,61.766
61000,262.2211629599089,95.7940322171134,93.01605496263828,107.02607117129114,62,54.907
61100,341.0451287574711,128.00919409025627,113.52674172517493,129.94037233113454,72,54.567
61200,255.08695036844918,108.21488009864015,101.49828402136822,111.62371364554225,65,56.191
61300,392.58771238442574,140.389115278223,146.87497741855287,146.46884083694866,78,50.559
61400,327.65016018240703,128.13129459314897,125.10628901977763,137.38859643194064,74,52.565
61500,397.89001175641374,144.97294858930064,143.23423800986984,146.27713402494234,78,51.802
61600,341.3677319143124,131.56552443676546,134.36553514193864,126.83738468410067,73,53.721
61700,341.4102293388753,133.16282477600137,126.99889889363763,138.09638000450005,73,51.457
61800,424.78406914244425,149.1603324329699,152.2290188949224,156.53422919630077,80,49.647
61900,351.16140098511505,124.69847576211475,124.16958576525795,125.59652493073042,70,54.723
62000,339.1819857226099,117.37485210025707,119.2036753382303,125.39070544437317,67,54.057
62100,414.4978935247515,146.24582400711313,140.46592517457327,150.3372355624047,80,52.97
62200,387.7078769871198,139.6892200363283,140.72541276357742,144.45305544375907,76,52.847
62300,245.00960584395017,98.38210915606483,98.99022357792514,99.94199450858403,58,56.357
62400,406.28842463184003,136.0569166971398,142.33234019733956,146.16231188333887,78,51.846
62500,405.9187820813225,152.22671130991478,151.88944573226618,151.03708651842854,80,50.279
62600,384.78420395743,136.9192358343629,138.94964942569106,140.68540966904473,74,51.757
62700,378.77200247170833,137.6904746261471,135.5939723277404,138.74523876636678,76,53.378
62800,288.78449290291724,119.07398938655477,109.69685604098977,119.45018053871486,67,54.857
62900,447.121563885766,154.48331020617923,158.72265284186122,161.6324567890145,83,51.168
63000,356.1113731107741,132.1327663671275,130.8960732302055,142.54162167549794,74,53.733
63100,431.2854202928031,148.85426114335607,153.28389515796337,157.11349532707925,81,51.638
63200,413.0995551852645,148.50356074564073,154.21227017831114,155.4264800416342,81,55.788
63300,354.8420473011871,129.39896079154073,137.32322180437194,145.99403683178846,74,53.789
63400,403.3290479992205,144.73291263571562,150.3459994287012,150.2826216049883,78,53.566
63500,355.57881726434323,128.38519256046843,131.30692084372728,136.1242907939596,73,54.511
63600,424.31736631205604,150.96463180656679,148.85838342356723,161.00989126421862,83,53.684
63700,437.6743597781143,156.9073084300376,159.3579924811254,160.2275505495851,81,50.384
63800,421.1227839591471,153.00245601595861,146.77228021439367,155.0987140640578,80,52.327
63900,388.00046771342005,138.7066343858811,145.72593431200622,145.7449397841877,79,52.133
64000,407.9474730785152,137.18306764996044,143.48252418208503,145.15227567211537,75,53.797
64100,387.73479801013445,141.8443172490994,142.4964023171612,153.96051232780613,79,52.196
64200,403.78066255143045,146.60693069871374,145.80112690879193,150.51838484412977,79,52.204
64300,403.14785739036574,140.8407389402243,152.36916765813328,151.72384745701012,79,52.894
64400,422.0234899405117,138.83292912177976,152.65031798833576,152.80783119167532,79,53.145
64500,419.828202340769,146.29515606895356,154.9519903741715,156.94542365496258,82,50.567
64600,334.70761637553767,123.97712190469765,129.0430946667389,134.75464227695005,73,55.01
64700,408.38591606798866,148.22035150542786,147.29677490280517,156.0713832236443,81,50.971
64800,414.5889052812328,146.54823480077147,152.64678292581632,155.8520309853263,81,52.241
64900,446.70897990635757,149.76709901208645,162.75451947795466,165.921199344907,85,52.574
65000,432.339454410223,144.7057181197173,158.64175857309516,160.30031223676713,81,51.992
65100,374.76199721628336,134.7098216570531,141.04629845918024,147.23313381891617,75,53.689
65200,489.85725581119806,163.97850042498953,168.3362764393184,170.77755654365203,87,51.19
65300,361.116007825077,137.47153350480102,142.16500489601216,141.9023632070491,75,52.985
65400,479.45987674850306,164.64989269256563,171.9209604833229,172.0704439192094,88,50.867
65500,418.3785473571458,147.0909361221127,154.50974381316937,154.9799905653853,80,51.536
65600,429.96990279988995,153.02290175300573,156.36706458797286,165.4548944708613,83,50.418
65700,385.84786365197164,137.1966818777903,141.22261235910338,145.62052470595464,75,48.196
65800,343.8104770855518,131.06228438490967,134.65158122288793,137.70106092422117,72,49.153
65900,387.12465574024196,151.44400390400324,159.52262002129916,147.87469584827818,81,49.155
66000,323.24054091340383,131.36942346543384,135.1277466267038,134.73604922872383,72,50.911
66100,291.4334480944588,130.9195271899205,140.8263359994579,131.70287882814347,73,49.171
66200,355.15851830243395,149.0223925218719,144.2305658969416,139.48676120474548,76,50.669
66300,434.5533356685127,150.10758556268144,163.97736802109657,168.22167048410196,85,50.046
66400,378.5863585519604,136.9930758603274,144.0202512845262,147.76638927021514,76,50.312
66500,414.21219798505444,151.38543727407924,156.26232695566898,155.3285538821662,82,51.252
66600,331.37061920616145,129.73089527867634,130.0144454498182,136.53503301325935,73,51.962
66700,370.97426925130844,138.20983590142316,147.17123903772895,142.83986509546773,76,53.645
66800,262.62530068465577,133.9176919539903,137.51514156995248,121.84697924027147,72,48.805
66900,323.3271690839351,124.70852752454552,129.17321784070558,133.10288114559685,72,48.386
67000,342.2681669895067,119.16524826588584,128.83898131869174,129.59015110329315,71,52.37
67100,377.852736063621,142.36888546457183,140.50458179461725,146.48890859284654,77,49.259
67200,412.49370824069393,138.64711504395285,151.00588200067844,154.27689731392095,80,51.456
67300,402.5189224483243,139.20473113099848,139.036975261839,146.99816087198167,78,52.532
67400,324.29205961928,108.95023644028423,120.35622206136156,128.94960507148016,69,53.343
67500,376.02752057040277,131.29232959711058,142.4249541382907,141.5074182930851,75,53.251
67600,387.70019888176813,146.75678512279453,141.81808394301817,149.04379982397205,79,50.668
67700,360.8973453070233,127.10433476869095,133.49299219341546,131.57280423191835,73,54.866
67800,383.23547341395766,133.12990308608624,137.8431640568532,141.83244571737998,75,51.757
67900,458.64177761238324,151.59987520605904,164.21063315521852,166.3809915139918,86,50.238
68000,297.2556310961821,104.4612589664493,115.2229705210962,116.17941394085173,64,53.978
68100,332.0313496545456,125.85109148305791,135.82448684779425,135.89515692452244,74,56.063
68200,408.04055675527104,136.70361383594397,152.70746401372378,153.93775725081335,80,52.586
68300,448.61369322790017,156.83549937355778,164.28045982382346,162.56109830229238,83,47.501
68400,392.1092531474223,129.66832872766358,142.0479200951101,143.09615563394098,75,50.491
68500,407.7120309984523,146.57289011973293,147.19761069637548,152.16998499131557,79,49.539
68600,333.7416830994266,113.24307614405812,133.18052540437742,135.848669919246,72,53.846
68700,356.3041639584692,127.35626993598792,137.56997628819576,139.41617159933818,73,50.957
68800,355.5309494748486,126.9636396428113,131.1251045597514,130.76653924823796,72,54.835
68900,406.8986808354801,146.46741188064522,152.02818544739898,153.41026540164285,78,50.432
69000,403.5947147579655,133.00472576398732,152.79618668993143,155.1695226796546,78,50.664
69100,440.32709621248193,163.00582515327045,163.08188672075212,160.38972569114634,83,49.465
69200,373.6592480549705,129.3919060407388,141.03970329301907,143.899596061093,75,50.579
69300,438.7624978360377,152.6033936600946,153.54947945723944,157.45692277204617,81,49.927
69400,500.33709582404515,175.24008194097777,175.34871133248643,174.73033907147902,89,46.652
69500,389.33411409529185,149.72262113594812,149.17579047495872,149.27189848267838,79,49.98
69600,392.82736507873176,138.60393635571268,142.4029191641421,147.62752597847415,77,54.604
69700,410.6036710793105,150.12014351762667,153.0714076140212,155.49417003611026,80,48.224
69800,437.34175442643345,147.97725628002644,159.19664522059463,158.8452106243609,82,49.117
69900,405.9191044275303,131.31327078285585,144.08622571006129,148.3422240024376,77,49.614
70000,412.53333518596287,142.6301874867271,151.81200619886016,148.6457897125867,78,50.196
70100,416.8198391044724,143.90214813890492,144.90879505122632,154.75152265496524,78,50.233
70200,383.78450531024964,141.77787907041818,151.0893659721396,152.55511806457747,77,48.785
70300,361.03603205992766,133.1060748356227,132.8772336617309,138.45075563942794,75,53.088
70400,447.0156982075059,151.9553082191287,158.901264083107,163.82917124711813,83,52.476
70500,404.0501894054571,146.45681652084662,145.38923786547167,144.84034485232746,78,51.385
70600,348.95509538792385,120.17508402788837,125.41230140358768,133.272784483536,72,53.193
70700,354.70184484481535,128.26367240845724,134.18920540258392,138.57152167589138,75,53.165
70800,381.5229137740382,135.17895606277025,137.72438772532558,146.11333628001864,76,54.439
70900,361.07383524463546,132.58789773774134,130.09652145913492,137.2731653496716,73,53.945
71000,448.2909459845967,163.5008639479552,161.16055875391055,164.2391878065486,85,51.596
71100,338.24506526813224,121.58970581661983,124.48868315916326,139.37103805871624,74,53.24
71200,343.04330043986573,127.2076566875125,126.17937861128678,135.90063135012468,73,54.914
71300,430.21390300191314,152.33645362904537,151.12279291388867,163.53545732811733,82,52.444
71400,431.54444482788415,150.06611586932337,152.55928446757338,158.63008336312927,82,53.035
71500,357.9374735492475,134.80097120294323,139.37481378580947,142.78405627770348,75,54.233
71600,346.0092159142015,124.98323885560127,133.58195311974544,135.8021206834068,72,53.599
71700,326.9714947589623,122.55081949205417,122.65928134642917,128.1659794741739,70,52.505
71800,322.3142986051706,122.01525941740614,113.23969977627492,124.1928968775267,68,55.665
71900,365.4112353958655,125.29924562027335,137.53662582038203,140.26851947246496,73,53.622
72000,323.51573340596195,115.95551608776495,120.72100255514493,130.43836180804863,68,55.175
72100,432.3095995623968,155.04954203987782,154.71448645506612,159.07653247902488,81,51.034
72200,346.6768859713117,130.77094876714074,127.19956901046172,131.55489685355838,73,54.604
72300,435.5876350965333,158.509054017731,147.0386195094215,161.7034048386177,82,52.842
72400,348.1421661281654,128.01717948663682,137.5817070931852,143.8477676942171,74,50.182
72500,338.1069315649768,132.81530595112383,120.80880727694912,130.8528158208746,72,49.078
72600,359.9250467604041,132.3066973297818,128.05915296164704,138.93424748655517,74,50.895
72700,310.60569572486037,118.29671303343048,115.26857795599336,119.72975208601721,70,55.131
72800,395.09820389435953,131.8969285521596,137.08838708000818,141.3980234934008,73,50.138
72900,316.0759647792562,119.45173179913583,122.38586051351798,128.46357978844037,68,53.063
73000,356.4738846660477,129.72351350794997,127.0567271052016,141.1317336733974,74,55.09
73100,367.9106540737194,131.00798318142068,133.2941699784336,140.61381257311325,72,50.409
73200,336.2794279490708,128.8134997704482,128.10973580385132,133.45111202314013,73,55.182
73300,273.50911315648517,110.92937817959024,105.40914405146404,120.40999956259895,64,53.345
73400,300.5674218088615,109.90684337270191,116.64667123358159,126.31856166803813,68,53.909
73500,286.30187998735005,114.60350025948395,118.23450926082874,129.60086069660898,68,52.445
73600,318.3200042736304,125.69315284398316,128.5426173252042,141.98404382851697,72,52.814
73700,282.82100106498103,115.82616755734709,117.31233362439504,126.21961722893462,68,54.561
73800,209.8212618633839,99.01962710989612,97.24463861345579,111.34927904796471,62,55.581
73900,292.17429118470363,114.92338071159884,119.97622444797872,127.44908283383529,69,52.986
74000,351.7394954485963,137.83119917659027,139.07164355522997,141.99148534100846,74,52.414
74100,462.33337106478496,163.1879683670278,159.1009854922358,168.14065085302371,83,48.525
74200,349.5572216560363,125.55678240955305,131.6313344914448,128.32106430101135,73,54.949
74300,406.1485031337897,152.2509145911764,146.69908598424703,156.47452816424405,80,52.653
74400,389.1530091462345,138.58844860529874,138.2423548173564,149.01364888072143,77,53.899
74500,378.97750716088734,144.1459382997847,148.73173078217113,152.80137167648817,78,50.243
74600,361.28532541037316,127.33665246377313,133.61809362495586,132.37269795310232,73,51.837
74700,461.22776950213796,157.17329013264327,164.57443388403627,170.6102098452998,86,51.185
74800,417.55221543764986,149.98505982394158,157.0005307453395,156.76350486007445,81,52.334
74900,413.9173278357773,145.23697011120714,139.29381000359024,145.71693637824941,79,53.819
75000,366.9813444891117,133.01381027178908,132.61404193642747,144.2107913832119,77,53.234
75100,339.1166559585338,123.17342734739225,128.90206159306575,131.62330540849425,72,55.089
75200,284.7120340159115,105.64208316241373,110.68969844591696,114.21250969354118,64,58.163
75300,302.1375475279731,111.39820030526576,117.81021543205928,119.2878077241985,68,56.206
75400,318.97127835278303,103.31648967705894,114.57301359728382,121.73329756622408,67,57.174
75500,274.22342844791905,105.65876420096927,100.98865660936917,112.68179861100838,65,56.894
75600,269.3325994638633,106.69122400837142,107.76113229340444,117.43285268918854,65,57.888
75700,233.09233162452142,85.17734901705508,99.47757902027938,105.39636038677514,62,57.651
75800,250.48614681546616,96.98409598108596,91.15127143510867,104.5998051487049,59,59.663
75900,324.66705158075064,126.39262907823941,124.25964055391549,132.3167464848771,70,53.15
76000,319.84795784011595,127.9161205512766,121.38125426173681,134.35531616503187,71,54.789
76100,351.48772312594747,134.10703607263846,117.18158185028585,144.03825958465472,76,55.575
76200,360.5536089354514,129.48124745918457,122.07061091964168,139.49818229563274,74,55.372
76300,396.53501014773263,146.6039393863545,135.50824305807677,147.0610813445149,79,55.712
76400,356.9587472610021,124.94069599467143,134.19115934521324,137.85397485042253,73,53.089
76500,372.9373720938558,136.5392290383718,127.18870939706481,142.58942038259167,75,53.858
76600,333.9684575645135,120.61318822666829,116.7923819170741,128.7432422045973,70,56.737
76700,382.92043479088795,138.02622528847922,140.6935237082487,147.95567121519372,77,54.028
76800,379.56647744784686,141.02420184472754,140.69169506922879,150.9356316803444,78,54.012
76900,337.95190105360916,133.10494492613387,126.93871488665742,130.04047150477464,73,55.012
77000,418.60024069298584,149.5229932297512,141.00717442714986,152.99462158702522,81,52.497
77100,307.24773065426757,112.88195448931882,116.52878351570291,126.50640548586546,69,54.105
77200,306.3398280345166,122.091148314212,131.07716849988984,124.80974490302502,72,52.82
77300,410.1285934765819,151.21486405521898,144.90070851345214,150.96797477757198,80,54.148
77400,379.03573323524733,140.54744492959972,135.9955594097284,142.06343618307523,75,54.104
77500,367.2002823139561,138.98923840699794,142.43550451575567,148.10380998629807,78,52.521
77600,297.2082061308101,117.81992402651237,106.86866026162438,119.89301316412767,67,54.994
77700,370.76518415834215,136.3324276069961,132.06782097600424,141.48735815735608,76,52.984
77800,398.038907947831,147.74244266745254,145.75777018751083,156.99663414583705,82,54.378
77900,354.9283814364373,140.49962268810862,137.9028190118795,137.55314509240648,75,53.821
78000,342.2212367192933,130.2587574582734,136.1842957707313,134.13954451732198,73,49.765
78100,376.6163832190599,129.28967130791304,132.44388598302652,142.21621801068014,74,49.819
78200,354.8471142305321,122.69039746945133,137.50320562438293,141.79654333648256,76,52.604
78300,333.58406677978695,121.35129705865742,125.68537326818232,136.14161834285144,73,54.697
78400,373.09230304759376,128.2979379773334,128.61230618941343,141.97141472086193,76,54.758
78500,386.0800180247243,131.68443327520504,144.1006340913114,142.08884801142452,75,49.339
78600,366.489087328174,132.32390216989222,134.17117461341894,139.26491546140267,73,51.805
78700,327.758551998564,129.5750305771371,129.17868261011716,137.40184660815376,73,52.826
78800,402.50368605246877,141.59104974138634,135.45054549917498,147.64184476732896,76,52.384
78900,357.3193375954636,133.77224287003807,132.10256863275444,140.66143214672084,73,51.038
79000,419.53009378588007,144.72842653567173,141.51282134597156,153.13580526452387,79,48.696
79100,323.09862742533534,120.67278522003707,125.40803455071195,131.56945829717873,71,52.946
79200,418.1936273543704,144.43960358911855,154.44105094196777,150.8861273730388,78,48.217
79300,348.251252231413,127.79234696365484,137.50659089301462,138.90530186696444,74,52.01
79400,409.6708258149467,142.83590007779983,141.66067359450653,146.65675340285745,76,48.43
79500,320.97620775795883,123.81451759438997,132.4953039269076,130.28473903322956,71,52.032
79600,331.0929456940464,139.17941056585295,136.0951177692555,144.96295411358975,76,50.753
79700,439.85760673592506,158.6380192593073,155.8515273174114,157.8509846324819,80,46.974
79800,359.51858836139684,129.44709643338194,135.64392226087568,135.35512566126127,75,55.342
79900,427.26446912517497,149.29783702808973,157.52331357140673,152.04702693517348,81,53.109
80000,361.03975211055615,135.29750001572296,130.58770974398115,134.77291720334944,73,51.902
80100,413.50818098028003,148.98004510423632,153.4761071221716,158.24745999101452,81,49.435
80200,391.6392724965226,130.7521075398874,142.60047412693143,147.31715797770318,77,52.767
80300,336.05884076739864,129.30474312243499,129.71338263369913,135.9450664069074,72,50.112
80400,390.94916520335937,144.95048756412848,152.79996940686,139.72997063632,79,50.983
80500,418.32456818024633,154.67458388324795,157.8431098033278,160.232276974917,83,49.356
80600,423.0457804137576,153.5518391026173,150.12731830105974,161.51888701902715,82,49.516
80700,450.24241627844674,156.12368522324573,159.49259618249323,163.43823939798222,84,51.317
80800,450.72232932866115,156.89217875634844,159.78860382730463,160.12837984423317,82,48.012
80900,345.56810965463796,129.19470081010036,131.13466457204106,132.8059424001611,73,51.971
81000,426.45189690002866,152.85934795525213,155.07066247090472,157.27616149381868,82,47.265
81100,428.47647469045666,149.0215494340552,150.92821009138595,151.08743928018757,80,52.997
81200,453.5273620734536,163.71185854892167,164.61085454877838,164.91807277459003,84,49.821
81300,427.115506469145,148.84081103598345,153.5454815979947,155.1052396542538,80,48.285
81400,410.5204989522686,147.49566743583952,144.95401857142494,152.07953010965727,78,52.577
81500,409.8170711810716,153.0548254894872,145.36249935229705,153.01525078403776,80,53.407
81600,355.28494495866573,132.745290589235,131.3233804334139,132.49317844697183,74,50.992
81700,373.6789302270613,135.24265791050996,144.59047100544515,140.45355716672282,75,50.43
81800,370.49589880039485,137.25090975709543,144.9263706983727,131.30969759488414,76,53.459
81900,420.12060533147604,140.51814841862782,149.0193520708541,155.03906173096453,81,49.032
82000,373.68919086941094,130.5273604783847,145.09719403858568,148.06439110392884,75,51.401
82100,447.92996917610037,156.1028431794749,163.88533788838456,162.11996952234583,83,51.436
82200,453.54139105052747,164.10732388585137,165.54416629702007,168.37358655158457,86,50.46
82300,415.6609193480036,149.22454913367247,155.68518372257273,158.10121823145252,81,50.88
82400,409.7779207379086,144.1084347423704,149.30558240610367,154.52545335037627,80,50.86
82500,416.52635199242593,144.0446421079836,147.75072313208872,151.45874178018565,79,51.796
82600,461.0828974840264,156.91082151617564,159.61918749216468,163.12556279047192,82,50.015
82700,355.555130941984,136.02172783311997,133.92646525360018,143.6853372448012,75,52.779
82800,374.84059825604504,133.6874234781396,134.11195147799037,147.91968452723427,77,51.024
82900,404.623694430268,145.91471683590677,137.07614601537082,156.16034011528689,80,53.715
83000,378.1303026902009,132.71179763522042,134.2177763392053,141.63070475306296,74,51.548
83100,324.03665820776473,114.99389563057983,131.60104588709257,131.95191591760727,70,53.603
83200,391.9275209193599,138.26786935112926,147.28203228653373,142.0981581146724,77,53.016
83300,373.4007588768548,141.65191396608097,149.5530946305229,147.0409139758429,79,51.981
83400,341.16232889605743,131.7827139067327,140.43732113553344,143.43042783677203,76,50.925
83500,446.4125261993995,159.32642721223112,162.71261343204296,161.7449031091775,82,48.272
83600,397.92732818793013,140.66575668508574,146.0744013654977,145.40511727179017,76,52.912
83700,439.082705777616,152.46090583442094,162.45415253015244,159.13658345059608,82,52.281
83800,416.247338013364,147.29609013232596,149.53217213864897,156.50268813662308,78,48.554
83900,437.59163236007123,150.94002291588805,156.30045065821668,158.51750156654927,81,49.375
84000,368.0672460946625,138.6749054780188,139.30403898063136,146.74344162210522,75,48.751
84100,413.4855737733209,146.96633690441755,160.59806203210874,158.11877462748697,80,48.682
84200,257.0685725371906,128.58087728231942,129.45800592451204,128.2685345590455,69,49.947
84300,368.5342174325417,134.48429188451937,152.59436054926164,152.2994137132038,78,50.728
84400,415.7105771404281,144.51988639126807,156.80350525848746,155.9915571551361,81,53.781
84500,420.5288083711082,146.14451393414282,162.79364041374438,162.78476831228312,84,52.937
84600,428.19350881081004,143.73045644207372,159.3222894496274,156.51839439473918,82,52.667
84700,394.0300469916046,139.00466625583314,143.11141004789857,151.3917336811093,79,50.72
84800,384.3760137385328,134.1466165980477,142.57087478406248,147.331684074287,78,51.927
84900,444.61792762082894,158.40958892317553,157.6707628875829,162.17076053666918,84,51.863
